patient_id,age,sex,height_cm,weight_kg,bmi,smoking_status,physical_activity,family_history_cad,systolic_bp,diastolic_bp,heart_rate,fasting_glucose,hba1c,total_cholesterol,hdl_cholesterol,ldl_cholesterol,triglycerides,hemoglobin,chest_pain,shortness_of_breath,fatigue,dizziness,palpitations,risk_score_continuous,risk_category,risk_label
PAT-3897,77,male,174.8,87.4,28.6,never,moderate,1,146,87,68,98.6,5.1,219.0,29.0,154.0,158.0,13.9,0,0,1,0,0,5.757,2,High Risk
PAT-2823,44,female,154.3,57.4,24.1,never,moderate,0,98,75,69,76.2,4.6,192.0,49.0,118.0,99.0,13.5,0,0,0,0,0,-1.726,0,Low Risk
PAT-2260,61,male,178.2,72.4,22.8,former,low,0,126,79,98,102.1,4.9,189.0,43.0,118.0,103.0,15.1,0,0,0,0,1,1.766,1,Moderate Risk
PAT-2035,75,female,164.4,79.2,29.3,never,moderate,0,131,81,66,93.7,4.7,214.0,49.0,130.0,164.0,11.2,0,0,0,0,0,0.778,0,Low Risk
PAT-1033,38,female,166.4,75.0,27.1,former,moderate,0,111,82,69,70.3,4.5,173.0,47.0,103.0,97.0,12.8,0,0,0,0,0,-1.611,0,Low Risk
PAT-1553,57,male,179.5,117.0,36.3,never,high,0,126,87,80,102.9,4.7,213.0,38.0,154.0,131.0,14.6,0,0,0,0,0,0.572,0,Low Risk
PAT-3224,44,female,156.0,68.1,28.0,former,moderate,0,141,75,74,119.6,5.5,218.0,47.0,149.0,91.0,14.6,0,0,0,0,0,1.245,1,Moderate Risk
PAT-3222,63,male,186.5,62.3,17.9,never,moderate,0,123,78,70,78.2,4.2,168.0,50.0,97.0,76.0,13.6,0,0,0,0,0,-1.572,0,Low Risk
PAT-1745,43,male,167.1,83.8,30.0,never,low,0,104,63,67,124.1,5.5,150.0,48.0,60.0,161.0,15.6,0,0,0,0,0,0.606,0,Low Risk
PAT-3374,69,male,168.6,60.8,21.4,former,low,1,112,66,65,79.9,4.6,253.0,56.0,168.0,115.0,17.1,0,0,0,0,0,1.722,1,Moderate Risk
PAT-3261,59,female,168.6,111.4,39.2,former,moderate,1,147,89,92,120.8,5.5,206.0,48.0,140.0,143.0,13.1,0,0,0,0,0,4.687,2,High Risk
PAT-3998,58,male,183.8,102.4,30.3,current,high,0,131,88,58,108.1,4.8,188.0,53.0,103.0,117.0,16.8,0,0,1,0,0,2.227,1,Moderate Risk
PAT-3345,68,male,177.1,54.9,17.5,never,moderate,1,92,57,76,99.0,4.9,179.0,49.0,98.0,95.0,15.8,0,0,0,0,0,-0.4,0,Low Risk
PAT-1258,59,female,169.6,72.8,25.3,never,low,0,127,77,83,103.4,5.1,188.0,40.0,135.0,134.0,12.8,0,0,1,0,0,4.648,2,High Risk
PAT-3393,44,male,178.9,57.6,18.0,current,moderate,0,110,69,62,65.0,4.1,171.0,29.0,118.0,121.0,15.1,0,0,0,0,0,-1.107,0,Low Risk
PAT-1042,51,male,172.4,88.3,29.7,never,high,0,119,87,57,116.8,4.7,165.0,54.0,88.0,123.0,13.8,0,0,0,0,0,1.217,1,Moderate Risk
PAT-4157,55,male,173.9,106.1,35.1,never,low,0,119,75,85,126.6,5.2,232.0,49.0,151.0,173.0,16.5,0,0,0,0,0,1.522,1,Moderate Risk
PAT-3928,75,female,163.4,74.0,27.7,never,low,0,140,83,67,115.1,5.3,186.0,52.0,113.0,102.0,13.9,0,0,0,0,0,2.716,1,Moderate Risk
PAT-2527,75,female,159.5,54.4,21.4,never,low,0,131,83,97,84.1,4.5,133.0,49.0,68.0,93.0,13.4,0,0,1,0,0,1.249,1,Moderate Risk
PAT-2119,68,female,160.0,69.1,27.0,never,high,0,126,74,65,104.6,4.9,244.0,75.0,141.0,115.0,11.8,0,0,0,0,0,-0.395,0,Low Risk
PAT-2309,60,female,168.5,49.7,17.5,never,moderate,0,90,70,59,127.0,5.3,214.0,57.0,142.0,83.0,14.1,0,0,0,0,0,0.176,0,Low Risk
PAT-3692,52,female,155.3,77.4,32.1,never,high,0,128,74,58,106.8,5.4,235.0,49.0,163.0,129.0,13.5,0,0,0,0,0,0.938,0,Low Risk
PAT-1646,22,female,166.4,91.7,33.1,never,low,1,117,79,79,92.0,4.7,188.0,39.0,140.0,70.0,13.6,1,1,1,0,0,4.33,2,High Risk
PAT-1562,65,male,167.5,80.5,28.7,former,low,1,119,74,88,98.9,5.0,216.0,48.0,148.0,100.0,13.4,0,0,0,0,0,2.893,1,Moderate Risk
PAT-3937,50,male,175.0,80.8,26.4,never,moderate,0,124,83,79,82.9,5.0,185.0,39.0,121.0,127.0,15.2,0,0,0,0,0,0.548,0,Low Risk
PAT-4094,41,female,159.3,57.1,22.5,current,low,1,118,69,84,99.8,5.2,190.0,46.0,117.0,159.0,13.0,1,0,0,0,0,4.746,2,High Risk
PAT-2992,70,male,170.9,51.1,17.5,never,moderate,1,138,68,61,69.7,4.4,177.0,55.0,108.0,91.0,14.8,0,0,1,0,0,-0.907,0,Low Risk
PAT-2397,39,female,167.9,79.8,28.3,never,low,1,120,76,62,121.8,6.0,156.0,51.0,81.0,141.0,11.5,0,0,0,0,0,1.623,1,Moderate Risk
PAT-3417,58,male,188.8,131.2,36.8,never,moderate,1,119,83,82,127.1,5.7,256.0,53.0,175.0,155.0,17.5,0,0,0,0,0,3.297,1,Moderate Risk
PAT-1127,45,female,152.0,52.9,22.9,never,moderate,1,111,85,79,81.1,4.3,175.0,49.0,122.0,45.0,13.6,0,0,0,0,0,-1.114,0,Low Risk
PAT-1410,63,male,184.2,107.2,31.6,current,moderate,0,138,85,81,103.3,5.3,203.0,36.0,141.0,100.0,15.1,0,0,0,0,0,4.078,2,High Risk
PAT-4016,32,male,178.0,95.7,30.2,never,low,0,112,82,80,116.3,5.8,157.0,51.0,78.0,144.0,13.3,0,0,0,0,0,0.08,0,Low Risk
PAT-3629,46,female,170.8,91.9,31.5,never,moderate,1,110,84,67,84.9,4.7,214.0,59.0,140.0,55.0,14.2,1,0,0,0,0,2.042,1,Moderate Risk
PAT-3817,58,male,185.7,158.6,46.0,never,moderate,0,153,89,82,149.3,5.7,225.0,33.0,147.0,233.0,15.6,0,0,0,0,0,7.259,2,High Risk
PAT-2472,51,female,173.9,57.2,18.9,current,low,1,101,58,93,122.2,5.1,208.0,48.0,133.0,94.0,13.9,0,0,0,0,0,3.257,1,Moderate Risk
PAT-1358,58,male,188.0,116.3,32.9,never,moderate,0,124,88,67,91.6,4.3,203.0,48.0,125.0,146.0,16.9,0,0,0,1,0,0.66,0,Low Risk
PAT-1863,78,male,163.4,87.6,32.8,current,low,0,136,89,69,125.6,5.6,200.0,34.0,136.0,166.0,16.2,0,0,0,0,0,4.671,2,High Risk
PAT-1527,54,male,182.5,103.2,31.0,never,moderate,0,115,69,68,107.2,5.1,163.0,39.0,113.0,112.0,15.6,0,0,0,0,0,0.379,0,Low Risk
PAT-3671,61,male,178.6,114.5,35.9,never,high,1,133,93,61,103.9,4.9,202.0,45.0,128.0,92.0,15.0,0,0,0,0,0,5.246,2,High Risk
PAT-2775,35,male,170.6,50.9,17.5,never,high,0,90,58,80,138.7,5.7,122.0,41.0,75.0,66.0,14.9,0,0,1,0,0,-0.193,0,Low Risk
PAT-4114,58,female,165.6,96.5,35.2,never,moderate,0,139,95,79,87.8,4.4,183.0,29.0,126.0,157.0,15.2,0,0,0,0,0,2.104,1,Moderate Risk
PAT-3557,53,female,162.0,85.8,32.7,former,high,0,121,68,58,92.9,5.0,165.0,41.0,103.0,123.0,14.7,0,0,0,0,0,-0.185,0,Low Risk
PAT-2372,34,female,159.5,113.7,44.7,current,moderate,0,132,84,81,117.1,5.2,182.0,42.0,115.0,143.0,11.9,0,0,1,0,0,4.807,2,High Risk
PAT-1499,34,female,157.6,61.1,24.6,former,high,1,124,79,85,75.5,4.9,234.0,63.0,126.0,201.0,14.0,1,0,0,0,0,3.274,1,Moderate Risk
PAT-1609,74,female,158.1,75.0,30.0,former,moderate,1,141,92,65,109.0,5.1,197.0,29.0,152.0,55.0,12.1,0,0,0,0,1,4.36,2,High Risk
PAT-4090,28,female,166.7,68.4,24.6,current,moderate,0,103,81,76,78.0,4.4,154.0,39.0,94.0,56.0,13.3,0,1,1,0,0,0.445,0,Low Risk
PAT-4158,72,male,179.2,123.0,38.3,former,low,0,138,85,94,118.3,4.5,212.0,45.0,142.0,170.0,15.9,0,0,0,0,0,4.554,2,High Risk
PAT-2200,55,male,168.4,66.9,23.6,never,low,1,99,69,68,94.6,4.6,170.0,42.0,85.0,147.0,16.6,0,0,0,0,0,1.765,1,Moderate Risk
PAT-3614,61,female,155.7,42.4,17.5,never,moderate,0,100,64,75,94.4,5.1,169.0,51.0,104.0,76.0,14.2,0,0,1,1,0,-0.279,0,Low Risk
PAT-3243,31,male,173.3,114.4,38.1,former,moderate,0,106,73,65,98.6,5.1,168.0,36.0,109.0,118.0,16.1,0,0,0,0,0,1.575,1,Moderate Risk
PAT-1716,55,female,161.2,98.7,38.0,former,moderate,0,127,79,80,116.0,5.1,235.0,36.0,155.0,178.0,13.7,1,0,0,0,0,6.274,2,High Risk
PAT-1085,46,male,174.3,55.0,18.1,never,moderate,1,107,76,69,77.7,4.5,197.0,64.0,107.0,106.0,14.0,0,0,0,1,0,-0.735,0,Low Risk
PAT-3355,57,female,160.0,96.0,37.5,never,high,0,113,75,70,112.3,5.4,205.0,55.0,126.0,153.0,13.9,0,1,0,0,0,2.398,1,Moderate Risk
PAT-2889,53,male,170.9,80.9,27.7,never,low,0,113,70,83,108.1,5.3,156.0,49.0,87.0,125.0,16.7,0,0,0,0,0,0.494,0,Low Risk
PAT-3837,76,male,176.1,88.1,28.4,never,low,0,126,72,75,96.9,4.5,159.0,37.0,105.0,76.0,16.4,1,0,0,0,0,4.087,2,High Risk
PAT-1978,31,female,162.2,73.9,28.1,never,high,0,128,75,91,92.3,4.5,174.0,55.0,103.0,95.0,14.3,0,0,0,0,0,-0.457,0,Low Risk
PAT-1395,46,female,157.3,51.0,20.6,never,high,0,116,79,85,100.2,4.7,168.0,45.0,106.0,91.0,13.9,0,0,0,0,0,-0.927,0,Low Risk
PAT-2712,23,female,168.6,103.5,36.4,current,low,0,117,76,90,96.6,4.3,216.0,41.0,145.0,151.0,12.7,0,1,0,0,0,3.647,1,Moderate Risk
PAT-2441,69,female,151.1,71.2,31.2,never,low,0,129,96,87,92.1,4.7,222.0,42.0,150.0,160.0,12.8,0,0,0,0,0,3.165,1,Moderate Risk
PAT-4070,35,female,163.5,82.1,30.7,never,moderate,0,120,80,71,79.9,4.1,202.0,35.0,147.0,114.0,13.7,0,0,0,0,0,-1.154,0,Low Risk
PAT-3876,40,male,189.6,94.9,26.4,current,high,0,111,80,73,113.6,5.5,223.0,47.0,146.0,177.0,14.1,0,0,0,0,0,2.465,1,Moderate Risk
PAT-3591,47,female,160.9,60.6,23.4,never,high,0,108,71,75,71.0,4.2,207.0,50.0,119.0,140.0,14.6,0,0,0,0,0,-0.563,0,Low Risk
PAT-3969,57,female,167.6,49.2,17.5,never,high,0,101,61,64,95.4,5.3,139.0,60.0,60.0,85.0,13.7,0,0,0,0,0,-0.982,0,Low Risk
PAT-1478,85,female,164.0,76.4,28.4,never,moderate,0,116,70,66,113.3,5.4,187.0,58.0,109.0,123.0,13.3,0,0,0,0,0,1.739,1,Moderate Risk
PAT-1444,35,female,171.5,67.6,23.0,never,moderate,0,94,70,78,113.8,4.9,179.0,47.0,114.0,114.0,14.5,0,0,1,0,0,1.427,1,Moderate Risk
PAT-3512,61,male,174.3,130.9,43.1,current,moderate,0,151,93,69,86.4,4.6,180.0,27.0,119.0,176.0,15.8,0,1,0,0,0,5.052,2,High Risk
PAT-1409,60,female,165.2,63.0,23.1,never,low,0,126,86,84,97.3,4.7,154.0,56.0,68.0,171.0,13.1,0,0,1,0,0,2.233,1,Moderate Risk
PAT-2201,47,female,165.6,57.9,21.1,former,high,0,105,72,63,95.0,4.5,172.0,66.0,89.0,75.0,13.9,0,0,1,0,0,-2.127,0,Low Risk
PAT-3535,49,male,168.6,60.3,21.2,never,low,1,115,82,85,109.6,4.5,229.0,46.0,160.0,104.0,13.8,0,0,0,0,0,4.052,2,High Risk
PAT-4027,59,female,165.8,94.0,34.2,never,low,0,120,79,72,117.2,5.4,267.0,55.0,173.0,169.0,14.8,1,0,0,0,1,4.81,2,High Risk
PAT-1226,54,male,176.0,101.3,32.7,never,moderate,1,124,65,64,118.7,5.4,236.0,40.0,162.0,137.0,15.3,0,0,0,0,0,2.595,1,Moderate Risk
PAT-2398,70,female,159.1,59.2,23.4,never,moderate,0,128,73,67,124.5,5.4,183.0,59.0,94.0,141.0,12.7,0,0,0,0,0,0.604,0,Low Risk
PAT-2105,38,male,188.8,87.3,24.5,never,low,0,119,75,76,109.8,5.2,161.0,57.0,90.0,103.0,15.4,0,0,0,0,0,0.881,0,Low Risk
PAT-3488,53,male,173.2,91.5,30.5,former,high,1,123,78,80,112.3,5.0,222.0,55.0,143.0,123.0,14.9,0,0,1,0,0,1.436,1,Moderate Risk
PAT-1672,48,male,181.9,84.0,25.4,never,moderate,0,113,80,76,98.3,5.1,191.0,48.0,134.0,89.0,13.6,0,0,0,0,0,-0.445,0,Low Risk
PAT-1259,64,female,160.7,100.5,38.9,never,moderate,0,145,75,90,129.1,5.2,236.0,34.0,153.0,193.0,14.8,0,0,1,0,0,3.939,2,High Risk
PAT-3894,60,female,158.1,99.2,39.7,current,moderate,0,120,87,69,109.3,5.5,195.0,36.0,129.0,168.0,13.4,0,1,0,0,1,4.79,2,High Risk
PAT-1837,39,female,165.0,70.0,25.7,never,low,1,106,59,73,117.6,5.6,189.0,48.0,118.0,129.0,14.2,1,0,0,0,0,2.694,1,Moderate Risk
PAT-1440,58,male,174.9,84.1,27.5,former,moderate,0,108,83,72,116.5,5.2,196.0,39.0,123.0,176.0,15.9,0,0,0,0,0,1.495,1,Moderate Risk
PAT-1867,58,male,165.2,99.6,36.5,former,low,0,119,72,67,127.7,5.5,243.0,40.0,186.0,151.0,15.1,1,0,0,0,0,6.985,2,High Risk
PAT-3644,38,female,164.0,97.6,36.3,never,moderate,0,126,84,70,91.8,5.1,216.0,40.0,153.0,83.0,12.2,0,0,1,0,0,1.844,1,Moderate Risk
PAT-3669,62,male,165.8,87.7,31.9,former,high,0,121,63,80,126.9,5.4,199.0,49.0,122.0,163.0,15.6,1,0,1,0,0,5.138,2,High Risk
PAT-3353,34,female,170.4,74.9,25.8,former,moderate,0,101,78,81,90.8,4.4,153.0,56.0,86.0,105.0,14.2,1,0,0,0,0,0.651,0,Low Risk
PAT-3650,40,female,164.1,56.3,20.9,former,low,0,106,83,78,99.5,5.2,148.0,32.0,93.0,152.0,14.1,0,0,0,0,0,0.964,0,Low Risk
PAT-1630,29,male,173.0,93.4,31.2,never,moderate,0,96,71,67,115.4,4.9,197.0,55.0,128.0,53.0,13.2,0,0,0,0,0,0.069,0,Low Risk
PAT-1824,47,male,178.0,145.7,46.0,never,high,0,140,90,63,127.4,5.5,209.0,39.0,140.0,166.0,15.8,0,1,0,0,0,5.613,2,High Risk
PAT-1503,61,female,161.5,82.7,31.7,never,low,0,125,85,77,122.3,5.3,258.0,50.0,168.0,164.0,13.1,0,0,1,0,0,4.223,2,High Risk
PAT-1657,53,male,184.9,156.9,45.9,never,moderate,0,124,85,71,94.8,4.5,187.0,28.0,136.0,152.0,15.2,0,1,0,0,0,4.135,2,High Risk
PAT-1844,55,male,173.9,57.2,18.9,never,moderate,0,115,74,61,111.3,5.2,166.0,51.0,81.0,114.0,14.7,0,0,0,0,0,-0.629,0,Low Risk
PAT-1793,35,male,186.0,72.3,20.9,never,moderate,1,117,77,70,103.2,5.0,243.0,49.0,166.0,141.0,15.6,0,0,0,0,0,1.816,1,Moderate Risk
PAT-3951,64,male,171.2,84.7,28.9,former,low,0,121,74,85,111.0,4.7,175.0,24.0,130.0,89.0,16.2,0,0,0,0,0,3.924,2,High Risk
PAT-2443,35,male,173.2,90.0,30.0,never,moderate,0,105,69,70,88.6,4.5,167.0,53.0,98.0,84.0,13.7,0,0,1,0,0,-1.422,0,Low Risk
PAT-2817,43,male,172.9,78.9,26.4,never,low,0,120,86,80,110.6,5.2,163.0,43.0,103.0,92.0,13.9,0,0,0,0,0,3.378,1,Moderate Risk
PAT-2314,53,female,168.7,80.3,28.2,current,low,0,109,68,80,110.5,5.3,205.0,42.0,137.0,158.0,14.3,0,0,0,0,0,2.546,1,Moderate Risk
PAT-2118,56,male,178.7,102.5,32.1,former,low,1,130,80,72,74.2,4.1,171.0,38.0,101.0,103.0,14.0,0,0,0,0,0,0.733,0,Low Risk
PAT-1261,52,female,159.8,71.2,27.9,never,moderate,1,112,76,72,100.5,4.6,204.0,49.0,125.0,120.0,13.3,0,0,0,0,0,2.579,1,Moderate Risk
PAT-2912,62,male,164.8,48.1,17.7,never,low,1,119,68,69,93.3,4.5,233.0,44.0,174.0,45.0,14.3,0,0,0,0,0,3.009,1,Moderate Risk
PAT-3263,38,male,164.0,55.1,20.5,current,moderate,1,114,69,78,112.5,5.3,204.0,45.0,136.0,107.0,14.5,1,0,1,0,0,5.281,2,High Risk
PAT-2407,74,male,175.7,88.3,28.6,never,moderate,1,130,82,72,96.4,4.6,215.0,32.0,164.0,77.0,14.4,0,0,0,0,0,3.068,1,Moderate Risk
PAT-1106,79,female,156.8,61.0,24.8,never,high,1,124,68,50,116.8,5.3,193.0,57.0,114.0,109.0,13.4,0,0,1,0,0,3.271,1,Moderate Risk
PAT-3578,57,female,170.6,95.2,32.7,never,moderate,0,143,87,81,213.4,8.1,260.0,57.0,173.0,189.0,12.1,0,0,0,0,0,7.76,2,High Risk
PAT-1872,34,female,153.6,47.9,20.3,never,moderate,0,90,63,68,82.8,4.8,162.0,41.0,111.0,55.0,11.8,0,0,1,0,0,-1.847,0,Low Risk
PAT-2352,61,female,162.1,64.4,24.5,never,moderate,0,126,81,72,69.8,4.4,170.0,53.0,85.0,133.0,12.1,0,0,0,0,0,-0.56,0,Low Risk
PAT-3662,61,female,170.3,54.2,18.7,never,high,0,129,74,62,66.8,4.1,229.0,67.0,144.0,49.0,13.7,0,0,0,0,0,-1.544,0,Low Risk
PAT-3496,49,female,165.4,125.8,46.0,former,high,0,121,91,65,117.9,5.4,232.0,56.0,137.0,187.0,12.9,0,0,0,0,1,2.829,1,Moderate Risk
PAT-2363,39,male,174.9,66.1,21.6,never,moderate,0,92,57,72,135.2,4.9,165.0,37.0,122.0,45.0,14.7,0,0,1,0,0,0.119,0,Low Risk
PAT-2276,85,male,182.6,126.0,37.8,current,moderate,0,131,80,62,132.0,5.3,204.0,44.0,135.0,161.0,16.3,0,0,1,0,1,6.326,2,High Risk
PAT-3452,52,male,170.7,81.3,27.9,never,moderate,0,120,70,79,109.8,5.3,158.0,50.0,92.0,83.0,15.4,0,0,0,0,0,0.406,0,Low Risk
PAT-2240,48,male,176.7,120.2,38.5,never,low,0,111,77,78,95.0,4.9,149.0,46.0,85.0,139.0,17.0,0,0,0,0,0,0.861,0,Low Risk
PAT-3128,63,male,187.2,116.7,33.3,never,high,0,134,86,69,192.3,7.1,178.0,47.0,96.0,194.0,16.6,0,0,0,0,0,5.986,2,High Risk
PAT-1296,66,female,170.3,101.8,35.1,never,moderate,1,127,80,63,121.1,5.6,262.0,51.0,185.0,92.0,13.8,0,0,0,0,0,3.048,1,Moderate Risk
PAT-3972,34,female,161.9,83.6,31.9,never,moderate,0,111,72,71,97.8,5.3,207.0,44.0,141.0,119.0,14.3,0,0,0,0,0,-0.53,0,Low Risk
PAT-3620,63,male,169.2,93.3,32.6,former,moderate,0,137,89,81,104.0,4.9,166.0,35.0,98.0,134.0,16.6,0,0,0,0,1,1.879,1,Moderate Risk
PAT-4018,47,male,165.0,58.0,21.3,former,moderate,0,124,72,79,86.1,4.7,235.0,56.0,148.0,161.0,13.9,0,0,0,0,0,2.078,1,Moderate Risk
PAT-4010,52,female,177.6,94.9,30.1,former,moderate,0,121,70,62,82.2,5.1,178.0,46.0,119.0,81.0,13.8,0,0,0,0,0,0.531,0,Low Risk
PAT-2275,55,female,161.4,58.4,22.4,former,low,0,132,91,73,95.5,4.7,181.0,45.0,117.0,122.0,12.4,0,0,0,0,0,2.703,1,Moderate Risk
PAT-3253,53,female,162.3,75.3,28.6,former,high,1,134,85,75,107.4,5.1,221.0,52.0,137.0,90.0,12.9,0,0,0,0,0,2.225,1,Moderate Risk
PAT-3151,76,male,181.7,105.3,31.9,never,moderate,0,126,77,68,110.9,5.5,211.0,34.0,154.0,105.0,15.0,0,0,0,0,0,2.668,1,Moderate Risk
PAT-2458,71,male,185.6,85.8,24.9,never,moderate,1,139,79,62,160.8,6.4,197.0,51.0,120.0,145.0,16.2,0,0,1,0,0,4.338,2,High Risk
PAT-2574,60,male,155.3,45.8,19.0,former,low,1,102,72,68,106.5,5.1,202.0,34.0,162.0,94.0,15.0,0,0,0,0,0,2.93,1,Moderate Risk
PAT-1185,63,male,158.3,59.1,23.6,former,low,1,117,75,73,120.1,5.3,192.0,54.0,115.0,122.0,14.0,0,0,0,0,0,3.26,1,Moderate Risk
PAT-2949,52,male,180.5,58.0,17.8,never,moderate,0,98,66,56,65.0,4.1,194.0,59.0,108.0,91.0,16.6,0,0,0,0,0,-2.548,0,Low Risk
PAT-1287,61,female,161.3,52.6,20.2,never,moderate,1,105,65,72,94.5,4.6,206.0,62.0,133.0,83.0,13.0,0,0,0,0,0,0.781,0,Low Risk
PAT-3797,28,male,179.4,102.7,31.9,never,moderate,0,133,66,68,86.0,4.7,202.0,52.0,129.0,113.0,15.7,0,0,0,0,0,-1.601,0,Low Risk
PAT-2797,42,female,151.5,62.0,27.0,never,high,0,122,76,68,66.4,4.1,217.0,62.0,138.0,73.0,13.9,0,0,0,0,0,-1.737,0,Low Risk
PAT-4083,37,male,184.3,80.2,23.6,never,low,0,114,82,73,93.6,4.8,187.0,41.0,112.0,122.0,15.8,0,0,0,0,0,0.757,0,Low Risk
PAT-3318,45,female,162.4,63.3,24.0,never,high,0,106,71,79,153.7,6.5,166.0,47.0,86.0,135.0,12.0,1,0,0,0,0,2.063,1,Moderate Risk
PAT-1462,43,male,187.1,68.6,19.6,never,low,0,115,81,76,87.6,4.7,194.0,52.0,105.0,138.0,12.8,0,0,0,0,0,-0.152,0,Low Risk
PAT-3354,70,male,182.6,100.4,30.1,former,low,0,121,75,82,123.0,5.7,258.0,51.0,161.0,200.0,15.5,0,0,0,0,0,5.515,2,High Risk
PAT-1689,59,female,172.1,75.5,25.5,never,moderate,0,103,66,78,132.9,5.2,165.0,39.0,97.0,147.0,12.9,0,0,0,0,0,0.585,0,Low Risk
PAT-4171,62,male,175.1,93.5,30.5,never,low,1,120,73,79,92.2,4.9,235.0,35.0,185.0,77.0,14.4,0,0,0,0,0,3.462,1,Moderate Risk
PAT-3822,52,female,155.6,86.2,35.6,former,low,0,117,68,73,113.0,5.2,196.0,45.0,116.0,196.0,11.9,0,0,1,0,0,4.718,2,High Risk
PAT-2723,62,female,162.8,121.9,46.0,never,moderate,0,142,90,73,132.6,5.8,254.0,49.0,165.0,173.0,12.4,0,0,0,0,0,6.017,2,High Risk
PAT-2848,67,female,172.3,119.0,40.1,former,high,1,141,84,71,118.5,5.3,209.0,51.0,119.0,184.0,12.9,1,0,0,0,0,6.383,2,High Risk
PAT-1123,33,female,163.0,79.7,30.0,never,moderate,0,98,70,62,116.6,5.5,170.0,47.0,95.0,125.0,11.7,0,0,1,0,0,0.288,0,Low Risk
PAT-2025,59,female,173.8,70.4,23.3,never,moderate,0,115,73,81,98.8,4.9,216.0,47.0,143.0,110.0,14.1,1,0,0,0,0,2.231,1,Moderate Risk
PAT-2950,28,female,164.1,63.6,23.6,never,high,1,104,67,71,94.5,4.4,179.0,77.0,87.0,93.0,13.1,0,0,0,0,0,-1.805,0,Low Risk
PAT-2887,59,male,170.1,80.1,27.7,never,low,0,136,80,68,114.9,5.7,176.0,32.0,119.0,104.0,14.7,0,0,0,0,0,2.634,1,Moderate Risk
PAT-3139,32,male,170.0,103.2,35.7,never,low,1,124,76,88,105.3,4.8,183.0,48.0,115.0,129.0,14.1,0,1,0,0,1,3.195,1,Moderate Risk
PAT-4080,70,male,172.4,112.3,37.8,former,moderate,1,150,80,78,98.7,4.8,139.0,37.0,88.0,122.0,14.2,0,0,0,0,0,5.023,2,High Risk
PAT-3756,56,female,155.0,45.4,18.9,never,moderate,1,107,64,71,81.0,4.5,216.0,43.0,166.0,56.0,13.2,0,0,0,0,0,0.532,0,Low Risk
PAT-1152,43,male,171.4,113.1,38.5,never,moderate,0,123,91,79,84.1,4.3,196.0,42.0,106.0,179.0,16.9,0,0,0,0,0,0.092,0,Low Risk
PAT-3194,56,female,157.9,56.1,22.5,never,moderate,1,116,68,62,122.0,5.4,198.0,43.0,122.0,139.0,13.2,0,0,0,0,0,1.076,0,Low Risk
PAT-3823,33,male,180.5,85.4,26.2,former,moderate,0,119,73,81,110.7,4.8,184.0,46.0,112.0,95.0,14.8,0,0,0,0,1,-0.095,0,Low Risk
PAT-2382,83,female,169.5,66.1,23.0,never,low,1,114,78,82,97.5,4.7,236.0,56.0,168.0,45.0,11.5,0,0,1,0,0,2.155,1,Moderate Risk
PAT-3070,67,male,176.7,57.5,18.4,current,high,0,124,68,72,84.7,4.4,175.0,38.0,120.0,98.0,14.1,0,0,0,0,0,0.152,0,Low Risk
PAT-2418,74,female,164.2,58.0,21.5,former,low,1,122,74,79,117.9,5.3,207.0,53.0,133.0,97.0,13.7,0,0,0,0,0,3.909,2,High Risk
PAT-1619,56,female,160.2,118.1,46.0,former,low,0,148,85,68,139.8,6.0,189.0,49.0,101.0,165.0,13.1,0,0,0,0,0,5.582,2,High Risk
PAT-3806,52,female,160.8,103.4,40.0,never,high,0,132,78,68,131.4,5.6,181.0,51.0,102.0,156.0,13.3,0,1,1,0,0,3.792,2,High Risk
PAT-1133,60,male,172.0,72.2,24.4,former,moderate,1,128,82,78,87.2,4.3,210.0,36.0,152.0,109.0,16.1,0,0,0,0,0,2.052,1,Moderate Risk
PAT-3680,63,male,182.5,87.3,26.2,former,moderate,0,130,78,72,119.6,5.7,202.0,40.0,153.0,103.0,14.9,0,0,0,0,0,3.095,1,Moderate Risk
PAT-2120,68,male,182.5,119.6,35.9,current,low,0,131,80,71,96.1,4.8,235.0,45.0,162.0,142.0,18.5,0,0,0,0,0,5.914,2,High Risk
PAT-3581,58,male,178.6,75.9,23.8,never,high,0,116,69,75,98.7,5.0,227.0,53.0,135.0,151.0,15.8,0,0,0,0,0,0.552,0,Low Risk
PAT-1851,45,male,174.6,88.7,29.1,never,low,0,113,66,77,112.7,5.7,141.0,44.0,78.0,100.0,16.7,0,1,0,0,0,2.695,1,Moderate Risk
PAT-3926,51,female,167.6,88.2,31.4,never,moderate,1,104,69,62,119.1,5.2,188.0,45.0,114.0,163.0,14.7,0,1,0,0,0,3.189,1,Moderate Risk
PAT-3645,42,female,156.1,65.3,26.8,never,low,1,98,78,72,83.7,4.3,211.0,73.0,116.0,117.0,14.5,0,0,0,0,0,-0.336,0,Low Risk
PAT-3830,29,female,165.5,76.7,28.0,never,low,0,108,63,85,111.9,5.2,181.0,54.0,110.0,94.0,11.7,0,0,0,0,0,0.942,0,Low Risk
PAT-2207,44,female,153.4,60.2,25.6,never,moderate,0,125,71,54,111.7,5.1,235.0,49.0,158.0,94.0,12.9,0,0,0,0,0,1.489,1,Moderate Risk
PAT-1783,62,male,173.5,82.8,27.5,former,moderate,0,132,98,90,89.1,5.1,218.0,59.0,147.0,104.0,14.9,0,0,0,0,0,0.737,0,Low Risk
PAT-3410,64,male,182.2,74.7,22.5,never,moderate,0,131,70,72,93.6,5.2,181.0,43.0,114.0,97.0,16.7,0,0,0,1,0,0.736,0,Low Risk
PAT-3813,49,male,172.9,77.1,25.8,current,low,1,130,83,82,93.5,4.6,141.0,32.0,89.0,110.0,15.8,1,0,1,0,1,3.847,2,High Risk
PAT-2416,54,female,174.4,106.1,34.9,never,moderate,0,124,75,77,124.9,5.6,202.0,38.0,138.0,122.0,13.4,0,0,0,0,0,3.377,1,Moderate Risk
PAT-2953,44,female,166.6,81.0,29.2,former,moderate,0,129,77,60,146.1,6.2,221.0,40.0,151.0,126.0,13.7,0,0,0,0,1,4.562,2,High Risk
PAT-3632,56,female,171.7,92.3,31.3,never,moderate,0,125,86,75,107.9,5.2,184.0,47.0,113.0,138.0,13.7,0,0,0,0,0,2.265,1,Moderate Risk
PAT-1852,44,male,177.5,92.3,29.3,former,moderate,0,110,66,63,89.2,4.8,223.0,35.0,147.0,168.0,15.7,0,0,0,0,0,0.959,0,Low Risk
PAT-2914,28,male,183.5,98.3,29.2,never,high,0,105,71,76,190.9,7.5,157.0,47.0,89.0,133.0,15.5,0,0,0,0,0,3.096,1,Moderate Risk
PAT-2658,39,female,156.3,75.7,31.0,never,low,0,112,78,73,114.3,5.0,215.0,53.0,120.0,190.0,12.0,1,0,0,0,0,3.172,1,Moderate Risk
PAT-1777,50,male,180.6,133.4,40.9,never,moderate,0,130,77,81,134.4,5.8,151.0,26.0,106.0,142.0,16.1,0,0,0,0,0,3.091,1,Moderate Risk
PAT-1691,69,male,178.1,87.2,27.5,current,low,0,140,77,74,105.9,5.0,187.0,40.0,109.0,192.0,13.6,0,0,1,0,0,4.458,2,High Risk
PAT-3120,85,male,180.9,127.3,38.9,never,low,1,151,92,74,143.4,6.0,219.0,49.0,141.0,197.0,14.8,0,0,0,0,0,7.855,2,High Risk
PAT-2078,74,male,174.6,75.6,24.8,former,low,0,130,78,78,120.8,5.1,231.0,36.0,158.0,153.0,15.0,0,0,0,0,1,3.955,2,High Risk
PAT-3272,44,female,168.0,86.4,30.6,never,low,0,106,79,88,110.6,5.1,172.0,39.0,117.0,114.0,12.6,0,0,0,0,0,1.562,1,Moderate Risk
PAT-2839,50,male,177.9,108.2,34.2,never,moderate,0,121,87,72,116.8,5.4,217.0,49.0,132.0,168.0,14.0,0,1,0,0,0,3.654,1,Moderate Risk
PAT-1808,71,female,158.5,71.6,28.5,never,moderate,0,125,76,75,100.5,5.1,203.0,41.0,130.0,158.0,13.2,0,0,0,0,0,3.32,1,Moderate Risk
PAT-3280,29,male,178.3,62.3,19.6,never,moderate,1,92,68,62,73.7,4.6,169.0,46.0,101.0,117.0,14.0,0,0,0,0,0,-2.25,0,Low Risk
PAT-1611,52,female,165.7,54.1,19.7,never,moderate,1,118,65,64,65.0,4.1,151.0,64.0,76.0,45.0,11.7,0,0,0,0,0,-2.049,0,Low Risk
PAT-2618,47,male,177.7,64.1,20.3,never,moderate,0,108,75,79,83.0,4.3,213.0,39.0,160.0,62.0,14.8,0,0,0,0,0,-1.17,0,Low Risk
PAT-1865,48,female,169.4,101.6,35.4,never,high,1,124,87,75,176.4,7.1,201.0,47.0,131.0,111.0,11.6,1,0,0,0,0,7.735,2,High Risk
PAT-2474,42,female,148.1,59.0,26.9,never,low,0,119,69,74,107.9,5.2,175.0,49.0,97.0,114.0,12.7,0,0,1,0,0,2.342,1,Moderate Risk
PAT-1636,65,male,166.5,71.8,25.9,former,low,0,115,66,85,149.9,6.2,233.0,52.0,140.0,218.0,13.6,0,0,1,0,0,5.088,2,High Risk
PAT-3083,22,male,163.2,92.7,34.8,never,moderate,1,97,78,71,88.2,4.9,215.0,46.0,135.0,185.0,14.2,0,1,0,0,0,1.711,1,Moderate Risk
PAT-2947,53,female,161.0,68.4,26.4,never,moderate,0,114,72,66,96.6,4.7,200.0,65.0,115.0,80.0,13.4,0,0,1,0,0,0.076,0,Low Risk
PAT-2977,66,male,174.9,63.6,20.8,never,low,0,134,80,67,108.2,4.9,174.0,45.0,116.0,45.0,15.8,0,0,0,0,0,1.77,1,Moderate Risk
PAT-1967,78,male,175.6,91.6,29.7,never,low,1,133,77,68,118.8,5.7,208.0,43.0,150.0,84.0,14.5,1,0,1,0,0,6.362,2,High Risk
PAT-1838,67,male,174.0,74.2,24.5,never,low,0,139,82,60,105.2,5.0,226.0,58.0,146.0,93.0,18.1,0,0,0,0,0,1.536,1,Moderate Risk
PAT-4148,51,female,167.0,99.8,35.8,never,moderate,0,128,80,64,118.5,5.1,152.0,39.0,81.0,183.0,15.1,0,0,0,0,0,0.687,0,Low Risk
PAT-2547,57,female,157.9,80.5,32.3,never,high,0,120,81,79,103.8,5.0,158.0,37.0,102.0,99.0,13.7,0,0,0,0,1,1.024,0,Low Risk
PAT-3135,45,female,153.0,71.9,30.7,never,low,0,126,78,82,122.5,5.2,210.0,47.0,126.0,165.0,12.2,0,0,0,0,0,3.379,1,Moderate Risk
PAT-1381,45,female,158.7,52.1,20.7,former,moderate,0,113,74,66,87.2,4.3,166.0,51.0,107.0,66.0,14.6,0,0,0,0,0,-0.292,0,Low Risk
PAT-1421,78,female,161.7,75.6,28.9,never,high,0,131,80,57,113.0,4.8,208.0,57.0,133.0,145.0,11.7,0,0,0,0,0,2.879,1,Moderate Risk
PAT-2594,22,female,157.2,66.7,27.0,never,low,1,97,75,64,104.1,4.9,178.0,61.0,106.0,73.0,13.0,0,0,0,0,0,0.774,0,Low Risk
PAT-3004,26,female,172.8,62.1,20.8,never,low,1,90,67,74,77.1,4.1,193.0,56.0,119.0,94.0,14.8,0,0,0,0,0,-2.436,0,Low Risk
PAT-2185,66,male,176.4,70.9,22.8,never,moderate,0,130,82,74,76.2,4.7,143.0,41.0,88.0,89.0,15.2,0,0,0,0,1,-0.748,0,Low Risk
PAT-1057,49,male,170.1,85.4,29.5,former,high,0,117,76,64,106.7,5.8,217.0,60.0,130.0,113.0,14.1,0,0,0,0,0,0.262,0,Low Risk
PAT-2073,35,male,180.8,99.0,30.3,current,low,1,123,86,76,118.9,5.1,131.0,41.0,73.0,139.0,15.4,0,0,0,0,0,3.176,1,Moderate Risk
PAT-1528,57,female,171.6,82.7,28.1,former,moderate,1,107,55,79,123.2,5.3,248.0,50.0,166.0,135.0,16.3,0,0,0,0,0,4.415,2,High Risk
PAT-3636,56,male,179.0,80.1,25.0,never,moderate,1,118,77,66,83.9,4.3,193.0,55.0,123.0,52.0,17.0,0,0,0,0,0,0.856,0,Low Risk
PAT-1810,50,female,163.0,53.4,20.1,never,high,1,113,65,76,82.8,4.8,219.0,58.0,132.0,142.0,14.8,0,0,0,0,0,0.292,0,Low Risk
PAT-2667,46,male,170.4,103.9,35.8,never,moderate,0,142,84,81,91.8,4.9,164.0,41.0,96.0,172.0,16.4,0,0,1,0,0,2.07,1,Moderate Risk
PAT-3059,56,female,164.5,60.6,22.4,never,low,0,114,65,74,93.8,5.0,177.0,55.0,96.0,103.0,12.5,0,0,0,0,1,-1.184,0,Low Risk
PAT-3730,70,male,180.7,91.1,27.9,never,moderate,0,131,76,53,112.7,5.7,144.0,43.0,65.0,149.0,16.6,0,0,0,0,1,1.848,1,Moderate Risk
PAT-2714,46,female,170.3,89.3,30.8,never,low,1,120,74,70,96.5,5.0,170.0,52.0,96.0,139.0,12.3,0,0,1,0,0,1.91,1,Moderate Risk
PAT-3858,70,female,170.8,79.9,27.4,former,high,1,128,79,58,104.0,5.1,204.0,55.0,139.0,84.0,14.3,0,0,0,0,1,2.716,1,Moderate Risk
PAT-3305,85,female,161.4,94.6,36.3,former,high,0,172,102,97,116.0,5.4,228.0,39.0,155.0,164.0,13.8,0,0,0,0,0,5.766,2,High Risk
PAT-2262,61,female,172.1,62.5,21.1,never,high,0,132,81,78,82.5,4.6,166.0,56.0,90.0,98.0,11.9,0,0,0,0,0,-1.647,0,Low Risk
PAT-4098,51,male,178.2,93.7,29.5,former,moderate,0,120,79,76,104.7,5.1,132.0,42.0,71.0,111.0,16.9,0,0,0,0,0,2.24,1,Moderate Risk
PAT-1446,58,male,167.2,62.9,22.5,current,moderate,0,117,75,76,81.8,4.2,218.0,60.0,134.0,91.0,13.5,0,0,0,1,0,0.403,0,Low Risk
PAT-4182,38,male,168.6,70.2,24.7,never,low,0,120,74,78,100.1,5.2,178.0,47.0,117.0,54.0,15.8,0,0,1,0,0,-0.057,0,Low Risk
PAT-2979,59,male,186.2,69.3,20.0,never,low,0,130,81,77,75.0,4.5,156.0,45.0,87.0,141.0,16.5,0,0,0,0,0,0.352,0,Low Risk
PAT-3187,49,female,164.4,54.9,20.3,never,moderate,0,112,74,71,103.9,5.3,213.0,56.0,131.0,113.0,14.0,0,0,0,0,1,-0.856,0,Low Risk
PAT-1879,70,female,170.5,91.9,31.6,never,low,1,123,75,75,143.3,5.8,201.0,43.0,140.0,91.0,14.4,1,0,1,0,0,5.369,2,High Risk
PAT-4040,62,male,172.5,128.0,43.0,former,moderate,0,145,92,61,104.7,4.9,202.0,46.0,124.0,157.0,14.5,0,0,0,1,0,3.859,2,High Risk
PAT-3344,23,female,159.7,75.2,29.5,never,low,1,93,55,69,98.9,5.5,187.0,46.0,129.0,75.0,12.1,1,1,0,0,0,2.873,1,Moderate Risk
PAT-2735,30,female,164.4,60.3,22.3,current,high,0,111,67,82,99.5,4.6,168.0,44.0,91.0,178.0,13.2,0,0,0,0,0,0.649,0,Low Risk
PAT-1947,43,male,157.0,80.6,32.7,never,low,0,108,83,77,120.9,5.8,135.0,38.0,84.0,64.0,15.9,0,1,0,0,0,2.26,1,Moderate Risk
PAT-3908,47,female,156.3,71.1,29.1,never,low,0,101,71,66,126.7,5.3,159.0,54.0,79.0,102.0,13.9,1,0,1,0,0,2.701,1,Moderate Risk
PAT-2197,61,female,163.5,103.5,38.7,never,moderate,0,144,100,73,136.3,5.7,191.0,30.0,120.0,199.0,14.1,0,0,1,0,1,7.053,2,High Risk
PAT-4188,66,female,165.8,86.3,31.4,former,moderate,0,139,83,77,108.0,5.0,226.0,44.0,146.0,143.0,15.0,0,0,0,0,0,3.494,1,Moderate Risk
PAT-3121,64,female,165.6,77.6,28.3,current,low,0,128,76,72,142.2,6.0,220.0,52.0,146.0,113.0,13.3,0,0,0,0,0,6.176,2,High Risk
PAT-2357,58,male,184.3,72.3,21.3,current,low,0,118,69,100,86.3,5.0,171.0,36.0,105.0,136.0,14.6,0,0,0,0,0,4.017,2,High Risk
PAT-3880,22,male,172.9,92.1,30.8,current,moderate,0,109,73,61,83.4,4.7,210.0,49.0,137.0,109.0,16.1,0,0,0,0,1,0.606,0,Low Risk
PAT-2806,57,male,177.2,60.6,19.3,never,low,1,121,67,67,93.4,4.9,194.0,57.0,114.0,131.0,15.2,0,1,0,0,0,1.983,1,Moderate Risk
PAT-4131,52,male,176.9,97.0,31.0,current,moderate,1,110,69,100,109.6,4.9,213.0,43.0,139.0,157.0,16.5,0,0,0,0,0,3.956,2,High Risk
PAT-2779,43,female,156.5,86.0,35.1,never,moderate,0,121,79,80,84.4,4.2,136.0,52.0,61.0,86.0,13.7,0,0,0,0,0,-0.974,0,Low Risk
PAT-2874,71,male,170.1,122.4,42.3,never,high,0,140,89,48,123.3,5.4,191.0,53.0,108.0,152.0,13.8,0,0,0,0,0,1.984,1,Moderate Risk
PAT-3359,59,female,167.7,82.4,29.3,former,moderate,0,124,85,68,97.1,4.7,220.0,47.0,155.0,61.0,12.9,0,0,0,0,0,0.842,0,Low Risk
PAT-4120,46,male,172.2,92.2,31.1,current,high,1,141,83,82,91.8,4.6,187.0,54.0,113.0,97.0,14.1,0,0,0,0,0,3.353,1,Moderate Risk
PAT-2589,54,male,154.7,81.4,34.0,never,low,0,126,74,92,102.0,5.2,144.0,33.0,92.0,114.0,14.4,0,0,0,0,0,2.512,1,Moderate Risk
PAT-1634,39,female,165.2,76.4,28.0,never,high,0,116,81,80,99.0,5.3,197.0,53.0,118.0,150.0,11.6,0,0,1,0,0,0.739,0,Low Risk
PAT-3705,68,male,182.6,96.4,28.9,never,moderate,0,118,85,62,99.5,5.0,208.0,39.0,131.0,156.0,11.9,0,0,0,0,0,2.047,1,Moderate Risk
PAT-1654,85,male,174.2,110.8,36.5,never,low,0,146,86,80,130.5,5.5,187.0,33.0,128.0,130.0,14.6,0,1,1,0,0,5.39,2,High Risk
PAT-4050,34,male,183.1,130.4,38.9,current,moderate,1,134,87,74,97.0,4.3,193.0,48.0,131.0,105.0,15.1,0,0,0,0,0,2.738,1,Moderate Risk
PAT-1279,48,female,153.8,72.1,30.5,former,moderate,0,123,71,73,96.8,4.5,168.0,57.0,89.0,98.0,13.3,0,0,0,0,0,1.579,1,Moderate Risk
PAT-2796,49,male,177.5,121.9,38.7,never,low,0,129,87,77,101.2,4.9,207.0,41.0,141.0,149.0,16.6,0,1,0,0,0,5.302,2,High Risk
PAT-2048,74,male,161.1,57.9,22.3,current,low,1,137,85,72,118.9,5.4,198.0,38.0,143.0,123.0,15.9,1,0,0,0,1,9.959,2,High Risk
PAT-3617,54,female,153.6,78.3,33.2,never,moderate,0,124,71,80,111.3,6.0,221.0,44.0,160.0,120.0,14.1,0,0,1,0,0,2.249,1,Moderate Risk
PAT-1449,38,male,171.7,64.0,21.7,former,moderate,1,111,70,91,95.9,4.8,186.0,47.0,125.0,109.0,15.1,0,0,0,0,0,2.109,1,Moderate Risk
PAT-2170,64,male,165.7,87.9,32.0,never,moderate,0,135,85,82,89.0,4.9,202.0,36.0,127.0,152.0,16.1,0,0,1,0,0,2.225,1,Moderate Risk
PAT-3382,58,female,161.2,71.5,27.5,former,high,0,133,81,69,89.8,4.1,240.0,59.0,163.0,110.0,11.6,0,0,0,0,0,1.779,1,Moderate Risk
PAT-2595,39,male,170.7,112.5,38.6,never,high,0,124,86,68,85.2,4.7,212.0,50.0,143.0,134.0,15.6,0,0,0,0,0,0.627,0,Low Risk
PAT-1182,38,male,176.3,92.9,29.9,former,moderate,0,104,66,74,88.7,5.2,192.0,55.0,109.0,140.0,14.7,0,0,0,0,0,-1.392,0,Low Risk
PAT-4163,43,female,167.4,76.5,27.3,never,moderate,1,112,71,76,96.8,5.0,190.0,36.0,144.0,96.0,12.7,0,0,0,0,0,2.144,1,Moderate Risk
PAT-2425,25,male,178.8,115.4,36.1,never,moderate,0,127,72,78,94.5,4.3,168.0,29.0,116.0,99.0,14.5,0,0,0,0,0,0.579,0,Low Risk
PAT-2747,60,female,152.7,74.4,31.9,current,moderate,1,143,81,75,104.4,5.4,241.0,51.0,161.0,153.0,15.1,0,0,0,0,0,4.055,2,High Risk
PAT-1027,58,male,165.7,77.2,28.1,former,high,0,111,75,81,103.7,4.8,193.0,52.0,131.0,63.0,16.3,1,0,0,0,0,3.132,1,Moderate Risk
PAT-2091,52,male,180.9,57.3,17.5,current,high,1,118,69,56,76.1,4.1,182.0,51.0,103.0,115.0,16.3,0,1,0,0,0,0.012,0,Low Risk
PAT-3448,42,male,163.6,50.6,18.9,never,moderate,1,105,60,65,95.0,5.0,209.0,53.0,136.0,88.0,15.8,0,1,0,0,0,-1.01,0,Low Risk
PAT-1204,34,male,184.8,92.5,27.1,never,moderate,0,115,67,65,89.5,4.4,149.0,42.0,104.0,46.0,15.8,0,0,0,0,0,-0.777,0,Low Risk
PAT-2146,38,female,168.3,55.0,19.4,never,low,0,103,59,80,68.3,4.1,142.0,38.0,91.0,89.0,13.1,0,0,0,0,0,-1.28,0,Low Risk
PAT-2008,68,female,163.3,85.1,31.9,never,low,0,152,90,84,118.9,5.8,215.0,64.0,114.0,152.0,16.1,1,0,1,0,0,6.478,2,High Risk
PAT-4172,35,male,175.5,63.1,20.5,never,moderate,0,113,69,63,108.7,5.0,201.0,48.0,120.0,117.0,15.2,0,0,1,1,0,-0.821,0,Low Risk
PAT-1721,29,male,174.0,67.8,22.4,never,low,0,94,68,72,103.0,4.9,145.0,41.0,94.0,68.0,12.8,0,1,0,0,0,-0.961,0,Low Risk
PAT-3210,35,male,169.7,85.5,29.7,never,low,0,120,93,70,101.0,4.9,207.0,61.0,106.0,170.0,13.2,0,1,0,0,0,2.457,1,Moderate Risk
PAT-1983,52,female,168.7,58.3,20.5,current,low,1,137,72,68,91.8,4.4,225.0,49.0,150.0,128.0,14.7,0,0,0,0,0,3.977,2,High Risk
PAT-2150,39,male,183.7,73.2,21.7,former,low,0,101,74,63,102.1,5.0,197.0,52.0,111.0,145.0,13.8,0,0,0,0,1,2.04,1,Moderate Risk
PAT-2171,57,male,188.6,99.2,27.9,never,moderate,0,137,92,67,120.5,5.0,211.0,22.0,159.0,173.0,14.8,0,0,0,0,0,5.747,2,High Risk
PAT-2657,71,male,162.6,121.6,46.0,never,low,1,152,94,66,196.9,6.6,225.0,31.0,158.0,184.0,15.5,0,0,0,0,0,12.01,2,High Risk
PAT-2739,77,male,168.6,85.0,29.9,former,low,1,144,87,77,113.4,5.0,197.0,45.0,104.0,198.0,16.6,1,0,0,0,0,6.201,2,High Risk
PAT-1984,53,male,184.3,93.4,27.5,never,low,0,122,81,59,107.5,4.9,190.0,42.0,124.0,108.0,17.6,0,0,0,1,0,0.278,0,Low Risk
PAT-1021,50,female,176.4,97.4,31.3,current,low,1,139,80,81,95.6,4.5,256.0,49.0,170.0,181.0,14.7,0,0,0,0,0,5.393,2,High Risk
PAT-1388,66,female,169.0,88.0,30.8,never,moderate,0,139,92,64,134.4,6.3,204.0,57.0,116.0,101.0,13.7,0,0,0,0,0,2.725,1,Moderate Risk
PAT-3171,52,female,162.7,55.6,21.0,never,low,0,119,85,56,95.1,5.0,217.0,52.0,142.0,88.0,14.1,0,0,0,0,0,-0.321,0,Low Risk
PAT-1754,40,female,164.1,74.6,27.7,never,low,0,118,71,69,123.6,5.6,192.0,56.0,104.0,155.0,11.5,1,0,0,0,0,4.132,2,High Risk
PAT-2613,52,female,163.2,56.5,21.2,never,moderate,0,115,75,80,86.0,5.0,216.0,69.0,135.0,95.0,13.6,0,0,0,0,0,-0.34,0,Low Risk
PAT-2076,31,female,167.0,60.5,21.7,never,moderate,0,101,71,77,75.6,4.9,158.0,45.0,95.0,135.0,12.9,0,0,0,1,0,-0.688,0,Low Risk
PAT-1056,41,female,159.0,81.7,32.3,never,low,0,118,77,74,102.9,5.2,133.0,35.0,71.0,134.0,14.3,0,1,0,0,0,1.155,0,Low Risk
PAT-3391,40,male,181.7,85.8,26.0,current,moderate,0,108,64,77,74.9,4.1,175.0,45.0,110.0,109.0,16.8,0,1,0,0,0,1.41,1,Moderate Risk
PAT-3628,47,female,164.1,85.9,31.9,current,low,0,131,80,76,164.6,6.5,148.0,42.0,75.0,185.0,13.2,0,0,1,0,0,7.071,2,High Risk
PAT-3369,70,female,158.6,88.0,35.0,former,moderate,0,155,84,95,128.6,5.2,162.0,27.0,107.0,122.0,12.2,1,0,0,0,0,4.899,2,High Risk
PAT-2930,36,female,170.6,63.2,21.7,never,low,1,111,69,65,119.0,5.4,230.0,47.0,157.0,115.0,13.2,0,0,1,0,0,3.414,1,Moderate Risk
PAT-2653,48,male,172.5,80.0,26.9,never,moderate,1,125,72,78,102.6,4.7,192.0,52.0,135.0,68.0,16.9,0,0,0,0,0,2.779,1,Moderate Risk
PAT-2687,56,male,174.7,87.3,28.6,never,high,0,111,71,65,113.2,4.8,234.0,45.0,158.0,131.0,15.9,0,0,0,0,0,2.279,1,Moderate Risk
PAT-2340,55,male,174.1,73.0,24.1,never,low,0,105,68,71,113.8,5.5,186.0,39.0,122.0,133.0,17.3,0,0,0,0,0,1.486,1,Moderate Risk
PAT-3084,45,male,170.2,111.5,38.5,never,high,1,132,84,74,307.8,9.9,222.0,35.0,149.0,214.0,14.3,0,0,0,0,0,11.686,2,High Risk
PAT-3742,54,male,169.9,67.3,23.3,never,moderate,0,119,68,61,106.0,5.2,185.0,45.0,119.0,101.0,16.0,0,0,1,0,0,1.262,1,Moderate Risk
PAT-1493,41,male,171.4,98.7,33.6,never,moderate,0,119,74,59,113.2,5.1,233.0,54.0,136.0,207.0,13.7,0,0,0,0,0,2.246,1,Moderate Risk
PAT-2703,69,female,151.7,46.3,20.1,never,moderate,0,122,66,94,145.8,6.5,219.0,57.0,146.0,96.0,13.1,0,0,0,0,0,2.873,1,Moderate Risk
PAT-1652,49,female,175.9,54.1,17.5,former,moderate,0,98,71,59,106.4,4.9,174.0,56.0,111.0,101.0,14.8,0,1,0,0,0,-0.767,0,Low Risk
PAT-1948,52,female,163.7,93.8,35.0,never,low,0,135,92,88,123.5,5.9,211.0,34.0,141.0,161.0,13.0,1,0,0,0,0,6.512,2,High Risk
PAT-1136,42,male,180.3,109.2,33.6,never,high,0,124,76,66,115.5,5.3,183.0,51.0,112.0,94.0,17.0,0,1,0,0,0,2.318,1,Moderate Risk
PAT-2825,59,male,175.7,63.9,20.7,never,high,1,115,75,89,73.3,4.7,195.0,64.0,110.0,98.0,15.2,0,0,0,0,0,-0.961,0,Low Risk
PAT-2809,66,female,158.7,82.6,32.8,former,low,0,136,96,92,113.6,5.6,227.0,49.0,130.0,150.0,15.1,0,0,0,0,0,5.246,2,High Risk
PAT-3613,53,female,157.3,84.1,34.0,never,moderate,0,127,83,88,106.7,5.2,193.0,38.0,113.0,145.0,12.8,0,0,0,0,0,2.251,1,Moderate Risk
PAT-3505,41,female,166.7,63.6,22.9,never,high,0,109,76,76,75.6,4.5,193.0,66.0,100.0,102.0,12.8,0,0,0,0,0,-3.272,0,Low Risk
PAT-3099,64,female,163.5,59.6,22.3,never,low,0,124,79,76,105.7,5.6,182.0,59.0,105.0,83.0,12.0,0,0,1,0,0,1.586,1,Moderate Risk
PAT-1772,62,male,178.8,74.2,23.2,never,low,0,122,77,77,96.7,4.6,239.0,55.0,165.0,91.0,16.1,0,0,1,0,0,3.358,1,Moderate Risk
PAT-3450,40,male,188.2,108.7,30.7,current,moderate,0,105,69,48,88.3,4.1,187.0,31.0,123.0,144.0,13.4,0,0,0,0,0,1.314,1,Moderate Risk
PAT-1196,41,male,184.8,102.5,30.0,never,moderate,0,120,81,57,100.2,4.5,231.0,43.0,167.0,100.0,14.6,0,0,0,0,0,0.69,0,Low Risk
PAT-1850,44,male,186.3,134.3,38.7,former,low,0,129,90,85,124.6,5.6,207.0,41.0,138.0,186.0,15.5,0,0,0,0,0,5.25,2,High Risk
PAT-3573,52,female,170.2,88.9,30.7,never,low,1,106,73,82,87.1,4.1,140.0,37.0,98.0,45.0,12.3,0,0,0,0,0,1.217,1,Moderate Risk
PAT-3381,40,female,160.2,66.5,25.9,never,low,0,102,68,73,108.8,4.7,169.0,47.0,97.0,113.0,13.1,0,0,0,0,0,0.829,0,Low Risk
PAT-1350,57,male,170.2,104.9,36.2,former,moderate,1,139,85,72,99.5,4.6,191.0,54.0,115.0,82.0,16.3,0,0,0,0,0,3.811,2,High Risk
PAT-4177,46,male,168.5,122.7,43.2,former,low,0,123,75,85,118.7,5.2,172.0,53.0,97.0,178.0,13.9,0,0,0,0,0,2.709,1,Moderate Risk
PAT-1899,42,female,164.2,56.9,21.1,never,moderate,1,99,65,52,77.3,4.6,157.0,41.0,100.0,96.0,13.1,0,0,0,0,1,-1.169,0,Low Risk
PAT-4116,50,female,162.3,46.1,17.5,never,moderate,1,103,71,60,101.1,5.5,170.0,46.0,112.0,85.0,13.0,0,0,0,0,0,-1.846,0,Low Risk
PAT-2462,50,female,162.0,57.2,21.8,never,low,1,107,66,82,96.9,4.7,234.0,60.0,154.0,84.0,12.1,0,0,0,0,1,0.662,0,Low Risk
PAT-3268,46,female,160.2,65.7,25.6,never,low,0,115,77,83,101.8,5.0,223.0,54.0,137.0,123.0,13.5,0,0,0,0,0,1.965,1,Moderate Risk
PAT-2789,72,female,158.8,54.2,21.5,never,high,0,112,75,69,85.9,4.5,169.0,55.0,92.0,109.0,12.3,0,0,0,0,0,-0.992,0,Low Risk
PAT-1199,37,female,168.5,94.3,33.2,never,moderate,0,126,82,89,104.3,4.9,193.0,36.0,132.0,101.0,11.6,0,0,0,0,0,1.88,1,Moderate Risk
PAT-1082,74,female,158.9,52.3,20.7,former,high,0,145,88,60,76.8,4.2,220.0,48.0,153.0,133.0,11.9,0,0,0,0,0,1.455,1,Moderate Risk
PAT-1701,68,male,186.3,97.9,28.2,never,high,1,118,69,61,77.9,4.1,172.0,48.0,112.0,106.0,13.4,0,1,0,0,0,1.865,1,Moderate Risk
PAT-1282,75,male,179.3,84.2,26.2,never,low,0,132,76,86,109.1,5.3,224.0,44.0,144.0,128.0,14.1,0,0,0,0,1,2.809,1,Moderate Risk
PAT-1596,49,female,168.9,55.1,19.3,former,moderate,0,122,81,57,85.5,4.6,211.0,50.0,120.0,127.0,11.6,0,0,0,0,0,0.944,0,Low Risk
PAT-3183,72,male,172.6,128.4,43.1,current,moderate,1,145,94,85,136.5,5.7,244.0,40.0,160.0,215.0,15.6,0,1,0,0,0,9.233,2,High Risk
PAT-2017,46,male,171.2,85.3,29.1,never,moderate,0,118,73,65,126.8,5.2,210.0,43.0,141.0,85.0,13.8,0,0,0,0,0,1.661,1,Moderate Risk
PAT-2316,38,female,157.6,62.3,25.1,never,moderate,0,101,61,67,103.6,4.8,187.0,37.0,120.0,109.0,14.1,0,0,0,0,0,-0.359,0,Low Risk
PAT-1725,50,female,165.2,57.0,20.9,never,moderate,0,114,68,69,74.7,4.2,188.0,72.0,92.0,106.0,12.4,0,0,0,0,0,-2.87,0,Low Risk
PAT-1415,43,male,172.2,54.6,18.4,never,moderate,0,111,63,76,70.5,4.1,133.0,32.0,81.0,119.0,14.1,0,0,1,0,1,-1.098,0,Low Risk
PAT-1375,42,male,176.7,102.4,32.8,never,high,1,117,78,73,89.8,4.2,202.0,38.0,125.0,154.0,16.8,0,0,0,1,0,2.7,1,Moderate Risk
PAT-2295,52,female,165.4,76.1,27.8,never,moderate,1,104,75,70,96.7,4.8,160.0,53.0,91.0,125.0,15.5,0,0,0,0,0,-0.845,0,Low Risk
PAT-2117,52,male,176.8,141.0,45.1,never,moderate,0,140,97,77,131.9,5.3,177.0,30.0,120.0,147.0,13.8,0,1,0,0,0,5.787,2,High Risk
PAT-3087,51,female,167.5,94.0,33.5,current,high,1,133,80,80,73.4,4.1,183.0,56.0,107.0,130.0,14.1,0,0,0,0,0,0.524,0,Low Risk
PAT-1829,49,female,166.9,83.8,30.1,never,moderate,0,103,72,75,112.6,5.2,190.0,49.0,110.0,158.0,13.6,1,0,0,0,0,2.468,1,Moderate Risk
PAT-2345,32,male,180.2,84.8,26.1,never,moderate,1,91,73,61,84.8,4.8,198.0,44.0,125.0,107.0,16.0,0,0,0,0,0,-0.87,0,Low Risk
PAT-2258,43,female,159.0,59.4,23.5,never,moderate,0,106,69,67,100.8,4.7,184.0,37.0,119.0,144.0,14.5,0,0,0,0,1,-0.49,0,Low Risk
PAT-1255,46,male,176.0,56.4,18.2,current,moderate,1,113,72,77,66.8,4.1,171.0,41.0,113.0,91.0,14.6,0,0,0,0,0,-0.066,0,Low Risk
PAT-2683,58,female,165.2,69.3,25.4,current,moderate,0,130,87,73,121.1,5.2,219.0,47.0,154.0,75.0,14.3,0,0,1,0,0,3.183,1,Moderate Risk
PAT-2350,37,male,173.3,63.1,21.0,never,low,1,93,74,79,65.0,4.4,178.0,47.0,109.0,117.0,17.4,0,0,0,1,0,-1.466,0,Low Risk
PAT-2476,51,female,169.5,71.3,24.8,former,high,0,116,76,92,81.7,4.3,186.0,51.0,115.0,97.0,12.5,0,0,0,0,0,-0.22,0,Low Risk
PAT-2629,65,male,168.9,69.3,24.3,never,low,0,125,81,82,84.7,4.1,188.0,49.0,118.0,117.0,15.9,0,0,0,0,0,1.449,1,Moderate Risk
PAT-3941,46,male,187.5,126.2,35.9,current,low,0,141,89,70,107.3,5.1,198.0,41.0,114.0,173.0,13.9,0,1,1,0,0,7.004,2,High Risk
PAT-3561,54,female,163.6,70.4,26.3,never,low,0,121,74,69,83.0,4.8,123.0,39.0,68.0,76.0,12.5,0,0,0,0,0,-0.73,0,Low Risk
PAT-2152,44,female,164.3,93.7,34.7,never,high,0,121,87,80,102.0,5.4,247.0,75.0,152.0,151.0,11.7,0,0,0,0,0,0.985,0,Low Risk
PAT-3799,57,male,177.6,97.1,30.8,never,moderate,1,123,86,74,102.7,5.3,158.0,30.0,112.0,96.0,14.0,0,0,0,0,0,3.171,1,Moderate Risk
PAT-1135,75,female,156.2,42.7,17.5,never,low,0,110,60,89,96.6,4.7,122.0,43.0,69.0,45.0,13.4,0,0,0,0,0,-0.399,0,Low Risk
PAT-3028,56,female,168.5,57.9,20.4,never,moderate,0,112,80,72,81.7,4.6,161.0,50.0,94.0,45.0,13.8,0,0,0,0,0,0.102,0,Low Risk
PAT-3936,45,male,179.9,116.8,36.1,never,low,0,126,85,69,127.7,5.4,228.0,48.0,164.0,110.0,16.2,0,0,0,0,0,4.336,2,High Risk
PAT-1169,42,male,187.7,88.1,25.0,current,high,0,106,66,48,74.0,4.3,186.0,48.0,108.0,147.0,15.4,0,0,0,0,1,-0.126,0,Low Risk
PAT-2721,49,female,155.9,81.7,33.6,never,high,0,120,83,62,99.6,4.9,174.0,45.0,80.0,164.0,12.2,0,0,0,0,0,0.132,0,Low Risk
PAT-2619,69,female,155.7,65.0,26.8,never,moderate,0,106,66,64,109.0,4.9,180.0,42.0,119.0,81.0,12.5,0,1,1,0,0,0.631,0,Low Risk
PAT-1592,60,female,160.6,80.0,31.0,current,moderate,1,133,79,66,95.9,4.2,199.0,60.0,116.0,104.0,13.9,0,1,0,0,0,3.529,1,Moderate Risk
PAT-2854,67,male,168.4,93.9,33.1,former,low,1,135,69,74,129.5,5.7,231.0,47.0,141.0,150.0,14.9,0,0,0,0,0,5.728,2,High Risk
PAT-2251,65,male,175.5,61.9,20.1,never,low,0,125,73,82,65.0,4.2,128.0,54.0,77.0,45.0,17.4,0,0,0,1,0,0.075,0,Low Risk
PAT-3275,38,male,175.8,121.2,39.2,never,moderate,1,112,78,69,124.2,5.5,184.0,50.0,93.0,174.0,14.4,0,0,0,0,0,1.882,1,Moderate Risk
PAT-2590,38,female,160.6,59.3,23.0,never,low,0,110,68,63,114.9,5.6,130.0,64.0,58.0,73.0,13.4,0,0,1,0,0,-0.395,0,Low Risk
PAT-3695,73,female,178.6,105.9,33.2,never,high,0,131,78,79,123.2,5.2,205.0,58.0,136.0,91.0,13.4,0,0,0,0,0,3.074,1,Moderate Risk
PAT-4021,47,male,174.3,100.3,33.0,never,moderate,0,116,80,76,125.4,5.1,197.0,41.0,118.0,163.0,14.9,0,0,0,0,0,1.608,1,Moderate Risk
PAT-3201,50,male,172.8,76.1,25.5,never,moderate,1,121,79,56,115.7,5.4,198.0,49.0,120.0,90.0,15.3,0,0,0,0,0,1.885,1,Moderate Risk
PAT-3885,46,male,170.7,59.4,20.4,current,moderate,0,108,69,64,96.2,5.1,222.0,42.0,146.0,147.0,16.4,0,0,0,0,0,1.611,1,Moderate Risk
PAT-3474,57,male,180.2,95.1,29.3,never,high,0,124,75,63,85.9,4.6,235.0,54.0,148.0,136.0,13.9,0,0,0,0,0,-0.477,0,Low Risk
PAT-4086,52,female,161.0,83.2,32.1,never,moderate,1,113,80,80,97.7,5.1,165.0,43.0,109.0,45.0,13.2,0,0,0,0,0,-0.096,0,Low Risk
PAT-1064,64,female,161.2,92.8,35.7,never,moderate,0,128,79,79,132.5,5.7,228.0,30.0,176.0,128.0,14.3,0,0,0,0,0,4.669,2,High Risk
PAT-1720,57,male,166.6,73.0,26.3,never,moderate,0,107,68,69,117.2,5.1,200.0,43.0,150.0,45.0,15.4,0,0,0,0,0,0.066,0,Low Risk
PAT-3080,53,male,166.6,57.7,20.8,former,moderate,0,116,79,70,100.0,4.8,162.0,49.0,83.0,93.0,16.1,0,0,1,0,0,0.259,0,Low Risk
PAT-1418,70,female,166.1,84.1,30.5,current,moderate,0,136,86,63,121.5,5.7,203.0,47.0,140.0,114.0,15.1,0,0,0,0,0,3.937,2,High Risk
PAT-3413,40,male,178.0,55.4,17.5,never,high,0,105,65,75,72.8,4.1,156.0,52.0,87.0,62.0,14.6,0,0,0,0,0,-3.34,0,Low Risk
PAT-2322,52,male,160.0,86.3,33.7,never,high,0,135,83,73,98.7,5.1,170.0,42.0,115.0,97.0,14.4,1,0,0,0,0,2.914,1,Moderate Risk
PAT-1360,60,male,167.1,66.7,23.9,never,low,0,117,70,67,118.8,5.6,169.0,57.0,92.0,74.0,12.4,0,0,1,0,0,2.246,1,Moderate Risk
PAT-2851,78,female,172.5,108.3,36.4,never,low,0,156,86,84,128.0,5.7,221.0,45.0,131.0,200.0,13.5,0,0,0,0,0,6.161,2,High Risk
PAT-1014,29,female,160.8,53.0,20.5,never,moderate,0,90,65,76,79.2,4.6,125.0,48.0,73.0,62.0,13.9,0,0,0,0,0,-2.442,0,Low Risk
PAT-1347,33,male,192.7,95.8,25.8,never,low,0,106,68,65,171.7,6.5,208.0,54.0,134.0,106.0,17.4,0,0,1,0,0,3.486,1,Moderate Risk
PAT-2192,45,female,162.5,48.1,18.2,never,moderate,1,107,74,77,72.6,4.1,213.0,49.0,136.0,111.0,12.9,0,0,0,0,0,-1.673,0,Low Risk
PAT-3036,58,female,168.1,62.7,22.2,never,high,1,133,71,71,109.0,5.0,168.0,55.0,98.0,57.0,13.7,1,0,0,0,0,2.742,1,Moderate Risk
PAT-3068,73,male,177.4,85.3,27.1,former,high,0,130,78,61,77.7,4.2,188.0,45.0,137.0,93.0,14.4,0,0,0,0,0,0.656,0,Low Risk
PAT-4108,59,male,182.2,143.7,43.3,current,low,0,148,93,85,142.5,5.7,214.0,34.0,155.0,148.0,15.3,0,1,0,0,0,8.493,2,High Risk
PAT-2835,58,male,189.4,111.9,31.2,never,high,0,139,91,87,111.2,5.4,218.0,51.0,144.0,142.0,15.0,0,0,0,1,0,3.497,1,Moderate Risk
PAT-2617,42,female,167.9,88.0,31.2,never,low,0,123,74,76,141.9,5.8,191.0,51.0,114.0,168.0,13.8,0,0,0,0,0,3.074,1,Moderate Risk
PAT-3952,60,female,165.0,47.6,17.5,never,low,1,115,76,80,72.3,4.3,199.0,59.0,128.0,88.0,12.5,0,0,0,0,0,-0.078,0,Low Risk
PAT-2445,44,male,175.6,101.4,32.9,never,low,1,124,76,101,110.3,4.9,174.0,41.0,107.0,135.0,17.5,0,0,1,0,0,3.349,1,Moderate Risk
PAT-2638,82,male,185.2,76.1,22.2,never,low,0,118,66,70,107.0,4.9,197.0,47.0,112.0,85.0,12.2,0,0,0,0,0,0.275,0,Low Risk
PAT-4193,44,female,161.0,86.3,33.3,former,low,0,111,68,75,184.5,6.9,188.0,51.0,100.0,150.0,16.1,0,0,1,0,0,5.074,2,High Risk
PAT-2360,53,female,163.7,94.3,35.2,never,low,0,137,86,65,128.5,5.2,203.0,57.0,138.0,109.0,13.3,0,0,0,0,0,4.402,2,High Risk
PAT-2605,40,male,175.2,92.7,30.2,current,moderate,0,126,93,74,80.0,4.2,172.0,37.0,121.0,76.0,15.3,0,0,0,0,1,2.216,1,Moderate Risk
PAT-1846,57,male,174.6,112.2,36.8,never,low,0,124,77,66,131.1,5.5,196.0,59.0,110.0,118.0,13.7,0,0,0,0,0,3.83,2,High Risk
PAT-2640,53,male,178.1,101.8,32.1,never,moderate,0,129,83,73,117.9,5.3,182.0,34.0,87.0,219.0,15.2,0,0,0,0,0,2.467,1,Moderate Risk
PAT-2095,52,female,168.1,89.0,31.5,former,moderate,1,120,79,72,101.6,5.0,225.0,44.0,142.0,140.0,13.4,0,1,0,0,0,3.653,1,Moderate Risk
PAT-1857,60,male,172.7,78.4,26.3,never,high,0,119,78,82,100.3,5.5,211.0,45.0,144.0,93.0,15.8,0,0,0,0,0,1.381,1,Moderate Risk
PAT-2498,67,male,176.1,89.3,28.8,former,low,0,140,78,86,142.0,6.1,167.0,32.0,103.0,139.0,15.4,0,0,0,0,0,5.52,2,High Risk
PAT-2235,76,female,157.9,78.3,31.4,former,moderate,0,132,77,58,97.4,5.1,219.0,48.0,142.0,81.0,15.0,0,0,0,0,1,2.315,1,Moderate Risk
PAT-1736,57,female,164.2,81.4,30.2,former,high,0,122,80,66,102.8,5.1,261.0,63.0,171.0,129.0,13.5,0,0,0,0,0,2.052,1,Moderate Risk
PAT-3909,71,female,167.9,76.4,27.1,former,low,0,147,87,70,111.5,5.1,224.0,62.0,139.0,119.0,13.6,0,0,1,0,0,4.198,2,High Risk
PAT-2828,52,male,183.4,69.3,20.6,never,high,0,120,82,65,86.3,4.4,214.0,44.0,147.0,98.0,15.9,0,0,0,0,0,0.605,0,Low Risk
PAT-1653,38,female,160.7,59.9,23.2,former,moderate,1,96,71,89,67.9,4.1,164.0,46.0,84.0,168.0,14.2,0,0,0,1,0,-0.636,0,Low Risk
PAT-1519,64,female,154.5,72.3,30.3,current,moderate,0,130,79,85,104.0,5.0,174.0,48.0,101.0,124.0,15.0,0,0,1,1,1,3.393,1,Moderate Risk
PAT-1314,71,male,164.6,88.3,32.6,current,moderate,0,125,73,82,113.4,5.2,203.0,41.0,142.0,140.0,16.1,0,0,0,0,0,4.308,2,High Risk
PAT-3741,59,male,176.2,94.4,30.4,never,low,0,139,85,62,125.1,5.5,193.0,43.0,121.0,110.0,15.7,0,0,0,0,0,4.014,2,High Risk
PAT-1953,73,male,180.9,90.6,27.7,former,low,1,125,70,87,125.4,5.4,180.0,38.0,134.0,76.0,16.2,0,0,0,0,0,4.044,2,High Risk
PAT-3168,50,male,177.0,117.5,37.5,current,low,0,128,84,98,119.1,5.1,175.0,28.0,126.0,135.0,14.8,0,0,1,0,1,4.799,2,High Risk
PAT-3855,46,male,178.9,79.4,24.8,current,low,0,127,72,68,96.2,5.1,181.0,49.0,126.0,59.0,14.0,0,0,1,0,0,2.211,1,Moderate Risk
PAT-1510,57,female,157.1,54.3,22.0,never,low,0,122,74,78,141.8,5.9,198.0,45.0,127.0,97.0,14.9,0,1,0,0,0,3.917,2,High Risk
PAT-3481,77,female,158.2,82.3,32.9,current,low,0,128,86,82,100.5,4.3,166.0,43.0,87.0,165.0,12.3,0,0,0,1,0,4.011,2,High Risk
PAT-4149,40,female,164.0,78.5,29.2,never,low,0,118,80,79,120.6,5.5,168.0,57.0,89.0,62.0,13.3,0,0,1,0,0,1.245,1,Moderate Risk
PAT-1679,71,male,181.7,114.2,34.6,never,moderate,0,145,88,62,131.2,5.6,206.0,52.0,119.0,190.0,17.0,0,0,0,0,0,5.422,2,High Risk
PAT-3288,45,male,184.9,107.4,31.4,never,moderate,0,130,87,80,101.7,5.2,195.0,42.0,132.0,145.0,17.6,0,0,0,0,0,1.603,1,Moderate Risk
PAT-2958,68,female,171.5,124.4,42.3,never,low,0,148,87,83,223.4,7.6,247.0,31.0,184.0,187.0,13.7,1,0,0,0,0,10.774,2,High Risk
PAT-1921,39,female,170.0,58.1,20.1,never,moderate,0,110,70,71,105.1,5.0,132.0,46.0,63.0,117.0,12.2,0,0,0,0,0,-1.263,0,Low Risk
PAT-2067,69,male,174.1,87.0,28.7,never,moderate,0,121,75,67,116.6,5.2,172.0,46.0,116.0,95.0,13.9,0,0,0,0,0,-0.017,0,Low Risk
PAT-4085,57,female,151.7,46.7,20.3,never,moderate,0,123,77,78,105.1,4.4,202.0,52.0,129.0,127.0,13.4,0,0,0,0,0,0.704,0,Low Risk
PAT-1700,46,male,167.0,108.2,38.8,current,moderate,0,149,94,84,103.0,4.8,202.0,46.0,109.0,192.0,17.9,1,0,0,0,1,5.218,2,High Risk
PAT-2800,80,male,188.5,122.9,34.6,never,low,1,117,85,74,128.3,5.8,230.0,54.0,151.0,112.0,16.2,0,0,0,0,0,3.689,2,High Risk
PAT-2114,55,male,179.1,105.9,33.0,never,low,1,108,72,60,116.8,5.0,214.0,40.0,141.0,145.0,17.5,1,0,0,0,0,4.861,2,High Risk
PAT-3541,35,male,177.6,97.5,30.9,never,low,1,99,68,75,134.3,5.5,173.0,38.0,113.0,75.0,17.8,0,0,0,1,0,4.067,2,High Risk
PAT-3213,47,female,168.9,68.8,24.1,former,low,0,112,69,65,94.3,5.0,162.0,51.0,86.0,162.0,13.1,0,0,0,0,0,0.878,0,Low Risk
PAT-1798,53,female,165.7,89.0,32.4,current,low,0,127,91,93,101.0,5.2,158.0,37.0,104.0,137.0,11.3,0,0,1,0,0,4.517,2,High Risk
PAT-2508,54,male,175.9,82.9,26.8,never,high,1,120,72,58,97.2,5.0,211.0,43.0,150.0,82.0,15.4,0,0,0,0,0,1.492,1,Moderate Risk
PAT-3786,42,male,189.3,109.3,30.5,former,low,0,117,72,70,90.5,4.1,160.0,31.0,106.0,103.0,14.4,0,0,0,0,0,1.218,1,Moderate Risk
PAT-3352,63,male,176.2,70.2,22.6,former,moderate,0,118,76,64,96.7,5.2,205.0,53.0,125.0,111.0,16.2,0,1,0,0,0,1.982,1,Moderate Risk
PAT-2174,42,male,183.1,68.7,20.5,current,moderate,0,110,70,57,99.6,5.2,204.0,47.0,134.0,140.0,14.3,0,1,0,0,0,2.301,1,Moderate Risk
PAT-2973,56,male,174.6,84.1,27.6,never,low,1,125,84,77,96.2,4.7,225.0,60.0,133.0,116.0,15.1,0,0,1,0,0,2.213,1,Moderate Risk
PAT-2364,70,male,178.4,55.7,17.5,current,moderate,1,124,79,74,95.2,4.1,165.0,42.0,106.0,73.0,14.9,0,0,0,0,0,3.139,1,Moderate Risk
PAT-1224,46,female,163.0,61.1,23.0,never,high,0,112,68,55,96.7,4.5,183.0,60.0,100.0,122.0,14.3,0,0,0,0,0,-1.736,0,Low Risk
PAT-2088,49,female,170.2,63.2,21.8,former,moderate,0,118,73,75,65.0,4.1,168.0,43.0,97.0,121.0,14.9,0,0,0,0,0,-1.29,0,Low Risk
PAT-4041,55,female,165.4,114.1,41.7,former,moderate,0,147,97,65,122.4,5.7,196.0,45.0,113.0,182.0,11.5,0,0,0,0,0,6.034,2,High Risk
PAT-1999,61,female,164.7,68.6,25.3,never,high,0,103,67,83,124.9,5.8,208.0,58.0,111.0,167.0,13.4,0,0,0,0,0,0.296,0,Low Risk
PAT-1900,58,male,183.6,59.0,17.5,never,moderate,0,111,64,74,88.3,4.5,201.0,48.0,133.0,121.0,14.9,0,0,0,0,0,-0.402,0,Low Risk
PAT-2051,59,female,162.9,95.3,35.9,never,moderate,0,130,87,83,122.1,5.5,227.0,56.0,135.0,160.0,13.4,0,0,0,0,0,1.385,1,Moderate Risk
PAT-2596,62,male,177.6,102.8,32.6,never,moderate,0,127,75,78,115.7,5.9,224.0,50.0,139.0,149.0,16.9,0,0,0,0,0,2.514,1,Moderate Risk
PAT-1658,56,female,165.4,81.8,29.9,never,low,0,119,74,55,91.0,4.9,182.0,49.0,114.0,100.0,13.8,0,0,0,0,0,1.074,0,Low Risk
PAT-1555,47,female,172.5,81.2,27.3,current,low,0,125,77,70,102.1,4.7,159.0,53.0,77.0,129.0,11.6,0,0,0,0,0,3.391,1,Moderate Risk
PAT-3041,47,female,164.3,68.8,25.5,never,high,1,105,63,82,129.5,6.0,235.0,53.0,149.0,215.0,14.7,0,0,0,0,0,3.235,1,Moderate Risk
PAT-4091,64,male,175.8,124.5,40.3,never,moderate,0,131,85,77,134.3,5.5,225.0,47.0,143.0,139.0,15.6,0,0,0,0,0,5.027,2,High Risk
PAT-2941,48,female,155.1,53.2,22.1,former,moderate,0,112,74,82,91.3,5.2,210.0,57.0,132.0,113.0,12.9,0,0,0,0,0,0.919,0,Low Risk
PAT-2668,65,male,174.3,53.2,17.5,never,high,0,113,77,61,78.7,4.5,166.0,56.0,89.0,73.0,15.9,0,0,0,0,0,-1.3,0,Low Risk
PAT-4127,71,female,167.9,61.7,21.9,never,moderate,1,124,89,69,107.9,5.1,197.0,50.0,130.0,128.0,13.4,0,0,0,0,0,1.805,1,Moderate Risk
PAT-2686,46,female,157.9,45.1,18.1,former,moderate,0,118,74,73,96.8,5.3,174.0,65.0,94.0,102.0,13.7,0,0,0,0,0,0.03,0,Low Risk
PAT-2042,68,female,166.9,110.9,39.8,current,moderate,0,141,93,78,115.2,5.7,218.0,43.0,133.0,176.0,14.0,0,1,0,0,1,5.59,2,High Risk
PAT-3545,59,male,188.0,93.7,26.5,current,low,0,135,87,79,118.1,5.1,181.0,52.0,102.0,134.0,15.2,0,0,0,0,0,3.848,2,High Risk
PAT-3256,65,male,171.4,66.4,22.6,current,moderate,0,125,82,70,80.0,4.1,174.0,43.0,125.0,70.0,14.6,0,0,0,0,0,-0.742,0,Low Risk
PAT-3862,38,male,160.2,44.9,17.5,former,low,0,100,72,72,96.4,4.9,172.0,48.0,96.0,135.0,14.7,0,0,0,0,0,-1.011,0,Low Risk
PAT-2136,70,female,159.0,64.2,25.4,never,moderate,0,121,74,65,89.0,4.9,202.0,62.0,111.0,125.0,14.8,0,0,0,0,0,-0.123,0,Low Risk
PAT-2166,72,male,170.9,106.3,36.4,never,low,0,123,79,86,117.6,5.1,179.0,47.0,111.0,125.0,14.1,0,1,1,0,0,3.256,1,Moderate Risk
PAT-3501,67,female,159.9,114.3,44.7,former,moderate,0,143,93,71,120.9,5.4,187.0,35.0,117.0,190.0,13.6,0,0,0,1,0,5.329,2,High Risk
PAT-3710,42,male,181.8,125.9,38.1,never,low,0,119,78,59,125.1,5.6,227.0,40.0,148.0,148.0,15.4,0,0,0,0,0,4.078,2,High Risk
PAT-2187,50,female,159.0,44.2,17.5,never,moderate,0,114,70,56,82.0,4.5,187.0,66.0,101.0,81.0,12.4,0,0,1,0,0,-2.23,0,Low Risk
PAT-1820,46,male,169.3,87.7,30.6,never,moderate,1,122,69,79,98.5,5.2,165.0,33.0,107.0,109.0,15.2,0,0,1,0,0,1.087,0,Low Risk
PAT-1769,78,male,193.5,102.2,27.3,never,low,0,117,79,68,78.2,4.7,250.0,41.0,180.0,177.0,14.7,0,0,0,0,0,4.312,2,High Risk
PAT-2915,45,female,164.7,62.7,23.1,never,low,1,116,84,73,112.4,4.9,195.0,55.0,115.0,90.0,13.6,0,0,1,0,0,1.056,0,Low Risk
PAT-1254,32,female,156.4,79.0,32.3,never,high,1,105,78,53,160.6,6.2,157.0,56.0,67.0,156.0,12.3,0,0,0,0,0,0.94,0,Low Risk
PAT-3996,57,female,162.2,51.6,19.6,former,low,0,114,67,71,69.2,4.7,147.0,48.0,87.0,85.0,12.4,0,0,0,0,0,-1.526,0,Low Risk
PAT-3063,52,female,165.3,48.6,17.8,former,moderate,0,112,73,61,65.0,4.4,221.0,48.0,155.0,82.0,13.5,0,0,0,0,0,-1.101,0,Low Risk
PAT-1841,62,male,183.8,86.1,25.5,former,high,1,137,80,69,139.2,5.9,213.0,45.0,140.0,141.0,15.5,0,0,0,0,0,5.174,2,High Risk
PAT-1424,62,female,157.4,76.6,30.9,never,low,0,127,79,88,103.4,4.8,221.0,50.0,136.0,177.0,13.6,0,0,0,0,0,2.206,1,Moderate Risk
PAT-2324,54,male,181.4,95.1,28.9,current,moderate,0,125,68,80,116.1,5.5,215.0,46.0,149.0,123.0,17.2,0,0,0,0,1,2.028,1,Moderate Risk
PAT-1280,55,male,184.1,76.9,22.7,never,low,0,124,70,70,96.0,5.4,212.0,58.0,145.0,70.0,14.6,0,0,1,0,0,0.528,0,Low Risk
PAT-3035,85,male,178.2,109.2,34.4,never,high,0,144,85,71,118.9,5.3,204.0,50.0,146.0,51.0,15.9,0,0,0,0,0,4.045,2,High Risk
PAT-1708,24,male,172.1,61.3,20.7,never,moderate,0,108,60,74,88.8,4.8,197.0,42.0,131.0,103.0,15.2,0,0,0,0,0,-1.744,0,Low Risk
PAT-3197,53,female,160.7,45.2,17.5,never,low,1,123,73,72,102.9,5.2,151.0,42.0,102.0,45.0,13.3,0,0,0,0,1,2.509,1,Moderate Risk
PAT-1752,39,female,157.5,55.6,22.4,former,moderate,0,114,72,59,82.2,4.6,183.0,51.0,114.0,75.0,13.8,0,0,0,0,1,-0.734,0,Low Risk
PAT-2824,55,male,180.3,130.0,40.0,never,low,0,135,87,74,117.6,5.0,210.0,51.0,130.0,100.0,15.5,0,0,0,0,0,2.259,1,Moderate Risk
PAT-2135,66,female,166.8,74.0,26.6,former,moderate,0,116,79,63,108.7,5.0,237.0,57.0,144.0,112.0,13.8,0,0,0,0,0,1.082,0,Low Risk
PAT-3762,66,male,191.5,93.1,25.4,never,low,0,120,83,71,91.6,4.5,163.0,53.0,94.0,113.0,14.6,0,0,0,0,0,1.31,1,Moderate Risk
PAT-2548,64,female,161.4,91.7,35.2,never,moderate,1,144,92,82,127.8,5.7,251.0,50.0,162.0,174.0,13.2,0,0,0,0,0,4.351,2,High Risk
PAT-1533,36,female,167.4,57.2,20.4,never,low,1,92,61,79,111.9,5.0,224.0,53.0,139.0,118.0,12.7,0,0,0,0,0,0.562,0,Low Risk
PAT-3102,41,male,172.9,86.4,28.9,former,low,0,116,78,78,115.1,5.4,153.0,43.0,83.0,162.0,14.1,0,0,0,0,0,3.553,1,Moderate Risk
PAT-1645,49,female,158.2,80.6,32.2,former,moderate,0,123,86,66,78.9,4.1,117.0,22.0,79.0,94.0,13.2,0,0,0,0,0,1.208,1,Moderate Risk
PAT-2000,73,male,183.3,106.2,31.6,never,high,0,142,83,70,104.5,5.1,177.0,41.0,97.0,173.0,17.1,1,0,0,0,0,3.128,1,Moderate Risk
PAT-3538,36,male,176.8,143.8,46.0,never,high,0,129,92,66,108.6,5.2,224.0,41.0,152.0,163.0,14.5,0,0,0,0,0,3.628,1,Moderate Risk
PAT-2009,46,male,184.4,156.4,46.0,never,high,1,137,91,80,118.3,5.7,248.0,52.0,141.0,257.0,15.2,0,0,0,0,0,4.617,2,High Risk
PAT-2121,70,female,161.1,57.6,22.2,never,moderate,1,126,82,80,85.1,4.1,209.0,56.0,137.0,83.0,13.2,0,0,0,0,0,0.844,0,Low Risk
PAT-1214,49,female,170.3,76.0,26.2,never,moderate,0,100,83,86,99.5,5.0,161.0,46.0,109.0,73.0,12.1,0,0,0,0,0,-1.198,0,Low Risk
PAT-3660,37,male,166.4,82.0,29.6,never,low,0,100,76,82,108.8,5.2,169.0,56.0,96.0,69.0,16.2,0,0,0,1,0,0.736,0,Low Risk
PAT-1209,85,male,170.0,72.2,25.0,current,low,0,115,68,63,111.5,5.1,166.0,49.0,95.0,99.0,14.5,0,0,0,0,0,1.455,1,Moderate Risk
PAT-3086,46,male,170.4,79.3,27.3,former,high,0,108,69,73,98.1,5.1,129.0,41.0,66.0,123.0,13.8,1,0,0,0,0,1.736,1,Moderate Risk
PAT-1979,64,male,168.4,87.3,30.8,never,moderate,0,114,78,78,108.1,5.2,227.0,52.0,142.0,161.0,16.6,0,0,0,0,0,0.86,0,Low Risk
PAT-1866,57,male,174.1,97.6,32.2,never,moderate,0,132,81,76,106.4,4.6,174.0,53.0,113.0,85.0,14.9,0,0,0,0,0,1.541,1,Moderate Risk
PAT-2070,52,male,182.8,68.2,20.4,former,moderate,0,127,78,73,79.6,5.1,184.0,51.0,111.0,105.0,15.8,0,0,0,0,0,0.2,0,Low Risk
PAT-3198,44,female,162.3,46.1,17.5,never,moderate,0,103,80,69,110.8,5.1,195.0,53.0,125.0,106.0,13.3,0,0,0,0,0,-0.988,0,Low Risk
PAT-1330,53,male,176.0,90.8,29.3,current,moderate,0,124,83,77,111.7,5.3,243.0,34.0,168.0,155.0,14.8,0,0,0,0,0,4.711,2,High Risk
PAT-4185,72,male,177.5,99.6,31.6,never,moderate,0,132,91,83,124.4,5.3,128.0,39.0,87.0,45.0,16.4,0,0,1,0,0,2.129,1,Moderate Risk
PAT-1191,65,male,155.7,59.4,24.5,current,moderate,0,122,63,64,80.6,4.1,238.0,40.0,147.0,218.0,15.1,0,0,1,0,0,1.938,1,Moderate Risk
PAT-3432,53,female,171.3,61.0,20.8,current,moderate,1,115,85,70,91.3,4.8,214.0,59.0,134.0,133.0,14.1,0,0,0,0,0,2.15,1,Moderate Risk
PAT-3104,36,male,180.2,72.4,22.3,current,high,0,115,70,88,97.8,5.2,172.0,37.0,107.0,138.0,16.0,0,0,1,0,0,1.951,1,Moderate Risk
PAT-2533,51,female,161.6,61.9,23.7,never,low,1,118,69,64,92.8,4.8,214.0,47.0,143.0,121.0,14.7,0,0,0,0,0,0.981,0,Low Risk
PAT-2708,51,male,163.4,73.7,27.6,never,moderate,1,125,75,65,89.7,4.4,211.0,54.0,134.0,98.0,15.5,0,0,0,0,0,2.305,1,Moderate Risk
PAT-2049,72,male,178.9,57.6,18.0,never,low,0,108,62,75,97.2,4.6,181.0,39.0,110.0,142.0,15.4,0,0,0,0,0,1.143,0,Low Risk
PAT-3105,76,male,182.0,123.6,37.3,never,moderate,0,141,83,67,218.5,7.6,204.0,32.0,134.0,178.0,16.9,0,0,0,0,1,7.125,2,High Risk
PAT-1789,30,male,174.2,79.2,26.1,former,moderate,1,127,80,73,67.6,4.6,141.0,32.0,91.0,112.0,13.4,0,0,0,0,0,-0.622,0,Low Risk
PAT-1107,55,female,168.3,93.5,33.0,never,moderate,1,126,81,64,124.0,6.0,204.0,55.0,107.0,177.0,15.2,0,0,0,0,0,3.533,1,Moderate Risk
PAT-3748,58,male,182.9,152.2,45.5,never,moderate,0,126,76,88,110.4,5.0,155.0,32.0,75.0,223.0,17.2,0,0,0,0,0,1.39,1,Moderate Risk
PAT-4037,55,female,145.0,86.4,41.1,never,high,1,131,82,67,131.8,6.0,272.0,42.0,180.0,215.0,14.4,0,1,0,0,0,6.642,2,High Risk
PAT-1991,24,female,176.9,54.8,17.5,former,moderate,0,108,67,81,65.0,4.2,121.0,44.0,57.0,106.0,13.1,0,0,0,0,0,-2.716,0,Low Risk
PAT-4145,60,female,155.0,80.0,33.3,never,moderate,0,128,81,77,84.4,4.4,216.0,53.0,140.0,116.0,14.0,0,0,0,0,0,0.773,0,Low Risk
PAT-2696,39,female,171.3,91.0,31.0,never,low,0,124,72,63,106.2,5.2,162.0,50.0,98.0,112.0,13.6,0,0,0,0,0,0.609,0,Low Risk
PAT-3404,76,female,165.3,68.3,25.0,former,moderate,0,145,85,74,106.7,5.0,228.0,59.0,154.0,101.0,12.3,0,0,0,0,0,2.515,1,Moderate Risk
PAT-4170,40,female,167.7,75.7,26.9,former,moderate,1,107,75,57,110.9,5.0,208.0,41.0,134.0,159.0,13.0,0,0,1,1,0,3.093,1,Moderate Risk
PAT-2160,22,female,159.1,99.0,39.1,never,moderate,0,123,87,59,121.6,5.4,223.0,45.0,152.0,109.0,15.0,0,0,0,0,0,1.862,1,Moderate Risk
PAT-1711,52,female,177.4,60.4,19.2,never,low,1,108,59,63,91.2,4.5,204.0,63.0,132.0,64.0,14.3,0,0,0,0,0,0.887,0,Low Risk
PAT-1697,35,male,178.3,87.1,27.4,current,high,0,120,73,75,67.5,4.2,186.0,43.0,119.0,95.0,14.5,0,1,0,0,0,-0.371,0,Low Risk
PAT-1179,85,male,183.0,92.8,27.7,former,low,0,123,78,72,109.8,4.8,234.0,48.0,169.0,101.0,14.7,0,0,0,1,1,5.287,2,High Risk
PAT-2830,63,male,176.1,63.3,20.4,former,moderate,1,91,55,72,92.9,4.3,138.0,48.0,79.0,59.0,14.1,0,0,0,0,0,-0.896,0,Low Risk
PAT-3433,51,male,172.1,93.9,31.7,current,high,0,128,80,83,103.1,5.2,172.0,34.0,115.0,101.0,15.1,0,0,0,0,0,2.021,1,Moderate Risk
PAT-1675,42,male,176.0,82.1,26.5,never,moderate,0,107,55,66,80.2,4.1,220.0,47.0,126.0,208.0,17.1,0,0,0,0,0,-0.713,0,Low Risk
PAT-2219,83,male,179.4,82.4,25.6,never,low,0,125,68,79,106.8,5.7,192.0,51.0,114.0,79.0,16.9,0,0,0,0,1,2.154,1,Moderate Risk
PAT-3026,78,male,171.6,98.9,33.6,former,moderate,0,129,76,69,195.3,7.4,167.0,22.0,122.0,121.0,15.5,0,1,0,0,0,8.502,2,High Risk
PAT-1801,46,male,177.0,63.6,20.3,never,high,0,119,80,78,99.2,5.3,210.0,60.0,133.0,104.0,17.4,0,0,0,0,0,1.061,0,Low Risk
PAT-3273,53,male,180.1,89.8,27.7,current,low,0,132,82,89,97.6,4.6,211.0,37.0,142.0,143.0,15.1,0,0,0,0,1,4.063,2,High Risk
PAT-1066,52,female,162.4,86.2,32.7,never,low,0,122,78,86,115.3,4.5,194.0,56.0,115.0,127.0,12.7,0,1,0,0,0,3.538,1,Moderate Risk
PAT-3340,63,male,176.6,74.2,23.8,former,moderate,1,139,74,61,113.5,5.3,209.0,41.0,133.0,132.0,15.7,0,0,0,0,0,3.496,1,Moderate Risk
PAT-2206,43,male,179.0,70.8,22.1,never,high,0,115,66,69,82.3,4.6,127.0,55.0,57.0,101.0,15.5,0,1,0,0,0,-1.944,0,Low Risk
PAT-2244,44,female,154.0,54.8,23.1,never,moderate,1,107,74,64,114.8,5.3,182.0,63.0,109.0,60.0,13.0,0,0,0,0,0,-1.02,0,Low Risk
PAT-3608,66,male,176.5,92.8,29.8,current,moderate,1,156,78,77,134.4,6.6,224.0,33.0,167.0,145.0,17.2,0,0,0,1,0,7.79,2,High Risk
PAT-1765,43,female,154.7,74.9,31.3,never,high,0,136,83,78,144.2,5.9,133.0,38.0,70.0,156.0,15.3,1,0,0,0,0,5.586,2,High Risk
PAT-3558,58,female,160.2,54.4,21.2,never,moderate,0,134,78,60,96.0,4.8,202.0,50.0,119.0,129.0,14.4,0,0,0,0,0,-0.203,0,Low Risk
PAT-4173,64,male,174.2,58.0,19.1,former,moderate,0,105,67,63,96.1,5.1,203.0,62.0,105.0,153.0,15.4,0,0,0,0,0,-0.0,0,Low Risk
PAT-2897,75,male,173.3,98.8,32.9,former,moderate,0,139,78,57,141.5,5.4,143.0,38.0,83.0,180.0,15.2,0,0,1,0,0,4.371,2,High Risk
PAT-1318,58,male,166.0,67.0,24.3,never,low,0,127,69,87,90.8,4.6,161.0,36.0,102.0,135.0,14.3,0,0,0,0,0,1.449,1,Moderate Risk
PAT-3929,67,male,162.2,96.3,36.6,current,moderate,0,133,69,85,103.8,4.8,207.0,41.0,126.0,191.0,14.8,0,1,0,0,0,5.835,2,High Risk
PAT-3412,37,female,158.2,62.8,25.1,never,high,0,113,70,71,89.4,4.5,215.0,54.0,134.0,113.0,13.9,0,0,1,0,0,-2.223,0,Low Risk
PAT-2434,51,female,163.8,85.3,31.8,never,moderate,0,127,77,84,113.6,5.2,173.0,55.0,91.0,144.0,13.9,0,0,1,0,0,0.631,0,Low Risk
PAT-3883,59,male,178.4,98.3,30.9,never,moderate,0,123,80,79,112.7,5.2,216.0,57.0,124.0,114.0,13.5,0,0,1,0,0,0.712,0,Low Risk
PAT-3940,67,female,161.6,55.1,21.1,never,low,1,126,78,68,98.7,5.4,169.0,42.0,98.0,117.0,14.2,0,0,0,0,0,4.134,2,High Risk
PAT-2001,66,female,159.8,65.1,25.5,current,moderate,0,118,77,69,101.7,4.9,249.0,51.0,163.0,136.0,13.0,0,0,0,0,0,2.236,1,Moderate Risk
PAT-1781,34,female,166.7,58.6,21.1,never,low,0,98,63,86,109.4,5.0,157.0,38.0,95.0,148.0,13.5,0,0,1,0,0,1.14,0,Low Risk
PAT-2199,72,male,167.0,67.2,24.1,current,low,0,126,72,67,101.3,5.0,195.0,43.0,127.0,89.0,14.8,0,0,0,0,0,2.395,1,Moderate Risk
PAT-2089,50,female,158.4,66.2,26.4,never,high,0,120,78,78,79.0,4.7,223.0,61.0,138.0,86.0,14.6,0,0,0,0,0,-1.528,0,Low Risk
PAT-2250,58,female,172.1,85.3,28.8,never,moderate,0,124,77,73,89.7,4.3,226.0,58.0,152.0,114.0,13.8,0,1,0,0,0,0.619,0,Low Risk
PAT-3621,64,female,164.1,80.8,30.0,former,low,1,131,87,80,100.2,4.8,191.0,41.0,128.0,88.0,12.3,0,0,1,0,0,4.412,2,High Risk
PAT-3519,41,male,181.5,71.2,21.6,never,moderate,0,117,72,74,75.0,4.3,191.0,61.0,113.0,79.0,12.9,0,0,1,0,0,-2.855,0,Low Risk
PAT-3310,49,male,168.0,69.1,24.5,current,low,0,126,79,79,115.5,5.2,169.0,39.0,96.0,169.0,15.2,0,0,1,0,1,4.609,2,High Risk
PAT-1583,85,female,173.0,77.8,26.0,never,high,1,136,81,91,165.7,6.6,225.0,56.0,146.0,113.0,13.2,0,0,1,0,0,5.971,2,High Risk
PAT-3117,39,female,168.9,88.4,31.0,never,moderate,0,118,75,67,108.8,4.9,182.0,47.0,114.0,130.0,14.0,0,0,0,0,0,0.548,0,Low Risk
PAT-2018,49,female,163.4,72.9,27.3,never,low,0,113,85,86,90.3,4.1,177.0,42.0,120.0,94.0,15.0,0,0,0,0,0,0.135,0,Low Risk
PAT-3053,49,female,165.8,70.4,25.6,never,high,0,109,76,69,96.5,4.8,190.0,57.0,116.0,99.0,13.6,0,0,0,0,0,-0.089,0,Low Risk
PAT-3242,81,female,166.9,48.7,17.5,former,low,0,120,72,80,98.5,5.5,164.0,48.0,98.0,93.0,12.7,0,0,0,0,0,1.416,1,Moderate Risk
PAT-1374,83,male,181.2,68.6,20.9,never,moderate,0,136,83,70,111.0,5.2,180.0,58.0,106.0,82.0,16.0,0,0,1,0,0,0.88,0,Low Risk
PAT-2440,62,male,184.2,80.1,23.6,never,high,0,131,79,73,91.2,5.0,215.0,37.0,151.0,73.0,16.0,0,1,0,0,0,0.024,0,Low Risk
PAT-2390,59,male,162.5,89.0,33.7,never,moderate,0,127,74,88,106.2,5.1,172.0,32.0,128.0,97.0,16.1,0,0,1,0,0,2.564,1,Moderate Risk
PAT-1830,34,male,164.9,87.3,32.1,never,low,0,136,89,69,189.6,7.0,185.0,38.0,108.0,187.0,13.6,0,0,1,0,0,5.233,2,High Risk
PAT-1973,44,female,156.3,112.4,46.0,never,moderate,0,140,92,93,119.9,5.7,225.0,36.0,152.0,182.0,12.4,0,0,0,0,0,4.601,2,High Risk
PAT-2606,55,female,151.6,52.6,22.9,never,low,0,114,71,75,107.3,5.1,189.0,66.0,105.0,82.0,12.0,0,0,1,0,0,-0.136,0,Low Risk
PAT-1702,43,female,169.2,80.4,28.1,never,moderate,0,117,69,69,80.8,4.3,171.0,49.0,99.0,138.0,14.4,0,0,0,0,0,-0.915,0,Low Risk
PAT-2906,31,male,170.4,81.6,28.1,never,moderate,1,105,65,70,108.5,5.1,196.0,59.0,132.0,86.0,16.2,0,0,0,0,0,0.844,0,Low Risk
PAT-3471,85,male,180.4,80.1,24.6,never,moderate,0,131,81,75,96.2,4.4,169.0,38.0,100.0,147.0,15.8,0,0,0,0,0,3.183,1,Moderate Risk
PAT-1660,45,male,178.5,60.9,19.1,never,moderate,0,103,74,81,76.4,4.5,189.0,43.0,125.0,90.0,14.5,0,0,0,0,0,-1.949,0,Low Risk
PAT-3630,57,female,164.3,70.7,26.2,never,moderate,0,134,74,66,116.8,5.2,162.0,52.0,85.0,127.0,14.5,0,0,0,0,0,1.625,1,Moderate Risk
PAT-2331,70,female,166.8,55.9,20.1,former,moderate,1,118,76,68,245.1,8.3,249.0,58.0,157.0,139.0,13.6,0,1,1,0,0,9.599,2,High Risk
PAT-1961,72,female,154.8,71.6,29.9,former,low,1,141,79,88,101.5,4.8,211.0,33.0,151.0,169.0,14.9,0,0,0,0,0,5.134,2,High Risk
PAT-4115,57,male,171.8,101.2,34.3,former,moderate,1,123,88,72,89.7,5.0,184.0,45.0,105.0,136.0,14.6,0,1,1,0,0,4.501,2,High Risk
PAT-1099,50,female,157.1,74.3,30.1,never,low,1,116,73,81,98.8,5.2,130.0,58.0,67.0,74.0,13.4,0,0,1,0,0,3.168,1,Moderate Risk
PAT-1792,57,male,167.4,49.0,17.5,never,low,1,101,83,69,81.1,4.2,231.0,64.0,147.0,88.0,14.8,1,0,1,0,0,1.857,1,Moderate Risk
PAT-1988,50,female,168.8,74.7,26.2,never,moderate,0,125,77,71,92.7,5.3,176.0,51.0,97.0,136.0,12.9,0,0,0,0,0,1.299,1,Moderate Risk
PAT-1775,31,male,169.7,52.4,18.2,former,moderate,0,97,65,60,71.9,4.1,134.0,41.0,75.0,71.0,15.3,0,0,0,0,0,-3.178,0,Low Risk
PAT-1963,63,female,173.3,79.3,26.4,never,low,0,107,71,62,137.4,5.9,215.0,62.0,123.0,85.0,11.3,0,0,1,1,0,3.59,1,Moderate Risk
PAT-2581,69,female,163.5,92.8,34.7,never,high,0,143,86,82,134.6,5.7,281.0,59.0,190.0,165.0,13.6,0,0,0,0,0,4.474,2,High Risk
PAT-2597,82,female,154.5,78.5,32.9,never,low,0,140,85,84,124.8,5.6,218.0,48.0,143.0,116.0,13.6,0,0,0,0,0,4.719,2,High Risk
PAT-3992,54,female,158.9,85.1,33.7,never,high,0,132,83,59,132.3,5.8,169.0,36.0,95.0,198.0,13.7,0,0,1,0,0,3.762,2,High Risk
PAT-3431,39,male,187.7,109.6,31.1,current,high,0,121,73,82,72.6,4.6,195.0,32.0,122.0,152.0,14.2,0,0,0,0,0,0.949,0,Low Risk
PAT-3003,49,male,167.4,93.0,33.2,never,high,0,126,74,74,85.1,4.7,171.0,55.0,96.0,117.0,15.1,0,0,0,1,0,0.246,0,Low Risk
PAT-2281,51,male,172.3,91.4,30.8,never,moderate,0,126,80,85,115.0,5.7,136.0,39.0,86.0,110.0,13.5,0,0,0,0,0,0.284,0,Low Risk
PAT-1434,74,male,189.2,70.5,19.7,never,moderate,0,115,74,77,110.0,5.6,220.0,54.0,146.0,85.0,13.3,0,0,0,0,0,0.879,0,Low Risk
PAT-2945,48,female,155.0,59.6,24.8,never,low,0,103,82,76,72.6,4.2,227.0,52.0,158.0,66.0,11.2,0,0,0,1,0,-0.206,0,Low Risk
PAT-1187,52,female,171.3,69.0,23.5,never,moderate,0,116,68,61,101.7,4.9,174.0,55.0,96.0,161.0,15.5,0,0,0,0,0,0.607,0,Low Risk
PAT-1283,36,female,160.3,69.4,27.0,never,low,1,126,86,63,125.8,5.8,152.0,41.0,100.0,55.0,13.7,0,0,0,0,0,2.966,1,Moderate Risk
PAT-1046,47,male,169.1,84.1,29.4,never,low,0,114,73,82,119.0,5.5,184.0,37.0,118.0,125.0,15.2,0,1,0,0,0,3.502,1,Moderate Risk
PAT-2116,85,male,167.9,66.0,23.4,never,low,0,123,80,63,111.1,5.8,176.0,39.0,112.0,118.0,14.2,0,0,1,0,0,2.676,1,Moderate Risk
PAT-1495,61,female,157.6,64.6,26.0,never,high,0,119,76,74,118.8,5.7,178.0,42.0,105.0,130.0,14.5,0,0,0,0,0,2.888,1,Moderate Risk
PAT-2899,49,female,161.0,45.4,17.5,former,high,1,109,76,82,81.4,4.1,213.0,49.0,130.0,117.0,14.6,0,0,0,0,0,1.156,0,Low Risk
PAT-2852,36,male,184.2,119.1,35.1,never,moderate,0,104,75,65,96.2,4.7,162.0,45.0,89.0,117.0,15.3,0,0,1,0,0,0.001,0,Low Risk
PAT-2452,56,male,183.6,93.0,27.6,never,moderate,1,104,68,76,104.0,4.9,253.0,49.0,167.0,121.0,15.4,0,0,0,0,0,1.677,1,Moderate Risk
PAT-3842,74,female,165.5,126.0,46.0,current,high,0,145,91,88,209.0,7.5,181.0,46.0,77.0,208.0,12.6,0,1,0,0,0,10.256,2,High Risk
PAT-1160,39,male,164.7,78.7,29.0,former,moderate,0,110,75,83,100.2,4.8,186.0,54.0,111.0,120.0,14.0,0,1,0,0,0,0.655,0,Low Risk
PAT-1026,37,male,176.1,74.1,23.9,never,low,1,117,71,59,97.5,5.0,158.0,44.0,83.0,131.0,14.1,0,0,0,1,0,0.306,0,Low Risk
PAT-1059,67,female,157.5,65.7,26.5,never,moderate,1,128,75,83,122.4,6.2,198.0,61.0,119.0,74.0,15.3,0,0,0,0,0,2.009,1,Moderate Risk
PAT-1931,79,male,169.4,50.2,17.5,never,moderate,0,103,70,71,97.6,4.3,187.0,39.0,144.0,53.0,15.8,0,0,0,0,0,0.021,0,Low Risk
PAT-2698,60,female,164.1,47.1,17.5,never,moderate,1,117,77,68,77.8,5.1,166.0,49.0,92.0,138.0,12.5,0,0,0,0,0,1.313,1,Moderate Risk
PAT-3016,49,male,173.2,67.2,22.4,former,low,0,119,70,91,93.9,5.0,165.0,42.0,103.0,89.0,15.7,0,0,0,0,0,-0.106,0,Low Risk
PAT-1811,47,female,154.7,94.1,39.3,never,low,0,129,87,69,121.3,5.3,197.0,55.0,106.0,137.0,13.2,0,0,0,0,0,3.505,1,Moderate Risk
PAT-2829,53,male,179.3,95.8,29.8,never,low,0,131,83,58,116.5,5.2,162.0,36.0,95.0,170.0,14.7,0,0,0,0,0,2.932,1,Moderate Risk
PAT-1845,60,male,185.4,108.6,31.6,never,high,0,119,76,92,93.0,4.3,187.0,34.0,122.0,142.0,17.4,0,0,0,0,0,0.507,0,Low Risk
PAT-2578,43,female,158.8,83.5,33.1,never,moderate,0,127,76,79,119.9,4.7,208.0,44.0,129.0,169.0,12.2,0,0,0,0,0,1.386,1,Moderate Risk
PAT-4095,71,female,167.7,106.0,37.7,former,moderate,0,133,84,82,137.3,5.6,204.0,38.0,126.0,203.0,13.3,0,0,0,0,0,3.417,1,Moderate Risk
PAT-2471,44,female,160.5,68.5,26.6,never,high,0,129,88,70,107.8,5.2,202.0,69.0,109.0,95.0,12.9,0,0,1,0,0,0.305,0,Low Risk
PAT-2998,51,female,158.2,77.3,30.9,current,low,0,123,78,85,112.5,5.0,171.0,41.0,98.0,183.0,11.0,0,0,1,0,0,3.999,2,High Risk
PAT-2577,69,male,169.2,131.7,46.0,never,low,0,153,93,88,122.5,5.4,186.0,38.0,126.0,137.0,16.1,0,0,1,0,0,4.756,2,High Risk
PAT-1397,72,female,162.5,61.0,23.1,never,high,0,126,80,64,91.2,4.5,220.0,55.0,137.0,122.0,12.2,0,0,0,0,0,1.388,1,Moderate Risk
PAT-2993,63,male,169.9,50.5,17.5,never,high,0,114,74,76,80.8,4.7,192.0,56.0,123.0,45.0,14.1,0,0,0,0,0,-0.185,0,Low Risk
PAT-3270,58,female,169.0,103.1,36.1,never,low,0,119,72,80,117.9,5.6,201.0,65.0,120.0,104.0,13.2,0,0,0,0,1,1.85,1,Moderate Risk
PAT-1442,24,female,160.6,68.1,26.4,never,moderate,0,124,82,64,78.2,4.5,210.0,66.0,106.0,158.0,14.0,0,0,0,0,0,-1.844,0,Low Risk
PAT-3898,49,female,166.9,58.5,21.0,former,moderate,0,115,71,57,96.6,5.2,172.0,46.0,104.0,115.0,13.4,0,0,1,1,0,1.277,1,Moderate Risk
PAT-1667,74,female,164.6,94.3,34.8,current,low,0,141,93,82,118.2,6.2,202.0,47.0,114.0,194.0,15.5,0,0,1,0,0,7.691,2,High Risk
PAT-3408,64,male,173.7,78.4,26.0,never,moderate,0,108,69,59,138.2,5.3,135.0,46.0,72.0,92.0,13.8,0,0,0,0,0,2.119,1,Moderate Risk
PAT-2500,64,male,171.9,63.5,21.5,never,moderate,1,132,86,57,106.7,4.7,199.0,49.0,142.0,45.0,16.0,0,0,0,0,0,2.735,1,Moderate Risk
PAT-1115,57,male,175.2,72.4,23.6,never,high,1,101,61,67,76.0,4.9,215.0,63.0,136.0,90.0,12.1,0,0,0,0,0,-0.559,0,Low Risk
PAT-1170,41,male,170.8,79.6,27.3,never,low,0,102,75,69,74.8,4.5,202.0,36.0,154.0,92.0,16.9,0,0,0,0,0,-0.188,0,Low Risk
PAT-3732,61,female,164.2,65.0,24.1,never,moderate,1,129,80,66,113.0,5.0,197.0,39.0,145.0,103.0,15.4,0,0,0,0,0,2.371,1,Moderate Risk
PAT-3709,75,male,175.8,102.0,33.0,never,high,0,135,85,75,103.8,5.3,212.0,62.0,116.0,111.0,16.5,0,1,0,0,0,2.209,1,Moderate Risk
PAT-3108,48,male,182.7,70.1,21.0,current,high,1,117,64,71,85.9,4.8,145.0,38.0,91.0,119.0,11.9,0,1,0,0,0,1.696,1,Moderate Risk
PAT-1129,46,male,172.2,86.6,29.2,never,low,0,109,83,59,90.5,4.5,177.0,35.0,124.0,111.0,14.2,0,0,1,0,1,1.19,0,Low Risk
PAT-1971,43,male,169.5,64.9,22.6,current,low,0,124,70,79,98.1,5.4,128.0,25.0,64.0,157.0,13.4,0,0,1,0,0,3.027,1,Moderate Risk
PAT-1175,65,female,160.9,60.8,23.5,never,low,1,119,69,67,120.1,5.0,196.0,69.0,111.0,87.0,15.0,0,0,0,0,0,1.145,0,Low Risk
PAT-1355,39,female,170.7,127.0,43.6,never,moderate,0,123,80,79,131.3,5.9,197.0,41.0,131.0,159.0,12.5,0,0,1,0,0,3.339,1,Moderate Risk
PAT-3719,55,male,177.1,80.9,25.8,never,high,1,126,74,53,86.6,4.5,236.0,66.0,140.0,131.0,14.5,0,0,0,0,0,-1.51,0,Low Risk
PAT-3013,40,female,161.7,100.7,38.5,never,low,0,119,76,84,107.4,5.6,201.0,42.0,136.0,139.0,12.2,0,0,0,0,0,2.377,1,Moderate Risk
PAT-4117,42,male,182.6,74.0,22.2,never,low,0,106,70,78,94.2,4.2,201.0,43.0,137.0,96.0,15.1,0,0,1,0,0,0.384,0,Low Risk
PAT-1164,66,female,162.4,91.5,34.7,former,high,0,147,85,73,287.0,9.7,189.0,54.0,71.0,287.0,13.6,1,0,0,0,0,11.92,2,High Risk
PAT-2627,71,male,169.6,98.7,34.3,never,moderate,0,131,78,59,110.6,5.0,169.0,50.0,104.0,116.0,15.7,0,0,0,0,0,2.638,1,Moderate Risk
PAT-2931,60,male,190.3,95.2,26.3,never,low,0,124,66,83,113.5,5.6,195.0,60.0,115.0,117.0,15.6,0,0,1,0,0,1.138,0,Low Risk
PAT-2446,46,female,164.5,47.4,17.5,current,low,0,110,75,78,99.4,4.6,168.0,55.0,94.0,127.0,12.7,0,1,0,0,0,1.498,1,Moderate Risk
PAT-4029,53,female,163.3,63.7,23.9,never,high,0,115,67,64,107.2,5.5,153.0,47.0,88.0,103.0,15.0,1,0,0,0,1,1.297,1,Moderate Risk
PAT-1232,54,male,164.3,51.8,19.2,former,high,1,106,69,66,88.9,4.5,161.0,44.0,96.0,147.0,18.6,0,0,0,0,0,1.298,1,Moderate Risk
PAT-3231,64,female,165.1,60.2,22.1,never,moderate,0,103,74,78,107.4,5.1,230.0,54.0,144.0,140.0,13.9,0,0,0,0,0,1.228,1,Moderate Risk
PAT-3682,48,female,159.5,70.7,27.8,current,low,1,123,78,85,106.1,4.9,214.0,54.0,134.0,90.0,12.0,0,1,0,0,0,3.56,1,Moderate Risk
PAT-3156,48,male,196.1,133.8,34.8,former,low,0,135,82,75,130.3,5.9,215.0,43.0,131.0,192.0,14.1,0,1,1,1,0,8.008,2,High Risk
PAT-3348,63,male,169.8,60.5,21.0,former,low,0,129,82,77,109.2,5.0,140.0,46.0,68.0,125.0,15.6,0,0,1,0,1,1.674,1,Moderate Risk
PAT-2247,42,female,162.4,55.6,21.1,never,high,0,114,79,68,111.2,5.1,187.0,66.0,97.0,115.0,14.1,1,0,0,0,0,0.757,0,Low Risk
PAT-1940,35,female,157.9,73.8,29.6,never,moderate,0,96,70,77,128.1,5.7,220.0,51.0,136.0,151.0,15.7,0,0,0,0,0,1.148,0,Low Risk
PAT-3030,64,male,185.9,98.5,28.5,former,low,1,124,74,54,117.8,5.6,199.0,52.0,131.0,95.0,16.8,0,0,1,0,0,4.889,2,High Risk
PAT-1249,59,female,162.6,68.2,25.8,never,low,0,129,73,72,93.7,5.3,217.0,65.0,129.0,109.0,13.4,1,0,0,0,0,3.117,1,Moderate Risk
PAT-1800,66,female,164.6,69.1,25.5,current,high,0,122,76,81,104.6,5.2,233.0,61.0,150.0,112.0,11.4,0,0,1,0,0,2.37,1,Moderate Risk
PAT-2784,54,female,159.7,48.7,19.1,former,low,0,111,71,80,132.2,5.8,200.0,59.0,118.0,143.0,14.0,0,0,1,0,0,4.058,2,High Risk
PAT-2282,63,male,176.0,73.7,23.8,former,low,1,132,75,70,107.2,5.2,152.0,45.0,102.0,52.0,14.6,0,0,0,0,1,3.283,1,Moderate Risk
PAT-2568,31,female,166.4,82.0,29.6,former,moderate,0,114,76,69,108.4,5.0,148.0,37.0,93.0,45.0,13.7,0,0,0,0,0,0.35,0,Low Risk
PAT-2212,43,female,164.0,83.6,31.1,never,moderate,0,113,89,68,106.2,4.9,190.0,39.0,129.0,122.0,14.6,0,0,0,0,1,1.334,1,Moderate Risk
PAT-2392,81,male,159.4,116.9,46.0,current,high,0,149,93,80,141.4,6.1,237.0,46.0,149.0,201.0,14.9,0,1,0,0,0,8.077,2,High Risk
PAT-2134,50,female,152.4,41.3,17.8,former,moderate,0,120,70,62,85.9,4.8,140.0,41.0,67.0,138.0,12.4,0,0,0,0,1,-0.738,0,Low Risk
PAT-3294,41,male,174.0,118.7,39.2,former,moderate,0,113,75,80,97.4,4.9,160.0,37.0,84.0,194.0,14.6,0,1,1,0,0,2.401,1,Moderate Risk
PAT-3570,54,male,177.1,117.6,37.5,never,low,0,124,76,83,138.8,5.9,159.0,45.0,93.0,125.0,15.8,0,1,0,0,1,2.383,1,Moderate Risk
PAT-3138,36,male,169.0,102.8,36.0,never,moderate,0,137,90,80,111.3,5.1,169.0,49.0,88.0,122.0,15.7,0,0,0,0,0,1.407,1,Moderate Risk
PAT-1949,56,female,162.8,76.9,29.0,former,moderate,0,118,68,85,117.3,5.4,157.0,36.0,95.0,113.0,14.7,0,0,0,0,0,0.303,0,Low Risk
PAT-4028,46,female,175.1,98.1,32.0,never,moderate,0,110,71,77,128.5,5.9,225.0,41.0,151.0,141.0,11.7,0,0,0,0,0,1.651,1,Moderate Risk
PAT-1876,46,male,186.3,70.5,20.3,current,low,0,113,73,86,96.1,4.2,113.0,44.0,48.0,45.0,14.9,0,0,1,0,0,0.221,0,Low Risk
PAT-1522,44,male,170.7,115.7,39.7,former,low,0,124,76,88,129.6,5.2,206.0,43.0,143.0,137.0,14.8,0,1,0,0,0,5.076,2,High Risk
PAT-1726,53,male,166.3,96.5,34.9,former,moderate,0,136,79,65,132.4,6.0,173.0,47.0,88.0,190.0,15.0,0,0,0,0,0,2.943,1,Moderate Risk
PAT-2432,65,male,185.6,61.3,17.8,never,moderate,0,114,85,70,97.1,4.4,220.0,55.0,141.0,62.0,16.6,0,0,0,0,0,-0.687,0,Low Risk
PAT-3477,73,female,148.7,69.9,31.6,never,moderate,0,132,97,92,104.4,5.1,207.0,54.0,122.0,133.0,12.9,0,0,0,0,0,2.09,1,Moderate Risk
PAT-2767,51,female,167.7,64.1,22.8,current,high,0,119,80,73,70.5,4.2,158.0,46.0,103.0,131.0,14.9,0,0,0,0,0,1.052,0,Low Risk
PAT-1935,46,male,173.6,105.8,35.1,former,low,0,138,84,78,96.3,4.3,167.0,33.0,113.0,83.0,15.4,0,1,0,0,0,3.764,2,High Risk
PAT-2141,72,female,152.9,49.6,21.2,current,low,0,125,79,92,155.0,6.2,223.0,55.0,131.0,152.0,12.9,0,0,1,0,0,5.054,2,High Risk
PAT-3825,77,male,166.5,90.4,32.6,never,moderate,1,128,88,53,116.5,5.5,195.0,44.0,134.0,99.0,15.2,0,0,0,0,0,3.489,1,Moderate Risk
PAT-3434,56,male,179.3,78.1,24.3,current,high,0,115,74,85,81.6,4.9,218.0,57.0,133.0,165.0,16.4,1,0,0,0,0,2.923,1,Moderate Risk
PAT-3674,39,female,166.4,68.9,24.9,never,low,1,112,66,83,105.2,5.1,217.0,62.0,123.0,118.0,15.6,0,0,0,0,0,3.188,1,Moderate Risk
PAT-3111,51,male,174.5,56.3,18.5,never,low,1,90,69,84,91.6,4.8,177.0,44.0,110.0,107.0,16.0,1,0,0,0,1,2.652,1,Moderate Risk
PAT-2022,53,male,196.5,124.7,32.3,never,moderate,0,99,68,85,70.0,4.2,172.0,43.0,113.0,106.0,15.2,0,1,0,0,0,0.014,0,Low Risk
PAT-1855,45,male,166.8,110.5,39.7,never,high,0,119,73,76,123.9,5.1,185.0,46.0,107.0,171.0,16.3,0,1,0,0,0,2.122,1,Moderate Risk
PAT-2046,62,female,167.1,84.0,30.1,never,low,1,122,80,71,114.6,5.1,194.0,59.0,121.0,93.0,14.0,0,0,0,0,0,3.679,2,High Risk
PAT-1406,38,female,163.6,46.8,17.5,never,moderate,0,120,86,70,251.9,8.7,216.0,48.0,137.0,112.0,15.8,0,0,0,0,0,6.803,2,High Risk
PAT-1470,49,female,158.2,76.6,30.6,never,high,1,111,73,80,121.2,5.4,205.0,50.0,129.0,117.0,12.6,0,0,0,0,0,2.707,1,Moderate Risk
PAT-1269,55,female,162.6,68.7,26.0,never,low,0,124,75,72,95.3,4.7,171.0,35.0,116.0,121.0,11.8,0,0,0,0,0,0.708,0,Low Risk
PAT-1650,79,male,174.3,104.2,34.3,never,moderate,1,139,88,79,187.8,6.6,173.0,26.0,125.0,143.0,13.8,0,0,0,0,0,8.364,2,High Risk
PAT-1718,48,female,162.6,51.3,19.4,never,low,0,115,77,77,85.3,4.3,156.0,55.0,86.0,69.0,13.2,1,0,0,0,0,-0.63,0,Low Risk
PAT-2283,66,male,178.8,63.3,19.8,never,moderate,0,101,73,59,75.2,4.1,177.0,49.0,108.0,53.0,14.6,1,0,0,0,0,-0.052,0,Low Risk
PAT-4184,42,male,175.2,71.8,23.4,never,low,0,96,71,64,86.9,4.7,138.0,56.0,61.0,137.0,16.8,0,0,0,1,0,-0.165,0,Low Risk
PAT-2420,61,female,158.1,73.7,29.5,never,low,0,116,83,78,106.3,5.5,158.0,32.0,95.0,145.0,12.4,0,0,1,0,0,2.699,1,Moderate Risk
PAT-1379,42,female,157.0,58.7,23.8,never,low,1,100,64,54,119.0,5.6,218.0,62.0,131.0,123.0,13.2,0,0,0,0,1,-0.358,0,Low Risk
PAT-3615,62,female,165.4,61.3,22.4,never,moderate,0,118,67,56,90.9,5.2,177.0,52.0,111.0,74.0,16.6,0,0,0,0,0,0.544,0,Low Risk
PAT-1132,38,female,161.8,77.8,29.7,never,high,0,122,81,79,97.9,4.9,218.0,59.0,127.0,138.0,11.6,0,0,0,0,0,-0.303,0,Low Risk
PAT-2225,51,male,182.8,100.9,30.2,never,moderate,0,141,85,77,114.2,5.3,148.0,45.0,82.0,93.0,16.3,0,0,0,0,0,0.897,0,Low Risk
PAT-3661,40,male,169.5,77.9,27.1,former,high,0,129,76,64,72.9,4.1,219.0,51.0,132.0,159.0,16.1,0,0,0,0,0,-1.109,0,Low Risk
PAT-3319,38,female,164.1,65.7,24.4,never,low,0,118,83,80,89.2,4.7,152.0,41.0,92.0,106.0,12.2,0,0,0,0,1,-1.32,0,Low Risk
PAT-3508,34,female,156.1,65.5,26.9,never,moderate,0,110,75,80,107.6,5.1,148.0,47.0,83.0,129.0,14.4,1,0,0,0,0,0.518,0,Low Risk
PAT-1128,54,male,181.0,111.4,34.0,current,low,0,124,72,89,104.1,4.7,209.0,44.0,135.0,153.0,15.1,0,0,0,0,0,4.42,2,High Risk
PAT-2861,64,female,161.2,55.1,21.2,former,high,0,120,83,76,89.8,4.1,205.0,63.0,125.0,87.0,12.2,0,0,0,0,0,0.277,0,Low Risk
PAT-1911,56,male,186.2,88.4,25.5,current,high,0,133,76,72,106.0,4.9,179.0,47.0,110.0,104.0,15.0,0,1,0,0,0,3.371,1,Moderate Risk
PAT-3239,63,male,190.7,88.7,24.4,never,low,0,114,73,72,67.6,4.1,211.0,41.0,162.0,74.0,13.8,0,0,0,0,0,1.449,1,Moderate Risk
PAT-3919,71,male,167.8,89.0,31.6,never,moderate,0,140,96,67,103.6,4.6,169.0,49.0,94.0,116.0,14.5,0,0,0,0,0,1.85,1,Moderate Risk
PAT-1558,59,female,150.2,64.1,28.4,never,high,0,129,76,76,104.6,4.9,154.0,40.0,80.0,197.0,12.8,0,1,0,0,0,3.311,1,Moderate Risk
PAT-3656,38,female,160.5,75.2,29.2,never,moderate,1,113,71,73,111.2,5.5,175.0,41.0,119.0,98.0,13.1,1,0,0,0,0,3.182,1,Moderate Risk
PAT-1724,55,male,162.7,54.5,20.6,former,moderate,0,117,73,62,100.7,4.8,159.0,41.0,90.0,166.0,17.7,0,0,0,0,0,2.311,1,Moderate Risk
PAT-4136,66,female,169.5,95.4,33.2,never,low,0,142,88,71,134.6,5.3,203.0,55.0,129.0,135.0,14.1,0,0,0,0,0,3.927,2,High Risk
PAT-2731,48,male,172.6,92.1,30.9,never,high,0,117,77,74,108.8,5.2,186.0,52.0,109.0,133.0,16.6,0,0,0,0,0,1.107,0,Low Risk
PAT-2818,50,female,157.1,71.8,29.1,never,low,0,131,82,72,108.8,4.8,178.0,46.0,104.0,160.0,13.6,0,0,1,0,0,1.837,1,Moderate Risk
PAT-2465,61,female,168.7,93.3,32.8,never,high,0,130,73,67,110.1,5.6,220.0,59.0,138.0,106.0,14.9,0,0,0,0,0,1.876,1,Moderate Risk
PAT-1472,32,female,169.2,81.6,28.5,never,high,1,104,78,56,96.1,4.7,198.0,53.0,124.0,103.0,12.5,0,1,0,0,0,0.565,0,Low Risk
PAT-2113,60,male,172.9,87.0,29.1,current,low,1,126,87,85,106.6,4.7,236.0,53.0,148.0,144.0,16.8,0,0,0,0,0,5.027,2,High Risk
PAT-2951,71,male,172.6,101.9,34.2,former,high,1,158,97,73,108.1,5.2,170.0,54.0,89.0,146.0,15.3,0,0,0,0,0,4.879,2,High Risk
PAT-1342,56,female,179.6,105.2,32.6,never,high,0,135,77,70,79.2,4.1,225.0,58.0,128.0,160.0,12.4,0,0,0,0,0,-1.09,0,Low Risk
PAT-3771,43,female,146.2,37.4,17.5,former,moderate,0,120,67,83,89.8,4.7,176.0,50.0,97.0,87.0,14.4,0,1,0,0,0,-0.093,0,Low Risk
PAT-2102,82,female,158.7,44.1,17.5,never,moderate,1,149,84,67,98.2,5.2,244.0,53.0,174.0,45.0,13.3,0,0,0,0,0,1.334,1,Moderate Risk
PAT-3569,50,female,162.9,55.2,20.8,former,low,0,100,68,81,78.3,4.5,171.0,42.0,104.0,76.0,12.8,0,1,0,0,0,0.24,0,Low Risk
PAT-3987,54,male,180.5,88.3,27.1,current,low,0,113,78,84,100.4,4.8,198.0,40.0,130.0,126.0,16.9,0,0,0,0,0,2.372,1,Moderate Risk
PAT-1083,46,female,167.8,60.5,21.5,never,moderate,0,112,61,75,86.9,4.9,216.0,63.0,136.0,131.0,11.3,0,0,0,0,0,-1.073,0,Low Risk
PAT-1954,52,female,163.4,68.1,25.5,never,moderate,1,114,95,75,97.9,5.2,215.0,68.0,126.0,161.0,13.4,0,0,0,1,0,2.765,1,Moderate Risk
PAT-2726,45,female,169.4,97.3,33.9,never,low,1,109,81,64,113.2,5.6,199.0,41.0,132.0,162.0,14.2,0,1,0,0,0,4.748,2,High Risk
PAT-2293,65,male,186.1,83.5,24.1,never,high,0,124,75,71,74.8,4.6,253.0,60.0,167.0,108.0,14.9,0,0,0,0,0,0.366,0,Low Risk
PAT-2656,55,female,155.7,58.9,24.3,never,moderate,1,106,78,76,106.9,5.1,204.0,58.0,121.0,117.0,13.0,0,0,0,0,0,-0.32,0,Low Risk
PAT-2270,68,male,166.2,69.3,25.1,never,low,0,127,83,71,97.8,5.2,214.0,40.0,159.0,134.0,16.4,0,0,0,0,0,4.1,2,High Risk
PAT-2607,76,female,162.6,48.1,18.2,never,moderate,0,108,60,71,92.5,5.3,196.0,47.0,123.0,96.0,13.2,0,0,0,0,0,-0.179,0,Low Risk
PAT-2512,43,male,177.1,84.4,26.9,never,moderate,0,108,74,66,91.2,4.2,240.0,64.0,141.0,158.0,16.1,0,1,0,0,0,-0.092,0,Low Risk
PAT-3204,40,male,185.2,104.3,30.4,never,low,0,116,90,84,181.0,7.0,213.0,42.0,138.0,176.0,16.4,0,0,0,0,0,4.974,2,High Risk
PAT-1750,40,male,170.1,57.9,20.0,never,low,0,108,66,69,92.6,4.8,170.0,52.0,81.0,137.0,16.9,0,0,0,0,0,-1.025,0,Low Risk
PAT-2138,61,female,156.4,76.6,31.3,former,moderate,0,141,81,70,113.0,5.5,201.0,51.0,129.0,111.0,12.6,0,0,0,0,0,2.516,1,Moderate Risk
PAT-3078,51,male,176.5,95.3,30.6,current,moderate,0,138,92,73,109.8,5.0,184.0,44.0,106.0,156.0,16.1,0,0,0,0,1,3.066,1,Moderate Risk
PAT-1049,28,male,173.8,52.9,17.5,never,moderate,0,116,75,59,65.0,4.1,148.0,39.0,93.0,84.0,15.0,0,0,0,0,0,-3.815,0,Low Risk
PAT-3218,82,male,174.7,89.4,29.3,never,moderate,0,156,86,70,104.9,5.3,158.0,35.0,102.0,113.0,14.5,0,0,0,0,0,2.826,1,Moderate Risk
PAT-1130,31,male,196.5,88.8,23.0,current,moderate,0,104,64,57,91.2,4.6,224.0,42.0,147.0,128.0,15.7,0,0,1,1,0,2.374,1,Moderate Risk
PAT-3890,55,female,154.5,41.8,17.5,never,low,1,112,67,68,91.3,4.8,224.0,61.0,137.0,125.0,13.5,0,0,0,0,0,-0.258,0,Low Risk
PAT-3265,70,female,160.3,101.0,39.3,never,moderate,0,123,75,73,101.7,5.6,212.0,55.0,131.0,131.0,12.9,0,0,0,0,0,1.726,1,Moderate Risk
PAT-4065,58,female,161.3,68.4,26.3,never,moderate,0,121,72,68,92.3,4.5,176.0,61.0,102.0,69.0,13.4,0,0,0,0,1,-1.135,0,Low Risk
PAT-2285,34,female,164.3,52.9,19.6,never,moderate,0,99,69,56,75.6,4.2,172.0,71.0,88.0,86.0,13.3,0,0,0,0,0,-4.081,0,Low Risk
PAT-4110,37,female,156.2,59.3,24.3,never,moderate,0,106,72,68,77.3,4.4,183.0,41.0,116.0,105.0,13.6,0,0,1,0,0,-2.01,0,Low Risk
PAT-3066,22,female,160.6,109.6,42.5,never,moderate,0,120,88,59,83.9,5.3,215.0,59.0,129.0,149.0,14.7,0,0,1,0,0,0.458,0,Low Risk
PAT-1467,64,female,157.0,76.9,31.2,never,moderate,0,128,88,74,103.7,5.0,178.0,39.0,114.0,134.0,14.8,0,0,0,1,0,1.848,1,Moderate Risk
PAT-2055,44,male,176.2,71.4,23.0,never,low,0,110,80,82,105.9,4.9,190.0,45.0,103.0,141.0,14.2,0,0,0,0,0,1.505,1,Moderate Risk
PAT-1452,39,male,174.9,56.0,18.3,never,moderate,1,115,66,68,65.0,4.1,150.0,49.0,89.0,87.0,16.1,1,0,0,0,0,-0.639,0,Low Risk
PAT-2233,85,female,160.6,79.2,30.7,former,high,0,137,93,79,118.1,5.8,187.0,56.0,114.0,101.0,13.4,0,0,0,0,0,3.325,1,Moderate Risk
PAT-3927,56,female,159.8,60.3,23.6,former,moderate,0,114,67,69,98.7,4.8,186.0,55.0,101.0,176.0,13.1,0,0,0,0,0,1.938,1,Moderate Risk
PAT-1275,59,female,152.2,94.7,40.9,former,low,1,121,83,79,116.9,5.0,176.0,60.0,81.0,137.0,11.7,0,0,0,0,0,3.001,1,Moderate Risk
PAT-1932,33,female,158.0,74.4,29.8,current,high,0,110,68,85,95.0,4.4,199.0,59.0,109.0,192.0,13.9,0,0,0,0,0,0.345,0,Low Risk
PAT-3586,35,female,166.6,55.8,20.1,former,moderate,0,93,74,79,78.9,4.4,185.0,55.0,99.0,112.0,12.9,0,0,0,0,0,-0.375,0,Low Risk
PAT-3887,72,female,160.3,73.0,28.4,never,low,1,112,74,86,92.4,4.1,260.0,61.0,175.0,130.0,12.5,0,0,0,1,0,2.536,1,Moderate Risk
PAT-2023,83,male,168.8,87.5,30.7,never,moderate,0,140,90,82,119.6,5.5,233.0,52.0,161.0,90.0,14.5,0,0,0,0,1,3.108,1,Moderate Risk
PAT-2933,52,male,168.6,71.1,25.0,never,moderate,0,109,65,61,101.1,4.9,209.0,43.0,165.0,57.0,15.9,0,0,0,0,0,0.465,0,Low Risk
PAT-1625,46,female,159.6,103.4,40.6,never,moderate,1,121,72,59,135.7,5.9,188.0,44.0,108.0,170.0,12.9,0,0,0,0,0,3.652,1,Moderate Risk
PAT-4101,65,male,176.6,54.6,17.5,never,low,1,106,71,71,94.6,5.5,244.0,52.0,169.0,80.0,14.7,0,0,0,0,0,1.74,1,Moderate Risk
PAT-2376,44,female,157.7,93.3,37.5,never,low,0,116,84,79,131.3,6.0,131.0,31.0,84.0,107.0,13.2,0,0,1,0,0,3.822,2,High Risk
PAT-1614,85,female,167.9,107.1,38.0,never,moderate,0,135,94,73,129.4,5.5,229.0,50.0,134.0,170.0,12.0,0,0,0,0,0,4.492,2,High Risk
PAT-3129,63,male,186.3,83.6,24.1,never,high,1,119,72,72,96.7,4.7,179.0,28.0,119.0,119.0,14.2,0,0,0,0,0,2.305,1,Moderate Risk
PAT-3233,65,female,168.5,80.9,28.5,never,moderate,1,117,80,72,106.9,5.2,222.0,37.0,152.0,148.0,13.5,0,0,0,0,0,2.528,1,Moderate Risk
PAT-4118,68,male,180.9,113.6,34.7,never,moderate,0,139,84,72,142.8,5.9,222.0,44.0,140.0,189.0,15.0,0,0,0,1,0,4.819,2,High Risk
PAT-1585,56,female,170.9,94.6,32.4,current,moderate,1,143,74,89,132.3,5.7,211.0,35.0,139.0,191.0,12.7,0,1,0,0,0,7.107,2,High Risk
PAT-1364,63,male,186.8,130.5,37.4,never,low,0,145,95,94,113.4,5.5,214.0,41.0,133.0,164.0,14.2,0,0,0,0,0,4.358,2,High Risk
PAT-3095,52,male,174.8,120.1,39.3,never,moderate,0,130,82,83,97.7,5.5,177.0,29.0,119.0,182.0,13.3,0,0,0,0,0,3.148,1,Moderate Risk
PAT-3727,72,male,166.8,99.3,35.7,never,low,0,131,83,76,137.2,4.9,194.0,47.0,112.0,128.0,16.5,0,0,0,0,0,4.478,2,High Risk
PAT-1816,57,male,186.8,133.6,38.3,never,low,1,122,87,69,104.6,4.5,179.0,36.0,111.0,158.0,15.6,1,0,0,0,0,5.204,2,High Risk
PAT-1595,46,female,156.9,76.8,31.2,former,low,0,117,79,74,108.9,5.5,212.0,56.0,131.0,60.0,12.7,0,0,1,0,0,3.537,1,Moderate Risk
PAT-2679,47,female,166.0,90.9,33.0,current,high,1,124,86,67,82.9,4.4,262.0,61.0,179.0,66.0,13.4,1,0,0,0,0,3.405,1,Moderate Risk
PAT-2576,30,male,171.6,53.0,18.0,former,moderate,0,99,62,83,81.4,5.0,132.0,46.0,78.0,66.0,15.2,0,0,1,1,0,-0.527,0,Low Risk
PAT-1584,56,male,174.4,139.9,46.0,never,moderate,1,141,84,84,130.9,5.4,236.0,49.0,137.0,192.0,15.0,0,0,0,0,0,5.283,2,High Risk
PAT-2162,34,male,173.9,99.2,32.8,current,moderate,0,124,80,77,106.1,4.8,167.0,40.0,96.0,120.0,16.7,0,0,0,0,0,1.665,1,Moderate Risk
PAT-1063,36,male,180.9,74.6,22.8,current,moderate,1,103,70,86,76.6,4.2,178.0,47.0,115.0,119.0,13.5,0,0,0,0,0,0.572,0,Low Risk
PAT-3209,53,male,180.2,82.2,25.3,never,low,0,124,75,76,104.8,4.8,185.0,40.0,99.0,147.0,14.0,0,0,0,0,1,2.58,1,Moderate Risk
PAT-2493,56,female,164.2,78.7,29.2,never,high,0,120,84,80,103.9,5.0,190.0,57.0,127.0,57.0,12.7,0,1,0,0,0,1.988,1,Moderate Risk
PAT-3460,54,male,187.2,63.4,18.1,current,high,0,129,71,74,94.7,5.4,174.0,50.0,108.0,99.0,12.9,0,0,0,0,0,1.42,1,Moderate Risk
PAT-3956,66,female,165.5,63.5,23.2,current,high,1,127,85,72,126.3,5.4,223.0,52.0,147.0,122.0,13.0,0,0,0,0,0,5.952,2,High Risk
PAT-3479,63,female,158.9,116.1,46.0,never,low,0,146,86,84,110.2,5.2,217.0,42.0,126.0,199.0,13.8,0,0,0,0,0,5.0,2,High Risk
PAT-2154,76,female,160.4,86.7,33.7,current,low,0,125,86,76,87.6,5.0,208.0,43.0,151.0,151.0,13.7,0,0,0,0,0,4.622,2,High Risk
PAT-1713,59,male,172.7,68.9,23.1,never,high,1,119,66,63,99.0,5.2,218.0,54.0,141.0,120.0,14.8,0,0,0,0,0,1.821,1,Moderate Risk
PAT-1543,73,male,173.7,52.8,17.5,current,low,0,132,81,70,93.5,4.7,191.0,42.0,124.0,108.0,15.9,0,1,0,0,0,3.387,1,Moderate Risk
PAT-1763,52,female,163.0,85.3,32.1,former,high,1,137,76,81,87.6,4.1,180.0,45.0,112.0,134.0,13.3,0,0,0,0,0,2.706,1,Moderate Risk
PAT-2878,29,female,168.1,59.1,20.9,never,moderate,0,101,62,58,66.6,4.4,236.0,73.0,131.0,174.0,15.7,0,0,0,0,0,-2.674,0,Low Risk
PAT-1976,47,male,174.3,95.1,31.3,never,moderate,0,116,73,70,118.3,5.7,170.0,51.0,97.0,113.0,15.2,0,0,0,0,1,1.684,1,Moderate Risk
PAT-1319,51,male,176.5,119.0,38.2,current,low,0,143,75,84,112.9,5.4,253.0,42.0,171.0,188.0,16.2,0,0,0,1,0,6.311,2,High Risk
PAT-2664,71,female,156.5,78.1,31.9,never,high,0,112,76,77,88.1,4.5,207.0,58.0,129.0,90.0,13.2,0,0,0,1,0,-1.766,0,Low Risk
PAT-1058,58,female,167.9,51.3,18.2,former,low,0,125,75,67,90.6,5.0,164.0,47.0,96.0,82.0,12.7,0,0,0,0,1,0.19,0,Low Risk
PAT-2222,62,male,173.0,69.4,23.2,current,high,0,119,69,60,95.6,5.1,202.0,61.0,111.0,129.0,13.4,0,0,0,0,0,1.34,1,Moderate Risk
PAT-1316,63,male,179.5,104.1,32.3,former,low,0,125,83,74,91.9,4.8,198.0,31.0,147.0,79.0,14.8,1,1,1,0,0,5.284,2,High Risk
PAT-2242,45,male,194.7,143.7,37.9,former,high,0,134,76,68,119.8,5.1,201.0,54.0,121.0,122.0,13.7,0,0,0,0,0,4.34,2,High Risk
PAT-3146,31,male,166.1,73.4,26.6,current,moderate,0,132,85,61,88.5,4.6,163.0,46.0,94.0,125.0,15.3,0,0,1,0,0,2.504,1,Moderate Risk
PAT-3123,49,female,158.5,80.1,31.9,never,moderate,1,117,81,80,88.1,4.6,173.0,44.0,106.0,91.0,13.7,0,0,0,0,0,0.551,0,Low Risk
PAT-1768,44,female,158.3,56.6,22.6,never,low,0,95,69,64,128.6,5.1,208.0,59.0,119.0,175.0,13.6,0,0,0,0,0,0.898,0,Low Risk
PAT-3090,58,male,179.0,68.6,21.4,never,moderate,0,109,72,59,81.3,4.4,191.0,38.0,128.0,121.0,15.0,0,0,0,0,0,-0.423,0,Low Risk
PAT-2428,50,female,166.7,63.9,23.0,never,moderate,0,114,67,66,100.3,4.5,178.0,50.0,107.0,141.0,14.5,0,1,0,0,0,0.551,0,Low Risk
PAT-2306,53,male,172.1,82.9,28.0,never,low,0,129,75,74,124.9,5.6,192.0,55.0,119.0,87.0,16.3,0,0,0,0,0,2.146,1,Moderate Risk
PAT-1771,45,male,166.2,127.1,46.0,current,moderate,0,149,98,70,227.8,8.3,182.0,35.0,109.0,195.0,15.8,1,0,0,0,0,11.453,2,High Risk
PAT-3219,50,female,154.9,86.6,36.1,never,low,0,136,91,75,105.2,5.0,163.0,50.0,91.0,142.0,13.3,0,0,0,0,0,2.609,1,Moderate Risk
PAT-3250,51,female,155.4,68.8,28.5,never,low,0,111,57,64,111.7,5.3,194.0,53.0,115.0,78.0,10.5,0,0,0,0,0,0.417,0,Low Risk
PAT-3803,39,female,173.5,97.5,32.4,former,moderate,0,106,78,66,107.5,5.1,208.0,64.0,127.0,106.0,13.8,0,0,1,0,0,1.155,0,Low Risk
PAT-1184,50,male,175.5,96.1,31.2,former,moderate,0,122,71,78,110.8,4.6,171.0,50.0,95.0,132.0,12.9,0,1,1,0,0,0.702,0,Low Risk
PAT-3072,54,male,175.6,87.9,28.5,never,low,0,111,66,75,107.2,5.5,155.0,47.0,89.0,130.0,14.4,0,0,0,0,0,0.361,0,Low Risk
PAT-2463,41,female,162.1,91.4,34.8,never,moderate,1,118,77,82,97.8,5.2,133.0,38.0,84.0,111.0,12.4,0,0,0,0,0,1.31,1,Moderate Risk
PAT-1537,48,male,178.1,69.1,21.8,never,moderate,1,108,66,74,94.5,5.0,232.0,49.0,161.0,120.0,14.3,0,0,0,0,0,0.344,0,Low Risk
PAT-1363,59,female,161.2,69.1,26.6,never,moderate,0,113,68,70,111.5,5.2,144.0,60.0,52.0,129.0,14.3,0,0,0,0,0,-0.951,0,Low Risk
PAT-1930,45,female,164.6,72.1,26.6,never,high,0,119,65,67,97.6,4.7,180.0,45.0,132.0,67.0,13.1,0,1,0,0,0,0.918,0,Low Risk
PAT-3878,57,female,170.9,115.7,39.6,never,moderate,1,127,77,75,122.3,5.5,234.0,57.0,149.0,164.0,12.9,1,0,0,1,0,5.763,2,High Risk
PAT-1023,33,female,162.1,81.2,30.9,never,high,0,110,75,59,82.0,4.7,181.0,63.0,97.0,45.0,12.9,0,0,0,0,0,-1.831,0,Low Risk
PAT-1964,52,male,173.8,104.5,34.6,never,low,0,119,75,81,83.2,4.5,172.0,38.0,129.0,45.0,14.5,0,0,0,0,0,-0.183,0,Low Risk
PAT-3976,71,male,179.7,128.2,39.7,never,high,0,138,85,85,111.6,4.9,159.0,57.0,73.0,109.0,14.8,0,1,0,0,0,3.375,1,Moderate Risk
PAT-1333,44,female,152.9,73.9,31.6,never,moderate,0,106,69,59,102.5,5.1,201.0,62.0,118.0,100.0,15.2,1,0,0,0,0,-0.008,0,Low Risk
PAT-3309,65,female,146.4,46.5,21.7,never,low,0,125,73,74,96.7,4.8,228.0,52.0,149.0,132.0,12.8,0,0,0,0,0,2.105,1,Moderate Risk
PAT-2442,56,female,160.8,93.3,36.1,never,low,1,141,81,81,129.3,4.9,248.0,43.0,160.0,183.0,13.7,0,0,0,0,0,5.519,2,High Risk
PAT-1958,61,male,182.6,86.7,26.0,current,moderate,1,126,77,77,108.4,5.4,231.0,42.0,164.0,136.0,15.9,0,0,0,0,0,4.453,2,High Risk
PAT-1001,51,female,160.0,82.7,32.3,never,moderate,0,122,85,73,108.2,4.6,209.0,38.0,152.0,116.0,15.0,0,0,0,0,0,2.563,1,Moderate Risk
PAT-3336,60,female,157.8,73.5,29.5,never,low,0,114,79,83,124.1,5.4,164.0,56.0,81.0,99.0,13.0,1,0,0,0,0,2.069,1,Moderate Risk
PAT-4147,43,female,164.3,56.7,21.0,never,low,0,110,67,65,106.5,4.8,149.0,40.0,101.0,67.0,15.6,0,0,0,0,0,0.336,0,Low Risk
PAT-2336,44,male,183.4,126.8,37.7,former,low,0,121,78,86,99.9,5.3,170.0,42.0,102.0,167.0,16.7,0,0,0,1,0,3.571,1,Moderate Risk
PAT-3861,60,female,162.6,72.7,27.5,never,moderate,0,109,80,82,111.1,5.1,142.0,36.0,84.0,97.0,12.6,0,0,0,0,0,-1.626,0,Low Risk
PAT-2642,52,female,162.4,81.0,30.7,never,moderate,0,120,90,75,89.3,4.6,218.0,49.0,152.0,117.0,15.4,0,0,0,0,0,0.456,0,Low Risk
PAT-2538,37,female,157.1,55.8,22.6,former,moderate,0,118,77,66,83.3,4.5,195.0,32.0,141.0,73.0,14.9,0,0,0,0,1,-1.617,0,Low Risk
PAT-3001,51,female,159.8,47.2,18.5,never,low,0,109,69,80,84.6,4.1,184.0,61.0,110.0,45.0,13.1,0,0,0,0,0,-0.408,0,Low Risk
PAT-2563,65,male,181.4,70.7,21.5,never,moderate,0,129,80,54,83.8,5.0,163.0,49.0,99.0,95.0,15.6,0,0,0,1,0,0.725,0,Low Risk
PAT-3492,46,female,161.1,113.4,43.7,never,high,0,139,86,71,114.8,5.3,199.0,48.0,122.0,170.0,13.0,0,0,0,0,0,2.201,1,Moderate Risk
PAT-3140,55,female,158.0,59.2,23.7,never,low,0,119,66,71,103.8,4.7,211.0,53.0,138.0,76.0,14.1,0,0,1,0,0,0.76,0,Low Risk
PAT-1600,64,male,192.3,100.6,27.2,never,high,1,153,82,57,293.6,9.9,200.0,40.0,117.0,185.0,14.9,1,0,0,0,0,12.12,2,High Risk
PAT-1171,42,female,175.0,73.2,23.9,never,low,0,104,67,75,77.9,4.1,164.0,55.0,82.0,167.0,13.0,0,0,0,0,1,-1.498,0,Low Risk
PAT-3711,74,male,169.7,109.1,37.9,never,moderate,0,129,80,79,200.5,7.4,237.0,43.0,154.0,196.0,18.1,0,1,0,0,0,8.219,2,High Risk
PAT-2124,76,male,171.5,109.1,37.1,former,high,1,138,91,90,108.3,5.2,227.0,50.0,148.0,138.0,14.5,0,0,0,0,0,5.147,2,High Risk
PAT-2532,58,female,161.0,81.9,31.6,never,low,1,131,78,80,138.3,5.5,228.0,66.0,135.0,139.0,14.8,0,0,1,0,0,4.675,2,High Risk
PAT-3409,37,male,182.2,115.5,34.8,never,moderate,0,109,74,92,118.1,5.2,196.0,25.0,146.0,131.0,14.3,0,0,0,0,0,-0.362,0,Low Risk
PAT-4156,36,male,163.6,84.8,31.7,never,low,0,123,78,68,106.4,5.4,220.0,50.0,148.0,97.0,14.3,0,0,0,0,0,1.676,1,Moderate Risk
PAT-3368,37,female,159.1,44.8,17.7,never,moderate,1,105,67,55,70.1,4.7,179.0,66.0,97.0,94.0,11.8,0,0,0,0,0,-1.321,0,Low Risk
PAT-2194,31,female,158.8,63.3,25.1,never,high,0,131,80,72,75.9,4.1,153.0,48.0,82.0,114.0,13.5,0,0,0,0,0,-1.316,0,Low Risk
PAT-1542,60,female,169.3,54.7,19.1,never,low,0,129,85,74,80.8,4.7,136.0,63.0,52.0,75.0,13.5,0,0,0,0,0,-1.198,0,Low Risk
PAT-1534,44,female,162.0,49.6,18.9,never,high,0,98,70,62,91.7,4.8,158.0,59.0,85.0,97.0,12.7,0,0,1,0,0,-2.118,0,Low Risk
PAT-2483,47,female,151.8,47.5,20.6,never,low,1,129,71,72,99.8,4.8,161.0,50.0,100.0,93.0,11.6,0,0,0,0,0,1.519,1,Moderate Risk
PAT-3587,50,female,170.6,50.9,17.5,never,moderate,0,115,61,59,111.1,5.2,175.0,47.0,95.0,116.0,13.7,0,0,0,0,0,0.916,0,Low Risk
PAT-2267,40,female,166.7,48.6,17.5,never,moderate,0,95,69,63,69.8,4.2,184.0,79.0,92.0,92.0,14.0,0,0,0,0,0,-2.657,0,Low Risk
PAT-1102,48,female,161.8,89.0,34.0,current,high,0,139,85,74,82.7,4.1,215.0,65.0,122.0,133.0,14.6,0,0,1,0,0,1.405,1,Moderate Risk
PAT-1029,49,male,178.6,75.9,23.8,current,high,1,103,73,82,79.9,4.1,165.0,41.0,105.0,121.0,16.2,0,0,0,0,0,0.027,0,Low Risk
PAT-3754,52,male,175.5,78.2,25.4,former,low,1,144,81,65,107.0,4.8,184.0,32.0,120.0,132.0,15.2,0,0,0,0,1,2.331,1,Moderate Risk
PAT-1256,71,male,180.8,63.7,19.5,never,moderate,0,111,71,72,99.0,5.0,174.0,42.0,116.0,125.0,13.8,0,0,1,0,0,1.036,0,Low Risk
PAT-3160,37,female,159.7,81.9,32.1,never,low,1,120,78,76,121.5,5.3,139.0,41.0,81.0,102.0,13.0,1,0,0,0,1,4.003,2,High Risk
PAT-1177,73,female,170.7,90.0,30.9,never,low,1,136,87,87,131.6,5.7,163.0,48.0,103.0,105.0,11.7,0,0,1,0,0,4.629,2,High Risk
PAT-3373,60,male,172.4,79.1,26.6,never,low,0,130,78,77,112.0,4.8,160.0,34.0,106.0,63.0,15.9,1,0,0,0,0,1.922,1,Moderate Risk
PAT-1212,66,male,184.3,80.2,23.6,former,moderate,1,126,78,63,110.2,5.4,199.0,39.0,133.0,108.0,13.8,0,0,0,0,0,3.704,2,High Risk
PAT-2692,65,female,169.8,50.5,17.5,current,moderate,0,116,76,54,133.1,5.5,185.0,61.0,96.0,159.0,12.6,0,0,0,1,0,3.575,1,Moderate Risk
PAT-1936,39,female,167.1,78.2,28.0,never,high,0,112,80,75,92.3,5.1,185.0,62.0,104.0,104.0,13.7,0,0,0,1,0,-0.868,0,Low Risk
PAT-2910,77,male,183.7,82.3,24.4,never,low,0,104,68,83,111.4,5.0,169.0,33.0,112.0,90.0,13.7,0,0,0,0,0,0.712,0,Low Risk
PAT-1714,52,female,175.0,89.1,29.1,former,high,1,124,76,72,85.8,4.3,207.0,59.0,116.0,98.0,12.3,0,1,0,0,1,2.234,1,Moderate Risk
PAT-4107,61,male,171.5,108.2,36.8,never,moderate,0,141,91,69,112.0,5.4,171.0,37.0,95.0,162.0,15.1,0,0,0,0,0,4.142,2,High Risk
PAT-1647,52,female,171.3,80.4,27.4,never,high,0,119,79,78,94.7,5.2,187.0,72.0,91.0,141.0,12.3,0,0,1,0,0,1.578,1,Moderate Risk
PAT-1190,47,female,167.6,62.4,22.2,never,moderate,1,117,76,66,77.9,4.1,175.0,57.0,101.0,93.0,14.6,0,0,0,0,0,-0.566,0,Low Risk
PAT-1668,22,male,179.1,113.9,35.5,former,moderate,0,111,81,89,78.3,4.5,193.0,38.0,135.0,113.0,13.9,0,0,0,0,0,0.456,0,Low Risk
PAT-3271,46,female,166.3,54.5,19.7,former,low,1,125,70,82,104.3,4.9,180.0,48.0,115.0,96.0,13.8,0,0,0,0,0,1.928,1,Moderate Risk
PAT-1218,46,female,153.9,58.3,24.6,former,low,0,115,67,85,92.1,5.5,224.0,48.0,135.0,124.0,13.5,0,0,0,0,0,2.824,1,Moderate Risk
PAT-1563,48,male,176.4,57.6,18.5,former,moderate,1,120,72,57,110.0,5.3,174.0,37.0,106.0,168.0,17.1,0,1,0,0,0,2.867,1,Moderate Risk
PAT-4179,60,male,190.3,86.6,23.9,never,moderate,1,133,72,82,101.5,4.9,210.0,45.0,139.0,152.0,13.3,0,0,0,0,0,3.779,2,High Risk
PAT-1834,53,male,175.9,88.5,28.6,current,moderate,0,129,74,96,101.3,4.8,115.0,35.0,48.0,138.0,14.4,0,0,0,0,0,1.953,1,Moderate Risk
PAT-1300,41,female,170.2,117.6,40.6,former,high,0,138,80,86,117.3,5.2,227.0,60.0,132.0,155.0,13.8,0,0,0,0,1,2.943,1,Moderate Risk
PAT-4060,57,female,164.2,66.9,24.8,current,moderate,1,125,86,66,89.3,4.8,151.0,34.0,100.0,95.0,14.0,0,0,0,0,0,2.546,1,Moderate Risk
PAT-1805,49,male,175.5,60.1,19.5,never,high,0,117,74,83,69.0,4.1,138.0,54.0,73.0,115.0,14.4,0,0,1,0,0,-1.824,0,Low Risk
PAT-1732,59,female,164.9,84.3,31.0,never,low,0,116,82,60,112.1,4.9,186.0,43.0,120.0,137.0,12.5,0,0,0,0,0,1.958,1,Moderate Risk
PAT-1031,79,male,177.4,79.6,25.3,never,high,0,126,76,75,97.5,4.6,207.0,58.0,124.0,129.0,15.4,0,0,0,0,0,1.305,1,Moderate Risk
PAT-3556,22,male,172.3,66.2,22.3,never,moderate,0,93,63,63,100.2,4.8,143.0,33.0,104.0,45.0,15.1,0,0,0,1,0,-2.04,0,Low Risk
PAT-2406,33,male,172.7,57.9,19.4,never,low,1,107,78,81,84.3,4.1,191.0,65.0,101.0,153.0,15.4,0,0,0,0,0,1.052,0,Low Risk
PAT-4053,42,female,146.8,82.8,38.4,never,low,0,123,79,85,97.5,5.0,168.0,52.0,89.0,155.0,15.0,0,0,1,0,0,1.159,0,Low Risk
PAT-3227,45,male,179.1,63.2,19.7,never,low,1,105,73,86,78.5,4.1,182.0,57.0,114.0,85.0,14.6,0,0,0,0,0,-0.313,0,Low Risk
PAT-2457,58,male,180.2,56.8,17.5,former,low,0,129,81,77,102.7,4.9,148.0,57.0,80.0,56.0,16.2,0,0,0,0,0,-0.436,0,Low Risk
PAT-3525,60,female,158.7,82.1,32.6,never,high,1,118,88,62,144.8,5.9,212.0,48.0,131.0,175.0,11.8,0,1,0,0,0,6.213,2,High Risk
PAT-3249,66,male,172.8,79.1,26.5,current,moderate,0,126,79,56,95.2,4.7,118.0,22.0,80.0,122.0,14.9,0,0,0,0,0,2.185,1,Moderate Risk
PAT-2444,59,male,177.9,88.0,27.8,former,low,0,115,70,76,110.0,4.8,195.0,37.0,119.0,167.0,15.6,0,0,1,0,0,2.062,1,Moderate Risk
PAT-2315,35,female,155.8,56.3,23.2,never,moderate,0,104,78,71,83.9,4.4,184.0,54.0,100.0,120.0,13.2,0,0,0,0,0,-1.315,0,Low Risk
PAT-4081,55,male,182.3,152.9,46.0,current,low,0,123,75,90,129.9,5.2,189.0,39.0,111.0,226.0,16.1,0,0,0,0,0,4.847,2,High Risk
PAT-2542,76,male,171.9,65.6,22.2,never,moderate,0,115,77,75,86.3,4.5,209.0,55.0,141.0,74.0,14.4,0,0,0,0,0,-0.519,0,Low Risk
PAT-1703,33,female,159.1,80.5,31.8,never,moderate,0,102,65,55,241.3,8.1,243.0,46.0,148.0,208.0,15.0,0,0,1,0,0,7.145,2,High Risk
PAT-2514,52,female,160.5,82.7,32.1,never,high,1,116,75,69,92.6,4.7,161.0,59.0,68.0,137.0,12.7,0,0,0,0,0,0.258,0,Low Risk
PAT-1000,60,female,173.6,83.5,27.7,never,moderate,0,124,68,70,79.5,4.7,126.0,44.0,71.0,74.0,12.3,0,0,0,0,0,-0.824,0,Low Risk
PAT-1095,33,female,155.2,94.4,39.2,never,high,1,108,72,74,86.4,4.1,233.0,51.0,149.0,161.0,13.6,0,0,0,0,0,0.899,0,Low Risk
PAT-2394,48,male,169.1,50.0,17.5,never,low,1,111,72,69,128.3,5.3,205.0,66.0,115.0,108.0,14.8,0,0,0,0,0,0.955,0,Low Risk
PAT-2609,49,female,162.5,96.4,36.5,former,moderate,0,126,80,73,115.3,5.8,180.0,42.0,95.0,195.0,14.2,0,0,0,0,0,3.376,1,Moderate Risk
PAT-1336,41,female,160.4,69.7,27.1,never,moderate,0,147,88,76,172.6,5.9,216.0,36.0,139.0,191.0,11.9,0,0,1,0,0,5.45,2,High Risk
PAT-2482,77,female,161.4,74.5,28.6,current,moderate,0,116,87,83,134.3,6.3,227.0,53.0,144.0,189.0,13.3,0,0,0,0,0,4.272,2,High Risk
PAT-2742,54,female,167.0,87.9,31.5,never,low,0,127,74,80,128.0,5.5,180.0,52.0,108.0,97.0,14.3,0,0,0,0,0,1.628,1,Moderate Risk
PAT-2137,36,male,163.9,63.1,23.5,never,moderate,0,107,69,71,90.2,5.2,219.0,48.0,151.0,121.0,14.5,0,0,0,0,0,1.038,0,Low Risk
PAT-1202,68,male,180.5,70.7,21.7,never,low,0,120,71,71,118.0,5.6,201.0,58.0,128.0,88.0,15.8,1,0,0,0,0,2.981,1,Moderate Risk
PAT-2104,69,female,172.3,130.3,43.9,never,high,1,137,72,66,125.0,6.4,206.0,45.0,130.0,157.0,13.5,0,0,0,0,0,4.398,2,High Risk
PAT-2325,25,female,159.1,83.0,32.8,former,low,0,132,85,73,110.4,5.1,182.0,59.0,90.0,163.0,13.4,0,0,0,0,0,2.358,1,Moderate Risk
PAT-3155,44,female,153.3,90.9,38.7,former,low,0,119,75,81,131.5,5.8,176.0,33.0,133.0,116.0,14.1,0,0,1,0,0,4.207,2,High Risk
PAT-2056,53,male,160.5,55.1,21.4,never,low,0,101,62,92,104.1,5.7,180.0,50.0,101.0,119.0,17.0,0,0,1,0,0,1.068,0,Low Risk
PAT-2422,48,male,172.3,114.9,38.7,former,moderate,1,127,78,83,112.5,4.9,157.0,56.0,72.0,180.0,14.6,0,1,1,0,0,2.642,1,Moderate Risk
PAT-1925,32,male,188.6,90.7,25.5,never,moderate,0,94,78,77,69.0,4.2,168.0,48.0,102.0,83.0,13.2,0,0,0,0,0,-2.776,0,Low Risk
PAT-3559,66,male,178.6,59.3,18.6,former,low,0,121,67,70,137.6,5.8,137.0,40.0,83.0,64.0,15.5,0,0,0,0,0,3.47,1,Moderate Risk
PAT-2766,83,male,172.1,51.8,17.5,never,moderate,0,119,74,64,142.5,6.1,208.0,46.0,151.0,78.0,15.0,0,0,0,0,0,4.699,2,High Risk
PAT-3647,33,male,172.9,77.7,26.0,former,moderate,0,122,89,80,148.7,6.5,183.0,53.0,109.0,119.0,16.4,0,0,0,0,0,2.281,1,Moderate Risk
PAT-3073,56,female,167.8,55.8,19.8,never,moderate,0,104,68,69,85.9,5.0,198.0,56.0,121.0,108.0,11.9,0,0,0,0,0,-2.325,0,Low Risk
PAT-2593,66,male,169.2,68.4,23.9,former,low,1,126,83,72,105.6,5.2,202.0,41.0,144.0,117.0,13.8,1,0,0,0,0,4.561,2,High Risk
PAT-1684,36,male,178.3,55.6,17.5,current,high,0,101,64,80,72.5,4.4,138.0,55.0,69.0,63.0,14.1,0,0,0,0,0,-2.389,0,Low Risk
PAT-1028,45,female,157.1,43.2,17.5,never,moderate,1,95,64,72,79.0,4.8,162.0,58.0,78.0,107.0,13.4,0,0,0,1,0,-0.328,0,Low Risk
PAT-2999,43,female,162.9,52.0,19.6,former,high,0,107,75,51,92.8,4.5,194.0,56.0,121.0,116.0,15.2,0,0,0,0,0,0.287,0,Low Risk
PAT-2928,68,female,160.7,79.0,30.6,current,moderate,1,148,92,91,119.1,4.9,208.0,58.0,123.0,136.0,14.0,0,0,0,0,0,4.608,2,High Risk
PAT-2940,57,male,186.6,71.0,20.4,former,moderate,1,90,61,75,94.2,4.9,160.0,44.0,93.0,114.0,13.7,0,0,0,0,0,-0.647,0,Low Risk
PAT-2644,38,female,160.4,78.0,30.3,never,moderate,0,107,72,83,91.7,4.7,205.0,62.0,108.0,140.0,13.9,0,0,0,1,0,-0.562,0,Low Risk
PAT-3809,45,female,158.8,66.6,26.4,never,moderate,1,121,69,77,74.9,4.1,230.0,35.0,158.0,121.0,12.5,0,0,0,0,0,0.756,0,Low Risk
PAT-1303,62,female,160.5,83.2,32.3,never,moderate,0,117,69,64,117.6,5.6,177.0,37.0,94.0,214.0,12.0,0,0,1,0,0,2.532,1,Moderate Risk
PAT-3172,49,male,180.1,87.6,27.0,former,moderate,0,114,81,73,103.4,4.8,213.0,55.0,139.0,87.0,16.9,0,0,0,0,0,0.373,0,Low Risk
PAT-1858,45,female,161.2,59.2,22.8,never,moderate,1,90,78,48,67.2,4.6,158.0,53.0,106.0,45.0,14.2,0,0,0,0,0,-2.431,0,Low Risk
PAT-3061,51,male,168.9,118.7,41.6,never,high,1,123,81,77,120.1,5.8,230.0,44.0,151.0,186.0,14.3,0,0,0,0,0,3.92,2,High Risk
PAT-1277,45,female,165.1,69.5,25.5,current,moderate,0,100,68,82,80.8,4.7,185.0,43.0,126.0,93.0,14.6,0,1,0,0,0,0.958,0,Low Risk
PAT-1521,61,female,162.3,85.3,32.4,never,low,0,136,71,86,105.4,5.0,249.0,50.0,166.0,146.0,10.7,0,1,0,0,0,4.961,2,High Risk
PAT-3217,52,male,185.5,102.2,29.7,never,moderate,0,113,79,69,108.7,5.3,175.0,53.0,90.0,152.0,15.1,0,0,0,0,0,0.017,0,Low Risk
PAT-3380,40,female,158.2,47.3,18.9,never,low,0,102,69,64,121.9,5.5,191.0,55.0,102.0,149.0,12.9,0,0,0,0,0,2.006,1,Moderate Risk
PAT-2383,45,male,166.2,54.7,19.8,former,moderate,0,112,66,65,92.1,4.5,160.0,48.0,92.0,117.0,16.4,0,1,0,0,0,0.159,0,Low Risk
PAT-3500,61,male,186.4,106.7,30.7,former,moderate,0,129,85,91,107.9,5.3,208.0,64.0,128.0,107.0,15.2,0,0,0,0,0,1.763,1,Moderate Risk
PAT-3889,58,male,184.0,80.6,23.8,current,high,0,125,78,64,108.3,5.0,149.0,45.0,64.0,198.0,13.5,0,0,0,0,0,1.794,1,Moderate Risk
PAT-1698,66,male,178.6,109.7,34.4,never,low,0,138,76,75,105.6,4.4,212.0,37.0,146.0,143.0,16.4,1,0,0,0,0,3.577,1,Moderate Risk
PAT-3349,48,female,171.2,67.7,23.1,never,low,0,114,69,82,103.0,4.9,169.0,41.0,117.0,121.0,12.4,1,0,0,0,0,0.97,0,Low Risk
PAT-1417,55,male,176.2,94.7,30.5,current,low,0,134,84,73,114.0,5.7,207.0,47.0,140.0,141.0,18.3,0,0,0,0,0,4.226,2,High Risk
PAT-1112,54,female,164.8,52.4,19.3,former,high,0,111,75,75,92.6,4.1,191.0,40.0,123.0,134.0,12.6,0,0,0,0,0,-1.226,0,Low Risk
PAT-2155,67,male,180.7,82.3,25.2,current,high,0,121,63,100,134.4,6.3,221.0,42.0,145.0,111.0,13.5,0,0,0,0,0,4.049,2,High Risk
PAT-3783,38,female,154.3,41.7,17.5,never,low,0,100,62,67,122.2,5.3,166.0,47.0,104.0,93.0,12.3,0,0,0,0,0,-1.124,0,Low Risk
PAT-1960,62,male,176.2,82.0,26.4,never,low,0,139,80,81,118.1,5.0,204.0,34.0,140.0,123.0,16.5,0,0,0,0,0,2.743,1,Moderate Risk
PAT-2571,35,female,168.8,70.4,24.7,never,moderate,0,103,55,76,85.7,4.3,149.0,38.0,94.0,146.0,15.0,0,0,0,0,0,-1.247,0,Low Risk
PAT-4096,68,female,159.1,89.6,35.4,current,moderate,0,149,87,77,102.2,5.0,182.0,42.0,111.0,179.0,13.2,0,0,1,0,0,5.366,2,High Risk
PAT-1581,47,male,168.1,78.8,27.9,never,low,0,121,76,87,97.2,4.6,160.0,40.0,92.0,130.0,12.9,0,0,1,0,0,0.741,0,Low Risk
PAT-3854,70,male,171.0,96.5,33.0,never,high,1,124,76,76,112.6,5.0,213.0,54.0,132.0,165.0,15.6,0,0,0,0,0,3.761,2,High Risk
PAT-2287,60,female,163.3,76.3,28.6,former,high,0,108,82,62,101.9,4.9,225.0,61.0,147.0,105.0,14.3,0,0,0,0,0,0.755,0,Low Risk
PAT-2575,53,female,163.5,64.4,24.1,never,low,0,115,60,64,125.9,5.3,175.0,48.0,95.0,154.0,13.3,0,0,0,0,0,0.335,0,Low Risk
PAT-3462,60,female,166.5,66.5,24.0,former,low,1,141,86,79,104.0,5.1,189.0,57.0,96.0,144.0,11.2,0,0,0,0,0,4.556,2,High Risk
PAT-2904,51,male,170.4,52.8,18.2,current,moderate,0,114,68,78,98.5,4.7,154.0,43.0,105.0,83.0,17.3,0,0,1,0,1,1.298,1,Moderate Risk
PAT-3975,54,female,175.2,90.9,29.6,never,moderate,0,115,78,67,101.5,4.4,211.0,53.0,119.0,214.0,13.9,0,0,0,0,0,1.146,0,Low Risk
PAT-1043,49,female,161.2,104.2,40.1,former,high,0,148,79,69,99.1,4.5,197.0,40.0,138.0,91.0,14.3,1,0,0,0,0,4.133,2,High Risk
PAT-3039,28,male,176.9,54.8,17.5,former,moderate,1,125,64,66,85.0,4.6,222.0,56.0,151.0,56.0,14.8,0,0,0,0,0,0.512,0,Low Risk
PAT-2389,42,female,155.4,53.9,22.3,never,low,0,98,66,77,93.7,4.9,167.0,44.0,104.0,115.0,14.5,0,0,1,0,0,1.021,0,Low Risk
PAT-1814,67,male,180.1,88.2,27.2,never,moderate,0,106,69,58,100.7,5.2,201.0,31.0,157.0,116.0,14.9,0,0,0,0,0,1.886,1,Moderate Risk
PAT-1887,48,female,156.9,72.9,29.6,former,high,1,132,88,57,107.4,4.6,217.0,55.0,137.0,128.0,12.0,0,0,0,0,0,1.62,1,Moderate Risk
PAT-3020,54,female,167.1,76.2,27.3,never,low,0,120,80,105,97.3,4.9,230.0,53.0,148.0,148.0,13.4,0,0,0,0,0,1.065,0,Low Risk
PAT-1075,65,female,168.4,103.8,36.6,never,moderate,0,133,71,76,83.9,4.6,174.0,42.0,98.0,169.0,12.7,0,0,0,0,0,2.203,1,Moderate Risk
PAT-1556,46,female,151.9,80.1,34.7,never,low,0,111,70,84,103.8,5.4,185.0,48.0,109.0,150.0,14.9,0,1,0,0,0,1.393,1,Moderate Risk
PAT-2387,75,female,157.2,58.1,23.5,current,high,0,110,79,68,115.6,5.0,164.0,52.0,86.0,140.0,12.2,0,0,0,0,1,1.767,1,Moderate Risk
PAT-3361,34,male,184.0,101.9,30.1,never,low,0,98,60,67,106.1,5.1,155.0,53.0,93.0,82.0,17.5,0,0,0,0,0,-0.455,0,Low Risk
PAT-2344,66,female,163.2,56.7,21.3,never,low,0,117,67,62,115.1,5.2,185.0,48.0,130.0,51.0,14.7,0,0,1,0,0,2.096,1,Moderate Risk
PAT-4064,32,female,155.0,42.0,17.5,former,high,0,95,72,63,65.0,4.1,178.0,59.0,102.0,45.0,14.4,0,0,0,0,0,-3.076,0,Low Risk
PAT-3358,28,female,167.2,54.2,19.4,never,low,0,101,71,73,88.9,4.4,157.0,47.0,82.0,129.0,13.4,0,0,0,0,0,-0.194,0,Low Risk
PAT-1320,54,male,182.0,58.0,17.5,never,moderate,0,101,80,70,106.3,4.7,129.0,56.0,48.0,117.0,14.9,0,0,0,0,0,-2.888,0,Low Risk
PAT-2419,60,male,179.6,80.0,24.8,former,low,0,105,83,74,118.9,5.5,199.0,25.0,161.0,79.0,15.9,0,0,1,0,1,3.756,2,High Risk
PAT-3230,43,female,158.8,62.8,24.9,never,low,0,127,74,70,95.2,4.5,145.0,50.0,67.0,90.0,12.6,0,0,0,0,0,0.497,0,Low Risk
PAT-1661,45,male,176.5,104.0,33.4,never,low,0,132,97,82,105.9,5.2,181.0,43.0,117.0,127.0,14.1,0,0,0,0,0,2.21,1,Moderate Risk
PAT-1035,36,male,167.4,117.7,42.0,former,moderate,1,139,84,69,100.9,4.9,190.0,26.0,127.0,183.0,13.7,0,0,0,0,0,3.724,2,High Risk
PAT-1692,38,male,172.9,79.5,26.6,current,low,0,126,80,79,90.8,4.7,159.0,41.0,88.0,124.0,15.8,0,0,0,0,0,1.208,1,Moderate Risk
PAT-4014,45,male,172.8,62.1,20.8,current,low,0,123,70,66,113.1,5.7,185.0,46.0,114.0,181.0,14.9,0,1,0,0,1,4.542,2,High Risk
PAT-1559,47,male,176.6,88.6,28.4,never,moderate,1,125,83,64,116.8,4.4,199.0,36.0,135.0,101.0,15.6,0,0,1,0,0,3.099,1,Moderate Risk
PAT-2269,70,female,180.5,88.0,27.0,current,moderate,1,136,86,79,90.8,4.6,219.0,48.0,146.0,149.0,12.9,0,0,0,0,0,3.875,2,High Risk
PAT-1512,50,female,151.1,64.4,28.2,never,moderate,0,123,90,59,124.7,5.1,221.0,47.0,159.0,71.0,12.2,0,0,0,0,0,2.282,1,Moderate Risk
PAT-1981,59,female,161.4,61.2,23.5,never,high,0,109,78,68,88.8,4.5,221.0,61.0,144.0,109.0,13.2,0,0,0,0,0,-0.88,0,Low Risk
PAT-3955,77,male,187.0,75.2,21.5,never,high,1,124,76,72,99.5,5.2,199.0,47.0,135.0,53.0,17.4,0,0,0,0,0,1.538,1,Moderate Risk
PAT-2133,59,female,165.6,57.3,20.9,current,moderate,0,120,69,61,84.8,4.4,218.0,54.0,136.0,109.0,11.9,0,0,0,0,0,1.192,1,Moderate Risk
PAT-1238,44,male,179.7,81.7,25.3,never,high,0,108,69,74,83.3,4.1,249.0,57.0,168.0,114.0,17.1,0,0,0,0,0,-0.36,0,Low Risk
PAT-3143,56,female,167.9,78.1,27.7,former,moderate,0,123,71,85,117.2,5.3,146.0,55.0,77.0,118.0,11.2,0,0,0,0,0,1.851,1,Moderate Risk
PAT-1785,68,male,167.5,104.9,37.4,never,high,0,131,88,77,123.1,5.9,128.0,44.0,55.0,106.0,14.4,0,0,0,0,0,1.626,1,Moderate Risk
PAT-1419,54,female,161.9,73.1,27.9,former,high,1,118,88,82,74.5,4.1,204.0,54.0,131.0,59.0,13.6,0,0,0,0,0,0.094,0,Low Risk
PAT-2736,38,male,168.6,100.6,35.4,never,high,0,106,89,78,100.3,5.1,184.0,69.0,83.0,151.0,14.2,1,0,0,0,0,2.377,1,Moderate Risk
PAT-4195,27,male,170.3,69.9,24.1,former,high,1,94,70,72,84.2,4.4,186.0,58.0,122.0,45.0,13.6,0,0,0,0,0,-0.927,0,Low Risk
PAT-2144,51,male,170.2,81.4,28.1,never,low,1,104,70,78,103.7,4.8,206.0,31.0,148.0,122.0,14.6,0,0,0,0,0,3.55,1,Moderate Risk
PAT-1744,60,male,173.3,121.6,40.5,former,moderate,0,124,84,86,153.5,6.2,205.0,39.0,121.0,186.0,13.9,0,0,0,0,0,5.567,2,High Risk
PAT-2100,67,male,162.2,81.6,31.0,never,moderate,0,142,85,66,102.7,5.1,161.0,54.0,75.0,154.0,14.5,0,0,0,0,0,1.201,1,Moderate Risk
PAT-3652,60,male,187.4,111.7,31.8,never,moderate,0,123,72,81,105.0,5.2,167.0,45.0,89.0,152.0,14.6,0,1,0,0,0,0.556,0,Low Risk
PAT-3286,64,male,174.8,127.4,41.7,current,moderate,0,140,80,90,105.5,5.5,211.0,49.0,130.0,152.0,16.0,0,0,0,0,1,3.841,2,High Risk
PAT-3266,28,female,167.6,69.1,24.6,never,low,0,90,55,74,130.9,5.5,132.0,43.0,68.0,141.0,12.7,0,1,1,0,1,1.681,1,Moderate Risk
PAT-4078,56,male,167.9,113.3,40.2,never,moderate,1,138,88,73,117.3,5.7,188.0,38.0,119.0,145.0,16.6,0,0,0,0,0,3.739,2,High Risk
PAT-3203,35,male,179.3,81.7,25.4,never,low,1,100,58,64,127.1,5.3,177.0,43.0,92.0,222.0,16.7,0,0,1,0,0,2.824,1,Moderate Risk
PAT-3504,38,female,164.1,92.6,34.4,never,moderate,0,131,80,67,110.8,5.0,142.0,40.0,73.0,186.0,13.4,0,0,0,0,0,1.617,1,Moderate Risk
PAT-1429,28,female,162.0,76.6,29.2,never,low,0,106,63,85,108.4,5.1,159.0,49.0,84.0,100.0,13.1,0,0,0,0,0,-0.059,0,Low Risk
PAT-2567,60,male,175.7,73.2,23.7,never,high,1,94,76,50,101.5,5.1,231.0,60.0,149.0,100.0,16.7,0,0,0,0,0,1.153,0,Low Risk
PAT-2857,49,female,171.1,86.7,29.6,never,moderate,0,127,68,81,88.7,4.3,125.0,44.0,68.0,51.0,14.2,0,0,0,0,0,-1.667,0,Low Risk
PAT-1298,64,female,159.3,101.3,39.9,never,high,0,152,95,82,78.7,4.6,192.0,42.0,122.0,129.0,12.6,0,0,0,0,0,2.002,1,Moderate Risk
PAT-3069,66,female,164.2,59.3,22.0,never,moderate,1,121,79,65,83.2,4.4,228.0,58.0,142.0,144.0,11.7,0,0,0,0,0,1.169,0,Low Risk
PAT-4066,78,female,147.9,61.9,28.3,never,moderate,1,130,65,71,99.7,4.7,172.0,52.0,107.0,103.0,12.6,0,0,0,0,0,1.458,1,Moderate Risk
PAT-3829,48,male,189.5,119.2,33.2,current,low,0,133,85,70,125.8,5.6,177.0,28.0,123.0,115.0,14.2,0,0,1,0,1,4.647,2,High Risk
PAT-1186,60,male,174.9,102.2,33.4,never,moderate,0,144,82,77,105.4,5.1,171.0,46.0,109.0,121.0,16.1,0,0,0,0,0,2.944,1,Moderate Risk
PAT-3131,53,male,176.5,69.2,22.2,never,high,0,101,64,62,97.0,5.4,171.0,59.0,73.0,167.0,15.5,0,0,0,0,0,-0.549,0,Low Risk
PAT-2190,54,female,166.4,86.9,31.4,former,low,1,124,85,71,109.0,5.8,198.0,39.0,113.0,220.0,11.9,0,0,1,0,0,6.528,2,High Risk
PAT-3386,50,female,158.7,58.4,23.2,current,low,0,132,70,81,74.2,4.1,207.0,57.0,129.0,105.0,14.1,0,1,0,0,0,2.663,1,Moderate Risk
PAT-3659,61,female,165.0,111.9,41.1,former,moderate,0,140,72,81,121.1,5.5,225.0,28.0,169.0,103.0,12.4,0,0,0,0,0,4.012,2,High Risk
PAT-2518,39,female,164.5,76.3,28.2,never,low,1,114,71,77,94.0,4.8,191.0,39.0,123.0,87.0,12.3,0,0,0,0,0,2.101,1,Moderate Risk
PAT-1257,43,female,156.1,49.0,20.1,former,low,0,106,70,59,119.0,5.4,147.0,39.0,83.0,162.0,14.0,0,0,0,0,0,1.539,1,Moderate Risk
PAT-4152,22,female,166.0,70.5,25.6,never,low,0,103,70,81,91.7,5.0,167.0,64.0,76.0,116.0,13.3,0,0,0,0,1,-1.626,0,Low Risk
PAT-1468,46,male,175.6,62.6,20.3,never,moderate,1,97,69,74,90.0,4.6,230.0,46.0,163.0,106.0,15.7,0,0,1,0,0,0.903,0,Low Risk
PAT-2974,53,male,178.9,70.7,22.1,current,low,0,129,87,73,80.1,4.1,190.0,51.0,115.0,83.0,17.3,0,0,0,0,0,1.164,0,Low Risk
PAT-1143,56,female,169.9,99.3,34.4,never,low,0,132,84,66,193.5,7.0,239.0,56.0,163.0,84.0,11.7,0,0,1,0,0,7.376,2,High Risk
PAT-3967,45,male,181.8,92.5,28.0,current,high,0,119,72,76,117.3,5.4,233.0,40.0,165.0,125.0,15.4,0,0,0,0,0,4.196,2,High Risk
PAT-1002,62,female,152.7,73.0,31.3,never,moderate,0,133,91,84,90.1,4.9,158.0,40.0,90.0,116.0,11.1,0,0,0,0,0,2.377,1,Moderate Risk
PAT-1869,81,male,176.7,78.7,25.2,current,moderate,0,133,70,84,92.0,5.0,216.0,44.0,146.0,107.0,16.0,0,1,0,0,0,3.855,2,High Risk
PAT-1150,57,female,157.6,90.9,36.6,never,moderate,0,137,74,64,140.3,5.4,189.0,48.0,102.0,173.0,13.2,0,0,0,0,0,2.472,1,Moderate Risk
PAT-1162,69,female,156.6,62.5,25.5,never,moderate,0,118,73,75,100.7,5.4,215.0,58.0,141.0,92.0,15.5,0,0,0,0,0,0.762,0,Low Risk
PAT-1946,32,male,182.0,92.7,28.0,never,moderate,0,103,63,72,96.9,4.5,232.0,60.0,128.0,145.0,17.0,0,0,0,0,0,-1.136,0,Low Risk
PAT-4105,58,female,166.2,102.2,37.0,former,high,1,139,92,89,115.9,5.4,186.0,51.0,109.0,98.0,14.7,0,1,0,0,1,4.332,2,High Risk
PAT-1917,56,female,160.9,85.4,33.0,never,moderate,1,121,92,75,83.6,4.6,217.0,52.0,151.0,137.0,14.1,0,1,0,0,0,3.064,1,Moderate Risk
PAT-1782,58,female,170.2,94.4,32.6,never,high,0,133,80,73,94.8,4.4,224.0,49.0,144.0,164.0,12.6,0,0,1,1,0,2.929,1,Moderate Risk
PAT-2598,53,female,164.0,64.3,23.9,never,moderate,1,132,89,72,116.2,5.7,223.0,67.0,123.0,137.0,13.6,0,0,0,0,0,1.663,1,Moderate Risk
PAT-2706,62,female,165.7,77.4,28.2,current,moderate,0,145,84,76,87.5,4.8,202.0,41.0,124.0,161.0,13.9,0,0,0,1,0,2.818,1,Moderate Risk
PAT-1091,67,male,173.5,96.6,32.1,former,moderate,1,131,76,69,148.3,6.7,182.0,45.0,96.0,192.0,16.3,0,0,0,0,0,7.505,2,High Risk
PAT-2744,40,female,171.4,51.4,17.5,current,low,0,105,67,82,75.5,4.1,137.0,33.0,95.0,45.0,11.2,0,0,1,0,1,1.948,1,Moderate Risk
PAT-3293,42,female,173.1,52.4,17.5,never,moderate,0,113,84,82,85.2,4.7,172.0,51.0,105.0,112.0,14.5,1,0,0,0,1,1.014,0,Low Risk
PAT-2334,55,female,159.7,77.5,30.4,former,low,0,106,81,74,105.3,4.7,201.0,48.0,126.0,173.0,14.8,0,0,0,0,0,2.137,1,Moderate Risk
PAT-1506,45,female,164.8,91.0,33.5,current,low,0,136,78,83,143.0,5.8,208.0,44.0,121.0,178.0,12.6,0,0,1,0,1,6.865,2,High Risk
PAT-1147,35,male,163.4,48.1,18.0,current,moderate,0,115,82,76,93.0,4.3,158.0,40.0,105.0,101.0,13.1,0,0,0,0,0,0.833,0,Low Risk
PAT-3033,60,male,185.7,72.4,21.0,never,moderate,1,137,81,82,97.8,5.0,185.0,54.0,120.0,83.0,16.4,0,0,1,0,0,2.527,1,Moderate Risk
PAT-1853,70,male,185.0,89.3,26.1,never,moderate,1,122,85,68,101.7,5.2,273.0,57.0,185.0,157.0,15.5,0,0,0,0,0,3.174,1,Moderate Risk
PAT-1343,46,male,180.2,77.0,23.7,former,high,1,113,69,59,96.8,5.0,209.0,54.0,112.0,198.0,16.6,0,1,0,0,0,3.282,1,Moderate Risk
PAT-4112,49,female,154.6,71.5,29.9,former,moderate,0,144,80,76,100.3,5.4,236.0,53.0,150.0,165.0,11.8,0,0,1,0,0,3.235,1,Moderate Risk
PAT-3734,81,female,171.9,84.8,28.7,never,low,1,127,78,73,105.8,4.9,238.0,45.0,150.0,171.0,14.7,0,0,0,0,0,6.085,2,High Risk
PAT-4144,59,female,159.5,112.2,44.1,never,high,0,130,90,65,127.1,5.7,220.0,51.0,131.0,213.0,12.2,0,0,0,0,0,4.676,2,High Risk
PAT-2625,68,male,178.9,108.2,33.8,former,high,0,137,90,65,101.1,4.3,230.0,41.0,144.0,179.0,15.1,0,1,0,0,0,4.427,2,High Risk
PAT-3634,77,female,170.5,79.4,27.3,former,moderate,1,139,74,81,121.5,5.3,174.0,56.0,96.0,154.0,11.5,0,0,0,0,0,5.367,2,High Risk
PAT-1225,68,female,161.9,87.3,33.3,never,high,1,114,71,61,131.4,5.3,200.0,56.0,115.0,154.0,13.6,0,0,0,0,0,4.915,2,High Risk
PAT-3588,42,male,181.8,117.7,35.6,former,low,0,112,73,82,105.4,5.2,220.0,37.0,157.0,162.0,15.4,0,0,0,0,0,3.005,1,Moderate Risk
PAT-3663,40,female,158.7,53.4,21.2,current,moderate,0,115,83,69,97.5,5.0,166.0,51.0,103.0,87.0,14.9,0,0,0,0,0,0.623,0,Low Risk
PAT-2130,57,male,176.6,61.1,19.6,never,low,1,119,76,79,80.8,4.2,145.0,28.0,100.0,86.0,16.4,0,0,0,0,0,-0.864,0,Low Risk
PAT-1992,50,male,186.2,115.8,33.4,former,moderate,1,108,71,77,114.1,5.0,196.0,42.0,117.0,141.0,15.4,0,1,0,0,0,4.122,2,High Risk
PAT-2793,62,male,172.5,131.5,44.2,never,moderate,0,138,85,72,119.7,4.8,258.0,28.0,172.0,217.0,16.2,0,0,0,1,0,5.687,2,High Risk
PAT-2876,45,female,163.3,91.5,34.3,never,low,1,113,64,83,127.7,5.5,200.0,42.0,130.0,147.0,12.5,0,1,0,0,0,3.999,2,High Risk
PAT-3553,58,female,163.7,75.3,28.1,never,low,0,134,80,66,113.8,5.2,241.0,48.0,151.0,131.0,15.0,0,0,1,0,0,5.058,2,High Risk
PAT-3943,50,male,176.9,68.5,21.9,current,moderate,0,128,77,69,92.1,4.7,181.0,40.0,127.0,105.0,14.9,0,0,0,0,1,0.285,0,Low Risk
PAT-2412,59,male,177.4,110.8,35.2,former,moderate,0,126,86,75,106.2,5.3,165.0,26.0,123.0,81.0,17.3,0,0,0,1,0,3.679,2,High Risk
PAT-3729,46,male,170.0,78.3,27.1,never,moderate,0,122,77,64,103.4,4.9,196.0,49.0,132.0,107.0,14.5,0,0,0,1,0,0.034,0,Low Risk
PAT-1780,55,female,163.7,85.8,32.0,never,moderate,0,130,81,50,87.7,4.6,177.0,45.0,113.0,71.0,14.7,0,0,0,0,0,-0.192,0,Low Risk
PAT-3042,46,male,166.1,65.1,23.6,former,low,0,108,68,78,106.3,5.2,166.0,42.0,101.0,133.0,17.8,0,0,0,0,0,2.031,1,Moderate Risk
PAT-3721,46,female,161.5,74.1,28.4,current,high,0,139,79,76,91.9,4.4,212.0,49.0,121.0,190.0,12.9,0,0,1,0,0,3.525,1,Moderate Risk
PAT-3491,43,female,172.1,79.4,26.8,never,moderate,0,111,71,75,86.8,4.8,189.0,58.0,101.0,140.0,12.7,0,0,0,0,0,0.719,0,Low Risk
PAT-3439,31,female,171.5,76.8,26.1,never,low,0,117,67,75,207.7,7.5,205.0,49.0,104.0,218.0,13.6,0,0,0,0,0,6.054,2,High Risk
PAT-1412,32,female,164.4,68.9,25.5,current,low,0,115,70,64,142.5,6.9,136.0,54.0,69.0,88.0,14.5,0,0,0,0,0,2.439,1,Moderate Risk
PAT-1328,62,male,176.8,84.4,27.0,current,high,0,116,78,84,89.4,4.5,148.0,53.0,85.0,83.0,15.2,0,1,1,0,0,2.459,1,Moderate Risk
PAT-3426,61,female,160.1,90.2,35.2,never,moderate,1,137,85,96,149.6,6.7,140.0,59.0,70.0,148.0,14.2,0,0,0,0,0,2.719,1,Moderate Risk
PAT-3526,59,female,159.7,44.6,17.5,never,high,0,136,85,73,81.2,4.4,180.0,52.0,108.0,127.0,13.6,0,0,0,0,0,0.298,0,Low Risk
PAT-3490,53,male,180.3,94.3,29.0,former,moderate,0,134,83,65,95.9,4.6,160.0,34.0,103.0,109.0,15.3,0,0,0,0,0,2.201,1,Moderate Risk
PAT-1157,60,female,171.9,87.5,29.6,never,low,0,115,75,69,117.0,5.0,194.0,49.0,113.0,114.0,12.4,0,0,0,0,0,2.555,1,Moderate Risk
PAT-4067,53,male,167.8,82.8,29.4,former,high,0,134,88,64,110.4,5.1,260.0,43.0,175.0,262.0,13.9,1,0,0,0,0,5.214,2,High Risk
PAT-1012,56,female,157.0,55.5,22.5,never,moderate,0,112,84,67,109.1,4.9,164.0,41.0,98.0,159.0,13.6,0,1,1,0,0,1.733,1,Moderate Risk
PAT-1608,28,male,172.6,70.9,23.8,current,moderate,1,117,84,66,83.2,4.2,185.0,56.0,92.0,181.0,15.1,0,0,0,0,0,0.79,0,Low Risk
PAT-1686,50,female,164.1,86.7,32.2,former,moderate,1,136,84,76,119.4,5.0,197.0,44.0,130.0,122.0,15.1,0,0,0,0,0,2.28,1,Moderate Risk
PAT-3185,74,female,157.1,82.7,33.5,never,moderate,0,135,85,60,139.2,6.3,183.0,51.0,96.0,180.0,13.6,0,0,0,0,0,3.941,2,High Risk
PAT-1659,51,female,157.9,52.1,20.9,never,moderate,1,98,68,74,99.4,4.2,186.0,46.0,121.0,75.0,13.4,1,0,0,0,0,0.991,0,Low Risk
PAT-1952,35,female,165.3,78.1,28.6,never,high,0,113,83,76,65.1,4.3,194.0,56.0,116.0,95.0,13.5,0,0,1,0,0,-0.75,0,Low Risk
PAT-1599,58,male,181.0,113.7,34.7,never,low,0,127,84,79,112.1,5.3,206.0,48.0,119.0,173.0,16.6,0,0,0,0,0,2.281,1,Moderate Risk
PAT-3458,60,female,156.3,71.8,29.4,never,moderate,0,121,82,67,79.3,4.5,212.0,50.0,135.0,130.0,12.7,0,0,0,0,0,2.086,1,Moderate Risk
PAT-3208,49,female,169.4,68.6,23.9,former,low,0,133,81,70,98.8,5.3,195.0,48.0,122.0,139.0,13.2,0,0,0,0,0,1.47,1,Moderate Risk
PAT-3097,38,male,173.2,62.1,20.7,current,moderate,0,112,70,56,99.1,5.2,190.0,51.0,111.0,120.0,14.9,0,0,0,0,1,0.352,0,Low Risk
PAT-3914,63,male,166.7,70.0,25.2,never,high,1,111,68,68,68.7,4.1,231.0,44.0,167.0,67.0,13.8,0,0,0,0,0,2.366,1,Moderate Risk
PAT-2754,60,male,182.6,95.0,28.5,never,moderate,0,111,65,85,125.0,5.7,215.0,44.0,141.0,123.0,16.6,0,0,0,0,0,2.747,1,Moderate Risk
PAT-2272,38,male,175.8,70.5,22.8,former,moderate,0,110,78,70,81.0,4.4,157.0,35.0,87.0,189.0,16.9,1,0,0,1,0,0.584,0,Low Risk
PAT-3954,40,male,183.8,59.1,17.5,never,high,0,100,73,72,78.2,4.2,133.0,57.0,67.0,62.0,15.6,0,0,0,0,0,-3.24,0,Low Risk
PAT-2665,53,male,178.8,135.6,42.4,former,low,0,143,79,74,93.9,4.6,195.0,44.0,117.0,156.0,16.5,0,0,0,0,0,2.343,1,Moderate Risk
PAT-3791,45,male,170.1,81.0,28.0,former,high,0,115,81,82,99.2,5.4,189.0,51.0,105.0,120.0,13.6,0,0,0,0,0,1.696,1,Moderate Risk
PAT-2271,62,male,190.6,158.4,43.6,former,high,0,143,92,68,109.4,5.5,211.0,36.0,136.0,216.0,15.2,0,0,0,0,0,5.926,2,High Risk
PAT-3603,36,male,172.5,57.4,19.3,never,low,0,101,60,83,89.0,4.6,209.0,46.0,135.0,137.0,14.2,0,0,0,0,0,-0.698,0,Low Risk
PAT-3255,58,male,180.5,71.4,21.9,never,high,0,115,82,62,83.7,4.3,153.0,38.0,108.0,54.0,17.0,0,0,0,0,0,-1.0,0,Low Risk
PAT-1315,53,female,166.9,90.3,32.4,never,low,0,122,72,72,112.4,5.1,190.0,37.0,122.0,119.0,14.4,0,1,0,0,0,1.467,1,Moderate Risk
PAT-2041,47,male,179.4,63.1,19.6,former,low,0,103,67,82,78.5,4.5,196.0,50.0,113.0,127.0,13.9,0,0,1,0,0,1.937,1,Moderate Risk
PAT-1166,65,male,180.7,64.0,19.6,former,low,0,128,81,67,107.5,4.9,177.0,42.0,124.0,142.0,14.6,0,0,0,0,0,2.728,1,Moderate Risk
PAT-2680,59,female,166.0,59.5,21.6,current,moderate,0,138,85,78,100.8,4.8,181.0,41.0,111.0,155.0,14.4,0,0,0,0,0,2.301,1,Moderate Risk
PAT-4075,78,male,173.0,137.7,46.0,current,moderate,0,144,82,85,114.0,5.4,248.0,46.0,155.0,170.0,17.1,0,1,0,0,0,7.981,2,High Risk
PAT-1325,36,male,184.5,119.5,35.1,current,low,1,137,88,72,110.1,5.3,218.0,28.0,150.0,149.0,16.0,0,1,0,0,0,6.243,2,High Risk
PAT-2464,45,male,178.2,74.9,23.6,current,low,0,110,70,87,109.3,5.4,145.0,46.0,79.0,90.0,16.0,0,0,1,0,0,2.975,1,Moderate Risk
PAT-3882,45,male,168.5,89.4,31.5,former,moderate,1,120,76,80,87.9,5.5,204.0,45.0,132.0,94.0,14.0,1,0,0,0,0,2.155,1,Moderate Risk
PAT-1137,48,female,161.0,86.1,33.2,never,low,0,133,74,79,132.9,5.8,167.0,59.0,103.0,78.0,12.8,0,0,0,0,0,3.364,1,Moderate Risk
PAT-1297,57,female,166.2,73.8,26.7,former,moderate,0,119,82,61,84.9,4.8,242.0,53.0,162.0,138.0,14.2,1,0,0,1,0,4.238,2,High Risk
PAT-2777,52,male,176.0,71.6,23.1,former,high,0,124,84,71,96.4,5.1,187.0,51.0,132.0,47.0,14.5,0,0,0,0,0,0.459,0,Low Risk
PAT-3568,65,female,159.4,68.9,27.1,never,low,1,110,68,70,101.3,5.7,164.0,45.0,99.0,115.0,12.2,0,0,0,0,0,2.293,1,Moderate Risk
PAT-3746,56,female,172.3,89.7,30.2,current,low,1,128,74,93,96.6,5.3,166.0,36.0,112.0,150.0,13.5,1,0,0,0,0,6.228,2,High Risk
PAT-1294,58,female,154.3,58.8,24.7,never,moderate,0,114,79,71,122.3,5.4,244.0,53.0,153.0,203.0,12.7,0,0,0,0,0,3.788,2,High Risk
PAT-1861,32,female,164.0,74.5,27.7,never,low,0,109,64,77,102.9,4.5,167.0,58.0,85.0,143.0,13.6,0,0,0,0,0,-1.062,0,Low Risk
PAT-1370,53,male,173.8,93.6,31.0,current,low,0,129,66,81,130.6,5.3,197.0,56.0,107.0,155.0,15.6,0,0,0,1,0,3.751,2,High Risk
PAT-1757,56,female,153.4,47.8,20.3,never,low,0,123,73,75,143.5,5.9,138.0,54.0,63.0,99.0,11.5,0,0,1,0,0,1.893,1,Moderate Risk
PAT-1644,50,male,182.3,96.7,29.1,former,high,1,131,82,68,116.1,4.7,205.0,49.0,129.0,139.0,14.0,0,0,1,0,0,3.18,1,Moderate Risk
PAT-2319,50,male,184.6,86.9,25.5,never,low,0,113,83,79,98.0,5.1,206.0,50.0,123.0,131.0,16.0,1,0,0,0,1,2.517,1,Moderate Risk
PAT-2614,50,female,172.2,80.1,27.0,former,moderate,0,118,76,67,95.3,4.7,195.0,56.0,112.0,112.0,12.1,0,1,0,0,0,1.936,1,Moderate Risk
PAT-3018,62,male,176.8,104.1,33.3,never,low,0,129,81,80,113.1,5.3,200.0,43.0,144.0,68.0,12.5,0,1,0,0,0,2.663,1,Moderate Risk
PAT-1674,33,male,162.4,77.0,29.2,never,moderate,0,113,75,65,171.5,6.0,212.0,44.0,138.0,102.0,16.2,0,0,0,0,0,2.982,1,Moderate Risk
PAT-2673,40,male,181.8,80.3,24.3,never,low,0,124,67,77,127.9,5.3,182.0,41.0,133.0,71.0,14.3,0,0,0,0,0,1.975,1,Moderate Risk
PAT-1234,83,female,167.0,70.3,25.2,never,high,1,133,94,75,119.8,5.5,254.0,49.0,184.0,117.0,14.0,0,0,1,0,0,5.071,2,High Risk
PAT-4063,46,male,174.8,74.2,24.3,former,moderate,0,114,76,71,94.2,4.5,137.0,38.0,71.0,88.0,14.5,0,1,0,0,0,0.02,0,Low Risk
PAT-3948,50,male,173.7,73.9,24.5,never,low,0,112,69,70,97.5,4.9,188.0,54.0,118.0,127.0,14.8,0,0,0,0,0,-0.209,0,Low Risk
PAT-2762,54,female,159.8,61.3,24.0,never,low,0,114,61,78,116.4,5.4,209.0,49.0,127.0,179.0,12.4,0,0,0,0,0,1.995,1,Moderate Risk
PAT-1731,39,male,172.8,81.2,27.2,former,moderate,0,108,67,69,112.5,5.1,198.0,42.0,134.0,96.0,14.7,0,0,0,0,0,0.383,0,Low Risk
PAT-2722,63,male,165.4,73.9,27.0,never,moderate,0,114,81,69,137.2,5.4,204.0,42.0,130.0,133.0,17.0,0,0,1,0,0,3.781,2,High Risk
PAT-2717,56,male,169.5,86.2,30.0,never,low,0,118,70,72,105.7,5.3,135.0,46.0,58.0,183.0,13.8,0,0,0,0,0,2.185,1,Moderate Risk
PAT-1497,50,female,160.6,62.2,24.1,never,moderate,0,113,64,72,95.8,4.9,216.0,46.0,141.0,110.0,12.1,0,0,0,0,0,0.961,0,Low Risk
PAT-2669,61,male,178.2,88.3,27.8,never,low,1,136,84,68,185.7,7.2,228.0,54.0,143.0,183.0,14.1,1,0,0,0,0,8.7,2,High Risk
PAT-2920,25,female,158.9,48.0,19.0,never,low,0,119,69,61,76.6,5.1,170.0,48.0,101.0,86.0,12.6,0,0,1,0,0,0.509,0,Low Risk
PAT-2375,50,female,154.6,82.9,34.7,never,high,0,124,82,75,90.5,4.2,206.0,52.0,128.0,130.0,13.1,0,0,0,0,0,2.073,1,Moderate Risk
PAT-2366,53,male,170.5,50.9,17.5,never,moderate,0,128,88,76,110.0,5.2,186.0,63.0,99.0,138.0,15.6,0,0,0,0,0,2.17,1,Moderate Risk
PAT-2151,23,female,165.6,77.3,28.2,never,low,1,124,66,53,79.5,4.7,165.0,47.0,103.0,129.0,12.9,0,0,0,0,0,1.332,1,Moderate Risk
PAT-2554,50,male,164.0,69.9,26.0,never,low,0,113,73,75,111.5,5.6,191.0,44.0,117.0,134.0,16.9,0,0,0,0,0,0.897,0,Low Risk
PAT-2259,52,female,161.8,83.0,31.7,never,moderate,0,149,94,64,102.4,4.7,227.0,51.0,137.0,162.0,13.4,0,0,0,0,0,3.04,1,Moderate Risk
PAT-3633,57,male,185.0,109.5,32.0,never,high,0,125,74,88,95.8,4.8,207.0,52.0,115.0,182.0,13.8,0,0,0,0,1,0.596,0,Low Risk
PAT-3537,66,male,168.8,76.6,26.9,never,high,0,108,76,65,110.6,5.6,184.0,58.0,104.0,106.0,14.7,1,0,0,0,0,1.869,1,Moderate Risk
PAT-1586,47,male,182.7,88.1,26.4,never,moderate,0,116,70,61,89.0,4.5,184.0,29.0,128.0,130.0,16.9,0,0,0,0,0,0.698,0,Low Risk
PAT-3372,55,male,179.1,120.0,37.4,never,high,0,133,85,76,107.9,4.9,221.0,53.0,136.0,182.0,15.1,0,0,0,0,0,2.655,1,Moderate Risk
PAT-3918,54,female,154.3,43.6,18.3,never,high,1,106,72,68,92.5,4.4,216.0,69.0,135.0,45.0,13.2,0,0,0,0,0,0.412,0,Low Risk
PAT-3264,63,male,169.5,132.2,46.0,never,high,0,137,95,78,132.8,5.6,199.0,50.0,121.0,132.0,15.0,0,0,0,0,0,4.173,2,High Risk
PAT-1485,33,female,160.6,68.1,26.4,never,low,0,125,80,65,106.5,5.2,154.0,57.0,65.0,110.0,13.6,0,0,1,0,0,1.13,0,Low Risk
PAT-3989,85,female,178.5,146.6,46.0,former,moderate,1,155,95,86,156.5,6.8,230.0,38.0,155.0,202.0,12.7,0,0,0,0,0,10.872,2,High Risk
PAT-3100,58,female,162.0,65.9,25.1,never,low,1,127,85,78,122.3,5.2,190.0,56.0,117.0,95.0,12.1,0,0,0,0,0,3.632,1,Moderate Risk
PAT-2362,55,female,163.8,52.1,19.4,never,moderate,0,114,72,76,65.0,4.6,210.0,61.0,144.0,53.0,12.8,0,0,1,0,0,-1.496,0,Low Risk
PAT-3311,78,male,176.4,64.7,20.8,current,moderate,0,123,66,91,126.1,6.4,189.0,49.0,110.0,118.0,16.3,0,0,0,0,0,3.332,1,Moderate Risk
PAT-1791,56,female,169.0,92.3,32.3,current,moderate,0,125,75,68,98.9,4.7,193.0,39.0,131.0,129.0,13.0,0,0,0,0,0,3.318,1,Moderate Risk
PAT-3027,70,female,160.9,92.9,35.9,never,high,0,130,76,70,105.0,5.6,196.0,58.0,115.0,145.0,13.9,0,0,0,0,0,2.555,1,Moderate Risk
PAT-2927,49,male,176.1,68.8,22.2,former,low,0,124,71,73,99.9,5.0,149.0,64.0,75.0,77.0,14.4,0,0,1,0,0,0.279,0,Low Risk
PAT-3125,61,female,156.2,59.5,24.4,never,moderate,0,130,78,86,65.0,4.1,149.0,54.0,88.0,55.0,13.4,0,0,0,0,0,-0.276,0,Low Risk
PAT-3506,85,male,179.8,63.4,19.6,never,moderate,0,138,73,52,118.5,4.4,167.0,37.0,113.0,81.0,15.3,0,0,0,0,0,2.21,1,Moderate Risk
PAT-3964,70,female,163.5,85.3,31.9,never,moderate,0,118,81,70,90.8,4.8,160.0,33.0,102.0,127.0,10.8,0,0,0,0,1,0.245,0,Low Risk
PAT-2827,73,female,160.6,68.9,26.7,never,low,0,127,83,69,126.1,5.1,180.0,55.0,85.0,125.0,11.7,0,0,0,0,0,3.269,1,Moderate Risk
PAT-3708,48,female,176.1,86.8,28.0,never,moderate,0,111,76,70,105.8,5.0,226.0,54.0,140.0,135.0,13.9,0,0,0,0,0,-0.064,0,Low Risk
PAT-3585,44,male,172.6,67.6,22.7,former,moderate,0,108,83,67,96.1,4.9,170.0,48.0,102.0,89.0,15.1,0,0,0,0,0,0.37,0,Low Risk
PAT-1902,53,male,165.9,76.5,27.8,never,low,1,114,68,102,118.9,5.7,249.0,41.0,189.0,93.0,15.7,0,0,0,0,0,3.809,2,High Risk
PAT-3601,62,female,167.7,72.0,25.6,never,low,0,110,72,60,112.9,5.3,179.0,47.0,115.0,104.0,11.4,0,0,1,0,0,2.644,1,Moderate Risk
PAT-3520,55,female,161.9,86.5,33.0,never,moderate,0,123,84,74,98.8,4.7,204.0,48.0,116.0,173.0,14.4,0,1,0,0,0,2.462,1,Moderate Risk
PAT-3482,81,female,162.8,60.2,22.7,never,moderate,0,149,89,69,184.5,7.0,167.0,53.0,96.0,113.0,15.0,0,1,0,0,0,7.115,2,High Risk
PAT-3839,51,female,170.4,77.5,26.7,never,low,0,121,74,63,87.7,4.8,184.0,40.0,124.0,174.0,14.3,1,0,0,0,0,2.619,1,Moderate Risk
PAT-4003,79,male,170.4,94.7,32.6,current,low,0,139,88,79,113.7,5.3,224.0,28.0,163.0,174.0,13.9,0,0,0,0,1,6.764,2,High Risk
PAT-1240,42,female,164.9,79.9,29.4,never,high,0,125,88,65,107.1,5.0,182.0,56.0,96.0,138.0,13.9,0,0,0,0,1,1.187,0,Low Risk
PAT-3528,82,male,171.1,86.1,29.4,never,high,1,130,68,54,106.1,4.5,269.0,53.0,175.0,128.0,16.4,1,0,0,1,0,4.875,2,High Risk
PAT-3486,48,female,159.2,66.9,26.4,never,high,1,120,77,67,65.0,4.2,207.0,62.0,112.0,102.0,13.1,1,0,0,0,0,0.556,0,Low Risk
PAT-4007,31,male,178.2,105.7,33.3,former,moderate,0,108,81,75,99.2,5.3,153.0,45.0,77.0,128.0,16.4,0,0,0,0,0,0.931,0,Low Risk
PAT-4164,37,male,160.9,52.6,20.3,current,high,1,127,74,74,65.0,4.2,202.0,58.0,121.0,80.0,16.1,0,0,1,0,0,-0.082,0,Low Risk
PAT-2603,42,male,163.3,53.1,19.9,never,low,1,112,74,75,97.4,4.3,159.0,47.0,99.0,107.0,15.4,1,0,0,0,0,1.625,1,Moderate Risk
PAT-1802,54,female,166.6,75.2,27.1,current,moderate,1,132,76,83,123.3,5.1,166.0,35.0,112.0,84.0,12.2,0,0,1,0,0,2.787,1,Moderate Risk
PAT-3364,44,male,171.1,88.7,30.3,never,low,1,136,81,78,132.3,5.8,174.0,35.0,131.0,112.0,13.7,1,0,0,0,0,7.959,2,High Risk
PAT-1329,62,female,158.4,79.8,31.8,never,low,1,134,91,94,219.2,7.8,236.0,70.0,135.0,118.0,14.1,0,0,1,0,0,7.864,2,High Risk
PAT-1613,37,female,162.1,96.7,36.8,never,low,0,111,72,76,125.2,5.0,197.0,47.0,133.0,88.0,12.9,1,0,0,0,0,1.758,1,Moderate Risk
PAT-3283,39,female,162.7,72.8,27.5,never,low,0,135,89,76,116.4,5.3,173.0,46.0,107.0,93.0,14.8,0,0,0,0,0,3.261,1,Moderate Risk
PAT-2778,47,male,168.6,79.0,27.8,former,low,0,124,85,69,78.8,5.3,159.0,41.0,96.0,133.0,18.2,0,0,0,0,0,2.361,1,Moderate Risk
PAT-1292,45,female,164.5,87.1,32.2,former,moderate,1,115,75,75,98.6,5.1,204.0,43.0,131.0,156.0,14.2,0,1,0,0,0,4.594,2,High Risk
PAT-4069,63,female,167.3,80.9,28.9,never,high,0,111,76,68,111.4,4.7,193.0,75.0,123.0,45.0,13.3,0,0,0,0,0,-0.253,0,Low Risk
PAT-1142,30,female,154.1,72.9,30.7,current,moderate,0,116,63,76,85.4,5.0,213.0,52.0,148.0,93.0,14.6,0,0,0,0,0,1.298,1,Moderate Risk
PAT-4082,25,female,162.4,83.3,31.6,never,high,0,124,84,64,100.3,5.3,177.0,40.0,122.0,86.0,14.9,0,0,0,0,0,1.118,0,Low Risk
PAT-1367,53,male,176.9,98.3,31.4,never,low,0,128,85,78,244.0,8.3,224.0,56.0,126.0,176.0,12.8,0,0,0,0,0,7.983,2,High Risk
PAT-2959,56,male,170.8,66.2,22.7,former,high,0,121,62,64,96.0,4.9,178.0,50.0,106.0,99.0,14.3,0,0,1,0,1,-1.08,0,Low Risk
PAT-3870,44,female,159.1,66.1,26.1,never,moderate,0,116,76,80,84.5,4.2,174.0,45.0,112.0,93.0,14.7,0,0,0,0,0,0.526,0,Low Risk
PAT-1635,30,male,168.7,70.3,24.7,never,low,0,90,68,72,87.7,4.3,196.0,44.0,120.0,81.0,14.1,1,0,0,0,0,-0.449,0,Low Risk
PAT-1018,40,female,166.8,94.9,34.1,never,moderate,0,121,87,59,97.3,5.1,202.0,44.0,128.0,152.0,13.4,0,0,0,0,0,0.514,0,Low Risk
PAT-3420,68,female,164.4,54.6,20.2,former,moderate,0,125,67,67,200.8,7.4,196.0,61.0,113.0,161.0,14.4,0,0,0,0,0,3.78,2,High Risk
PAT-1307,45,female,153.8,55.1,23.3,former,high,1,111,64,63,109.3,5.1,217.0,46.0,148.0,89.0,13.5,0,0,0,0,0,2.642,1,Moderate Risk
PAT-1598,47,female,164.2,62.3,23.1,former,moderate,1,131,67,70,91.3,4.6,203.0,66.0,114.0,85.0,14.6,0,0,0,0,0,0.573,0,Low Risk
PAT-3777,50,male,172.1,82.0,27.7,former,moderate,1,134,86,81,82.3,4.1,165.0,49.0,108.0,45.0,14.8,1,0,0,0,0,3.549,1,Moderate Risk
PAT-3963,38,male,164.8,105.4,38.8,current,low,0,143,94,86,112.8,5.0,211.0,51.0,138.0,141.0,17.8,0,0,0,0,0,5.432,2,High Risk
PAT-3411,75,female,167.1,66.7,23.9,never,high,0,121,77,82,85.9,4.9,180.0,43.0,115.0,124.0,13.0,0,0,0,0,0,1.186,0,Low Risk
PAT-2628,54,female,161.4,60.2,23.1,never,low,0,118,76,76,84.6,5.0,165.0,56.0,84.0,111.0,13.6,0,0,0,0,0,-1.434,0,Low Risk
PAT-2709,39,male,179.8,102.2,31.6,current,moderate,0,130,84,84,92.0,5.2,209.0,45.0,143.0,138.0,16.8,0,1,1,0,0,2.424,1,Moderate Risk
PAT-2781,52,male,190.9,97.3,26.7,current,low,1,115,77,71,105.5,5.1,205.0,49.0,135.0,160.0,15.7,0,0,0,0,0,4.99,2,High Risk
PAT-1741,35,female,151.9,53.8,23.3,never,low,0,111,76,83,101.2,5.1,166.0,31.0,105.0,148.0,11.6,0,0,0,0,0,-0.597,0,Low Risk
PAT-3464,65,female,165.9,98.8,35.9,never,low,0,154,94,62,125.9,5.1,206.0,52.0,128.0,77.0,13.9,0,0,0,0,0,4.195,2,High Risk
PAT-2122,62,male,172.0,129.9,43.9,never,moderate,0,120,70,70,141.7,5.7,159.0,49.0,69.0,216.0,15.0,0,0,0,0,0,3.2,1,Moderate Risk
PAT-1324,39,female,167.7,59.1,21.0,never,moderate,0,93,62,72,101.1,5.1,205.0,58.0,118.0,126.0,13.3,0,0,0,0,0,-1.548,0,Low Risk
PAT-1079,25,male,175.3,67.9,22.1,never,moderate,0,112,77,80,73.0,4.1,133.0,44.0,84.0,82.0,16.5,0,0,0,0,0,-1.587,0,Low Risk
PAT-2291,85,female,154.0,51.5,21.7,never,low,1,128,82,82,91.5,4.1,209.0,45.0,133.0,75.0,11.4,0,0,0,0,0,3.686,2,High Risk
PAT-3192,81,female,161.8,70.2,26.8,never,high,0,144,86,68,108.2,5.2,256.0,56.0,170.0,95.0,13.7,0,0,0,0,0,2.156,1,Moderate Risk
PAT-1356,53,female,157.0,43.1,17.5,never,moderate,0,90,55,65,77.5,4.5,143.0,41.0,86.0,132.0,12.6,0,0,1,0,0,-2.212,0,Low Risk
PAT-1126,39,female,165.4,55.8,20.4,never,low,0,97,58,52,99.7,4.6,175.0,48.0,110.0,92.0,12.6,0,0,0,0,0,-1.82,0,Low Risk
PAT-2956,23,female,167.1,92.4,33.1,never,moderate,0,114,89,86,97.8,4.8,184.0,43.0,106.0,190.0,16.4,0,0,0,0,0,0.949,0,Low Risk
PAT-2496,82,male,167.0,69.2,24.8,never,moderate,1,133,75,76,93.4,4.8,185.0,47.0,116.0,105.0,15.3,0,0,0,0,0,3.28,1,Moderate Risk
PAT-1901,47,male,192.6,120.9,32.6,never,low,0,117,78,70,122.0,5.4,174.0,40.0,104.0,144.0,15.5,0,0,1,0,0,2.545,1,Moderate Risk
PAT-3516,54,female,149.9,66.7,29.7,never,moderate,0,124,74,76,97.9,5.0,144.0,53.0,74.0,94.0,13.2,0,0,0,0,0,-0.931,0,Low Risk
PAT-2195,59,female,174.2,53.1,17.5,never,low,1,117,82,81,106.9,4.7,200.0,55.0,126.0,75.0,14.1,0,0,0,0,0,1.26,1,Moderate Risk
PAT-1008,46,female,156.3,46.4,19.0,never,low,0,121,71,72,105.2,5.0,223.0,57.0,126.0,185.0,14.8,0,1,0,0,0,2.371,1,Moderate Risk
PAT-4038,40,male,171.4,85.2,29.0,former,high,0,117,74,74,95.1,5.1,181.0,48.0,114.0,88.0,14.6,0,0,1,0,0,1.777,1,Moderate Risk
PAT-2943,48,female,159.8,62.6,24.5,never,low,1,96,64,58,109.9,5.4,229.0,59.0,149.0,95.0,16.3,0,0,1,0,0,1.058,0,Low Risk
PAT-2921,63,male,173.5,136.4,45.3,never,high,0,132,95,72,122.2,5.2,213.0,51.0,132.0,191.0,14.6,0,0,0,0,0,2.475,1,Moderate Risk
PAT-1547,50,male,178.2,146.1,46.0,never,moderate,0,138,87,80,110.3,5.4,226.0,33.0,160.0,180.0,15.9,0,1,1,0,0,3.787,2,High Risk
PAT-2453,85,female,173.6,66.9,22.2,former,moderate,0,131,79,65,117.2,4.8,203.0,53.0,119.0,198.0,14.9,0,1,0,0,0,3.758,2,High Risk
PAT-1928,75,male,169.2,73.3,25.6,never,moderate,0,93,72,50,87.8,4.2,185.0,52.0,125.0,62.0,14.4,0,0,0,0,1,-2.289,0,Low Risk
PAT-3112,54,male,177.3,94.0,29.9,never,low,0,115,76,80,111.6,5.2,175.0,35.0,114.0,151.0,14.3,0,0,0,0,0,1.742,1,Moderate Risk
PAT-1575,22,female,162.7,60.1,22.7,never,moderate,1,104,66,52,85.2,4.9,202.0,61.0,109.0,136.0,14.5,0,0,0,0,0,-0.63,0,Low Risk
PAT-1924,70,male,168.3,93.5,33.0,former,moderate,1,126,80,77,115.4,5.0,225.0,40.0,159.0,141.0,14.4,0,0,0,0,0,3.739,2,High Risk
PAT-2763,31,male,173.5,111.4,37.0,never,moderate,0,119,82,77,101.3,4.5,218.0,37.0,146.0,193.0,16.7,0,0,0,0,0,2.499,1,Moderate Risk
PAT-2994,58,female,162.6,49.7,18.8,never,high,1,104,70,71,72.4,4.5,201.0,67.0,120.0,106.0,12.1,0,0,0,0,0,-1.453,0,Low Risk
PAT-1683,60,female,161.1,63.6,24.5,never,high,1,109,71,73,97.0,4.6,195.0,62.0,116.0,74.0,14.1,0,0,0,0,0,-0.906,0,Low Risk
PAT-3523,49,female,163.1,46.8,17.6,never,high,0,121,77,75,80.2,4.9,181.0,55.0,104.0,107.0,13.6,0,0,0,0,0,-0.875,0,Low Risk
PAT-1156,79,female,153.4,41.2,17.5,former,high,1,107,65,58,110.9,5.7,193.0,63.0,110.0,107.0,13.8,0,0,0,0,0,0.947,0,Low Risk
PAT-1098,53,female,161.7,61.2,23.4,current,moderate,0,112,78,83,83.0,4.2,136.0,48.0,75.0,75.0,12.2,0,0,0,0,0,-1.406,0,Low Risk
PAT-1111,53,male,176.2,77.9,25.1,never,high,0,123,87,56,113.0,4.7,170.0,49.0,100.0,82.0,17.5,0,0,0,0,0,1.133,0,Low Risk
PAT-1288,57,male,174.5,127.6,41.9,former,moderate,0,128,72,84,141.8,6.0,153.0,43.0,80.0,173.0,14.7,0,0,0,0,0,3.199,1,Moderate Risk
PAT-2214,49,female,164.9,108.5,39.9,former,low,0,145,92,66,131.1,5.7,188.0,37.0,113.0,182.0,13.0,0,0,0,0,0,5.399,2,High Risk
PAT-2816,23,female,159.9,54.5,21.3,never,moderate,1,132,74,59,67.7,4.2,175.0,45.0,99.0,126.0,12.7,0,0,0,0,0,-0.47,0,Low Risk
PAT-3843,37,male,184.1,111.2,32.8,never,moderate,0,106,60,52,104.1,5.3,177.0,51.0,113.0,120.0,14.1,0,0,0,0,0,-2.01,0,Low Risk
PAT-2323,60,female,168.0,102.7,36.4,never,low,0,147,79,76,158.9,6.9,225.0,51.0,141.0,171.0,14.1,0,0,0,0,0,7.138,2,High Risk
PAT-1517,39,male,158.6,70.2,27.9,never,high,0,134,73,85,78.7,4.3,189.0,64.0,107.0,86.0,15.9,0,0,0,0,0,-2.209,0,Low Risk
PAT-1515,64,female,158.0,51.7,20.7,former,low,0,137,68,77,85.2,4.5,151.0,54.0,82.0,50.0,14.5,0,0,0,0,0,0.766,0,Low Risk
PAT-3045,69,female,155.4,60.6,25.1,never,low,0,119,74,78,131.3,5.5,173.0,58.0,81.0,175.0,13.7,0,0,1,0,0,2.454,1,Moderate Risk
PAT-2513,27,male,180.6,105.4,32.3,never,moderate,0,110,71,61,95.2,4.9,190.0,51.0,113.0,123.0,17.6,0,0,0,0,1,-1.403,0,Low Risk
PAT-1246,46,male,176.2,81.0,26.1,former,moderate,0,123,77,76,132.3,5.9,181.0,30.0,119.0,119.0,15.2,0,0,0,0,0,3.816,2,High Risk
PAT-4102,76,female,166.8,65.9,23.7,never,high,0,122,73,82,124.3,5.8,171.0,59.0,109.0,57.0,14.2,0,0,0,0,0,0.759,0,Low Risk
PAT-2855,44,female,172.5,69.3,23.3,never,low,0,103,72,89,131.3,6.0,211.0,60.0,129.0,114.0,11.5,0,0,1,0,0,2.84,1,Moderate Risk
PAT-3891,23,female,164.3,60.5,22.4,former,low,1,113,71,67,106.0,5.0,161.0,52.0,80.0,112.0,13.5,0,0,0,0,0,0.707,0,Low Risk
PAT-3724,80,male,170.4,85.1,29.3,never,high,0,114,79,66,228.2,8.2,266.0,57.0,168.0,199.0,14.0,0,0,0,0,0,7.548,2,High Risk
PAT-2988,44,male,170.7,97.3,33.4,never,moderate,1,131,87,81,111.0,4.8,186.0,47.0,124.0,79.0,13.3,0,0,0,0,0,2.057,1,Moderate Risk
PAT-1433,63,female,161.0,89.4,34.5,never,moderate,0,128,71,69,117.4,5.0,196.0,50.0,115.0,112.0,10.9,0,0,0,0,0,2.554,1,Moderate Risk
PAT-3991,61,male,178.9,81.6,25.5,former,low,1,128,80,56,102.4,5.0,175.0,56.0,103.0,106.0,14.1,0,0,0,0,0,3.893,2,High Risk
PAT-1193,36,male,169.7,82.4,28.6,former,moderate,0,119,72,74,80.8,4.8,218.0,56.0,123.0,168.0,15.9,0,0,1,0,0,0.617,0,Low Risk
PAT-1762,85,male,174.3,74.7,24.6,never,high,0,118,80,72,88.0,4.4,204.0,53.0,142.0,80.0,15.3,0,0,0,0,0,0.212,0,Low Risk
PAT-1796,52,female,155.3,54.3,22.5,never,high,1,94,66,79,106.2,5.1,194.0,42.0,126.0,96.0,13.8,0,0,0,0,0,-0.331,0,Low Risk
PAT-2327,51,male,165.3,85.3,31.2,never,low,1,110,78,72,107.6,5.6,216.0,53.0,138.0,130.0,13.4,0,0,1,1,0,4.201,2,High Risk
PAT-2831,56,female,157.4,54.3,21.9,never,moderate,1,111,81,63,86.0,4.5,189.0,56.0,120.0,113.0,12.9,0,0,0,0,0,0.438,0,Low Risk
PAT-2020,60,female,164.9,84.3,31.0,never,moderate,0,133,91,67,109.3,5.6,179.0,42.0,110.0,198.0,12.4,0,0,0,0,0,3.537,1,Moderate Risk
PAT-2509,74,female,166.0,70.5,25.6,current,low,0,129,70,83,110.3,5.5,149.0,47.0,71.0,134.0,13.3,0,0,0,0,0,2.577,1,Moderate Risk
PAT-2749,67,male,170.0,76.0,26.3,former,moderate,1,136,64,66,85.0,4.4,214.0,43.0,140.0,146.0,14.8,0,0,0,0,0,1.219,1,Moderate Risk
PAT-2435,57,female,153.9,41.4,17.5,never,low,1,117,66,82,114.2,5.5,221.0,51.0,159.0,45.0,13.1,1,0,0,0,0,3.487,1,Moderate Risk
PAT-3934,65,female,165.8,93.7,34.1,never,low,0,130,82,81,105.9,5.4,195.0,34.0,138.0,113.0,12.3,0,0,0,0,0,2.254,1,Moderate Risk
PAT-3787,35,female,172.3,84.9,28.6,former,low,1,107,76,68,86.9,4.5,162.0,55.0,83.0,139.0,13.8,0,0,1,0,0,0.664,0,Low Risk
PAT-3314,62,male,173.1,76.1,25.4,former,moderate,0,104,61,76,100.7,4.6,213.0,44.0,138.0,155.0,16.1,0,0,0,0,0,-0.435,0,Low Risk
PAT-3517,22,female,162.7,46.6,17.6,never,moderate,0,101,67,69,81.1,4.5,158.0,43.0,106.0,50.0,12.1,0,0,0,0,0,-4.211,0,Low Risk
PAT-2730,50,female,174.8,69.7,22.8,never,low,0,112,74,80,102.7,4.8,208.0,49.0,139.0,73.0,12.6,0,0,0,0,0,0.93,0,Low Risk
PAT-4190,47,female,162.2,52.9,20.1,current,high,0,117,86,69,119.0,5.0,222.0,51.0,150.0,138.0,12.3,0,1,0,0,0,2.103,1,Moderate Risk
PAT-1144,57,female,162.4,64.9,24.6,former,low,0,100,61,55,108.7,5.1,141.0,40.0,81.0,70.0,13.5,0,0,1,0,0,1.908,1,Moderate Risk
PAT-2997,41,female,166.3,71.6,25.9,current,low,0,124,68,89,120.1,5.6,145.0,46.0,83.0,115.0,13.0,0,0,0,0,0,3.128,1,Moderate Risk
PAT-3627,63,male,166.7,82.3,29.6,former,moderate,0,127,74,67,117.2,4.8,208.0,41.0,123.0,196.0,17.2,0,0,0,0,0,3.116,1,Moderate Risk
PAT-2380,62,female,148.9,56.5,25.5,never,low,0,132,91,72,92.3,4.3,157.0,43.0,92.0,160.0,11.4,0,0,0,0,0,1.111,0,Low Risk
PAT-1730,56,male,170.6,67.2,23.1,never,moderate,0,118,78,71,76.0,4.6,122.0,44.0,59.0,71.0,11.9,0,0,0,0,0,-2.174,0,Low Risk
PAT-1786,65,male,179.1,63.8,19.9,former,high,0,128,75,79,81.7,4.1,160.0,52.0,94.0,87.0,15.3,0,0,0,0,0,-0.907,0,Low Risk
PAT-1715,68,female,162.4,70.4,26.7,never,moderate,0,147,83,66,110.6,4.6,232.0,57.0,143.0,136.0,15.1,0,0,1,0,0,3.697,2,High Risk
PAT-3953,74,female,165.7,74.1,27.0,never,high,0,125,66,73,115.8,5.5,193.0,46.0,122.0,124.0,13.0,0,0,0,0,0,1.727,1,Moderate Risk
PAT-1827,46,female,164.1,49.8,18.5,never,low,1,91,61,82,99.4,4.6,158.0,43.0,92.0,45.0,14.1,0,0,0,0,0,-1.578,0,Low Risk
PAT-3459,60,female,152.9,47.7,20.4,never,high,1,132,87,73,77.6,4.8,189.0,65.0,104.0,116.0,14.1,0,0,0,0,0,0.469,0,Low Risk
PAT-2123,37,male,174.2,99.2,32.7,current,high,0,99,55,72,101.8,4.7,231.0,59.0,145.0,142.0,16.1,0,0,1,0,0,0.261,0,Low Risk
PAT-2995,68,female,165.1,114.8,42.1,never,moderate,1,121,87,72,107.8,5.0,236.0,45.0,159.0,195.0,13.9,0,0,0,0,1,4.473,2,High Risk
PAT-3312,56,male,164.6,78.3,28.9,never,moderate,0,117,70,59,105.7,4.8,195.0,38.0,140.0,52.0,15.2,0,0,1,0,0,3.888,2,High Risk
PAT-1427,63,male,180.8,93.8,28.7,former,high,1,151,93,86,120.5,5.8,198.0,52.0,122.0,113.0,14.9,0,0,0,0,0,3.68,2,High Risk
PAT-2980,39,female,153.9,55.4,23.4,never,low,0,132,76,61,99.6,4.7,197.0,64.0,102.0,137.0,12.3,0,0,1,0,0,0.876,0,Low Risk
PAT-1236,25,female,169.0,55.7,19.5,former,high,0,101,60,68,65.0,4.4,199.0,56.0,115.0,117.0,13.5,0,0,0,0,0,-2.113,0,Low Risk
PAT-1477,57,female,162.8,46.9,17.7,never,moderate,0,104,61,73,170.6,6.7,234.0,70.0,133.0,131.0,14.2,0,0,0,0,0,1.255,1,Moderate Risk
PAT-1168,50,female,171.3,76.6,26.1,never,moderate,0,111,71,75,87.5,4.8,204.0,38.0,138.0,86.0,13.9,0,0,0,0,0,0.41,0,Low Risk
PAT-3814,79,female,156.8,55.3,22.5,never,moderate,0,139,81,83,136.1,5.7,218.0,50.0,149.0,128.0,13.2,0,0,0,0,0,4.309,2,High Risk
PAT-2370,51,male,177.0,66.1,21.1,never,moderate,1,103,72,75,104.2,4.8,210.0,43.0,139.0,167.0,16.0,0,0,0,0,0,1.575,1,Moderate Risk
PAT-2181,72,male,168.1,99.7,35.3,former,moderate,0,138,83,68,99.2,4.5,185.0,46.0,124.0,90.0,16.6,0,0,0,0,0,1.944,1,Moderate Risk
PAT-2451,77,male,175.2,72.4,23.6,never,high,1,118,68,55,82.2,4.4,231.0,70.0,145.0,86.0,14.4,1,0,0,0,0,-0.86,0,Low Risk
PAT-2725,68,male,195.5,116.6,30.5,former,moderate,1,129,76,54,118.6,5.2,166.0,44.0,96.0,136.0,13.8,0,0,0,0,0,2.314,1,Moderate Risk
PAT-3075,49,female,167.7,91.7,32.6,former,low,0,132,73,74,117.8,5.4,209.0,62.0,115.0,183.0,14.3,0,0,0,0,0,2.665,1,Moderate Risk
PAT-3038,53,female,159.0,58.7,23.2,never,moderate,0,122,65,76,121.1,5.3,195.0,50.0,115.0,169.0,14.0,0,0,0,0,0,1.426,1,Moderate Risk
PAT-2938,68,female,158.1,84.2,33.7,former,moderate,0,134,76,84,108.6,5.0,212.0,58.0,123.0,156.0,14.5,0,0,0,0,0,1.374,1,Moderate Risk
PAT-4012,35,female,159.3,73.3,28.9,former,moderate,0,107,72,75,78.6,4.3,123.0,46.0,50.0,102.0,13.5,0,0,0,0,0,-3.69,0,Low Risk
PAT-1237,56,female,166.5,62.4,22.5,former,high,1,122,68,67,120.6,5.4,219.0,57.0,146.0,121.0,11.9,1,0,0,0,0,4.029,2,High Risk
PAT-2221,57,male,172.8,101.8,34.1,former,moderate,0,134,80,92,117.8,5.8,169.0,40.0,91.0,191.0,15.8,0,0,0,0,0,2.114,1,Moderate Risk
PAT-3994,40,female,164.5,95.8,35.4,never,low,0,118,77,71,129.7,5.9,194.0,46.0,111.0,199.0,15.9,0,1,0,0,0,5.398,2,High Risk
PAT-1685,63,male,170.3,80.9,27.9,never,moderate,1,121,81,59,66.9,4.1,195.0,54.0,108.0,101.0,14.7,0,0,0,0,0,-0.563,0,Low Risk
PAT-2156,43,female,168.9,92.7,32.5,former,low,0,129,86,85,92.4,4.7,170.0,39.0,107.0,118.0,14.8,0,1,0,0,0,3.779,2,High Risk
PAT-4106,35,female,166.3,50.6,18.3,former,low,0,106,72,76,81.9,4.5,136.0,38.0,99.0,56.0,12.8,0,0,0,0,0,-0.407,0,Low Risk
PAT-1383,46,female,156.6,42.9,17.5,never,moderate,0,90,69,68,121.5,5.6,186.0,58.0,104.0,146.0,13.1,0,0,0,0,0,0.782,0,Low Risk
PAT-1373,66,female,168.4,103.5,36.5,never,high,0,137,82,68,164.3,6.7,239.0,60.0,141.0,179.0,13.5,0,0,1,0,0,6.055,2,High Risk
PAT-1626,39,male,175.0,91.9,30.0,never,low,0,129,90,66,113.8,5.5,155.0,46.0,67.0,154.0,13.9,0,0,0,0,0,0.937,0,Low Risk
PAT-2752,44,male,173.1,95.3,31.8,former,moderate,0,118,72,81,100.0,5.1,171.0,23.0,123.0,110.0,17.3,0,0,1,0,0,1.864,1,Moderate Risk
PAT-3543,49,female,160.7,62.2,24.1,never,high,0,122,75,68,164.2,6.4,163.0,58.0,77.0,169.0,14.2,0,0,1,0,0,2.395,1,Moderate Risk
PAT-4113,36,female,168.7,71.1,25.0,former,moderate,1,109,75,75,78.8,4.6,135.0,41.0,89.0,45.0,12.3,0,0,0,0,0,-1.693,0,Low Risk
PAT-1671,24,male,166.0,60.1,21.8,former,moderate,0,120,67,77,81.7,4.6,170.0,45.0,95.0,117.0,15.8,0,0,0,0,0,-0.813,0,Low Risk
PAT-3999,51,male,180.0,71.9,22.2,former,low,1,97,62,77,99.0,4.8,153.0,31.0,86.0,166.0,13.8,0,0,0,0,0,1.881,1,Moderate Risk
PAT-3333,48,male,176.6,117.9,37.8,former,low,0,137,88,78,115.0,5.6,215.0,22.0,155.0,153.0,14.7,0,1,0,0,1,6.901,2,High Risk
PAT-3351,62,female,167.9,88.8,31.5,never,moderate,0,133,91,69,114.6,5.0,231.0,47.0,162.0,151.0,14.3,0,1,0,0,0,2.5,1,Moderate Risk
PAT-4054,77,male,173.4,80.6,26.8,former,moderate,0,121,69,85,91.5,4.7,136.0,49.0,61.0,162.0,15.8,0,0,0,0,0,1.795,1,Moderate Risk
PAT-2019,59,male,179.6,116.8,36.2,never,high,1,133,86,69,144.0,5.9,225.0,46.0,136.0,203.0,15.8,1,0,0,0,0,6.951,2,High Risk
PAT-2111,56,male,175.9,69.6,22.5,former,low,0,118,66,77,95.2,4.4,202.0,37.0,142.0,109.0,15.6,0,0,0,0,0,2.375,1,Moderate Risk
PAT-2794,56,female,170.0,61.6,21.3,never,low,0,136,87,77,96.7,4.4,218.0,50.0,151.0,51.0,13.2,0,0,0,0,1,2.461,1,Moderate Risk
PAT-3276,63,female,161.3,73.1,28.1,never,high,0,118,85,64,110.6,5.1,169.0,55.0,100.0,108.0,13.6,0,0,0,0,0,0.5,0,Low Risk
PAT-1167,80,female,164.8,99.7,36.7,never,low,1,140,79,76,120.0,5.3,220.0,30.0,148.0,201.0,12.1,1,0,1,0,0,7.127,2,High Risk
PAT-4034,54,female,170.6,78.6,27.0,never,moderate,0,112,83,86,103.8,5.3,192.0,58.0,121.0,141.0,15.0,0,0,0,0,0,-0.556,0,Low Risk
PAT-3414,67,female,165.1,115.0,42.2,never,low,0,138,82,80,118.1,4.7,215.0,32.0,153.0,171.0,14.1,0,0,0,0,0,4.82,2,High Risk
PAT-3668,61,male,176.9,115.5,36.9,never,low,0,128,92,80,123.9,5.1,198.0,47.0,137.0,73.0,14.7,0,1,0,0,0,3.897,2,High Risk
PAT-1977,22,male,179.3,100.6,31.3,never,low,0,107,69,74,114.5,5.5,204.0,50.0,109.0,167.0,15.0,0,0,0,0,0,1.401,1,Moderate Risk
PAT-2968,50,female,168.2,90.2,31.9,never,low,0,123,73,67,132.6,5.8,203.0,53.0,112.0,182.0,12.6,0,0,1,0,0,4.255,2,High Risk
PAT-1799,53,male,171.1,67.0,22.9,current,moderate,0,118,77,81,96.0,5.1,179.0,34.0,113.0,163.0,14.7,0,0,0,0,0,2.619,1,Moderate Risk
PAT-4159,57,female,165.7,62.1,22.6,never,moderate,1,137,78,62,116.9,5.9,207.0,62.0,114.0,175.0,11.7,0,0,0,0,0,2.814,1,Moderate Risk
PAT-2908,36,female,156.3,71.3,29.2,never,low,0,118,69,66,99.9,5.3,189.0,41.0,133.0,88.0,13.9,1,0,0,0,0,2.28,1,Moderate Risk
PAT-3300,68,male,170.9,51.4,17.6,never,high,0,134,78,65,144.2,6.2,162.0,53.0,102.0,72.0,16.1,0,0,0,0,0,2.369,1,Moderate Risk
PAT-2488,32,female,160.5,90.2,35.0,never,moderate,0,119,87,71,85.8,4.6,192.0,61.0,95.0,137.0,11.2,0,0,0,0,0,-1.152,0,Low Risk
PAT-4119,76,male,175.9,84.8,27.4,never,moderate,0,119,71,67,89.4,4.8,189.0,46.0,105.0,167.0,14.9,1,0,0,0,0,2.493,1,Moderate Risk
PAT-3406,35,female,163.9,89.7,33.4,never,moderate,1,133,79,57,105.1,4.8,207.0,30.0,141.0,150.0,13.3,1,1,0,0,0,5.259,2,High Risk
PAT-3012,42,female,156.7,54.0,22.0,former,moderate,0,109,66,80,96.2,5.0,138.0,55.0,66.0,89.0,15.9,0,0,0,0,1,-1.721,0,Low Risk
PAT-3915,79,male,174.0,79.3,26.2,never,low,0,137,86,73,121.2,5.1,257.0,60.0,165.0,157.0,15.5,0,0,0,0,0,5.277,2,High Risk
PAT-1207,60,male,176.6,86.4,27.7,never,moderate,0,118,78,77,92.8,4.5,218.0,35.0,153.0,104.0,15.1,0,0,0,0,0,1.302,1,Moderate Risk
PAT-2907,37,male,170.9,80.3,27.5,former,high,1,102,63,67,127.7,5.9,200.0,56.0,114.0,153.0,14.5,1,0,0,0,0,3.954,2,High Risk
PAT-3240,54,male,175.7,68.8,22.3,never,moderate,0,117,70,68,66.1,4.4,240.0,47.0,180.0,45.0,16.7,0,0,1,0,0,-1.589,0,Low Risk
PAT-2896,49,male,170.3,51.3,17.7,never,high,0,109,70,48,65.0,4.4,210.0,55.0,142.0,45.0,15.9,0,0,0,0,0,-1.764,0,Low Risk
PAT-3574,85,female,158.1,95.7,38.3,never,high,0,150,90,82,98.1,5.3,251.0,45.0,176.0,135.0,15.2,0,0,0,0,0,3.813,2,High Risk
PAT-1459,36,female,156.8,72.5,29.5,never,low,0,110,56,70,113.0,5.6,199.0,47.0,127.0,56.0,12.6,0,0,0,0,0,1.249,1,Moderate Risk
PAT-1313,64,female,163.1,72.9,27.4,never,moderate,0,125,77,61,79.6,4.2,212.0,39.0,142.0,160.0,14.0,0,0,1,1,0,1.183,0,Low Risk
PAT-1293,65,female,168.3,65.4,23.1,former,high,0,119,74,61,169.0,6.8,218.0,68.0,112.0,165.0,14.1,0,0,1,0,0,4.066,2,High Risk
PAT-1590,54,female,162.3,55.1,20.9,never,low,1,130,76,85,89.0,4.7,179.0,45.0,128.0,55.0,12.8,1,0,0,0,0,3.272,1,Moderate Risk
PAT-3175,82,female,165.0,56.1,20.6,never,moderate,0,128,83,66,99.8,4.1,189.0,48.0,123.0,95.0,14.0,0,0,0,0,0,0.374,0,Low Risk
PAT-3425,60,female,159.9,64.9,25.4,current,moderate,1,117,84,60,98.2,4.9,173.0,49.0,106.0,64.0,12.2,0,1,0,0,0,2.064,1,Moderate Risk
PAT-3751,75,male,185.8,93.6,27.1,former,moderate,1,132,75,81,120.3,5.6,238.0,32.0,166.0,158.0,15.8,0,0,0,0,0,4.847,2,High Risk
PAT-3281,44,female,173.7,108.9,36.1,never,moderate,1,115,72,84,102.9,5.3,206.0,45.0,145.0,99.0,11.4,0,0,1,0,0,1.647,1,Moderate Risk
PAT-2707,80,male,183.2,154.4,46.0,never,moderate,0,140,81,82,118.3,5.4,245.0,52.0,132.0,250.0,15.6,0,0,1,0,0,6.403,2,High Risk
PAT-1539,45,female,158.6,55.1,21.9,never,low,1,105,64,75,114.6,4.8,189.0,61.0,113.0,89.0,13.5,0,0,1,0,0,0.977,0,Low Risk
PAT-1344,46,female,151.4,40.8,17.8,former,high,0,101,74,66,76.5,4.3,172.0,53.0,118.0,59.0,13.7,0,0,0,0,0,-0.95,0,Low Risk
PAT-2054,45,male,175.8,99.2,32.1,never,moderate,0,121,77,65,128.3,5.6,200.0,49.0,123.0,124.0,14.6,0,0,0,0,0,1.573,1,Moderate Risk
PAT-2107,38,female,163.4,46.7,17.5,never,low,1,104,75,76,98.8,5.2,213.0,56.0,139.0,145.0,13.3,1,0,0,0,0,2.037,1,Moderate Risk
PAT-1443,52,female,164.9,78.6,28.9,never,high,0,102,77,80,82.1,4.3,202.0,70.0,115.0,45.0,14.5,0,0,0,0,0,-3.058,0,Low Risk
PAT-3772,51,female,161.2,78.0,30.0,never,moderate,1,105,71,70,121.3,5.4,234.0,43.0,154.0,183.0,12.4,0,0,0,0,0,2.833,1,Moderate Risk
PAT-2178,39,male,171.0,95.0,32.5,never,moderate,0,114,69,66,94.7,5.0,167.0,25.0,109.0,158.0,13.2,1,0,0,0,0,1.28,1,Moderate Risk
PAT-2115,58,female,168.7,75.1,26.4,former,moderate,1,105,75,72,69.7,4.3,187.0,34.0,141.0,58.0,11.0,0,0,0,0,0,0.326,0,Low Risk
PAT-1122,73,male,167.4,67.3,24.0,current,moderate,0,133,83,74,88.2,4.9,224.0,49.0,158.0,116.0,16.0,0,1,0,0,0,3.729,2,High Risk
PAT-3970,26,female,162.3,54.5,20.7,former,low,0,109,66,78,89.1,5.4,130.0,61.0,54.0,73.0,14.1,0,0,0,0,0,-1.357,0,Low Risk
PAT-1871,42,female,173.1,94.4,31.5,never,moderate,0,120,80,74,83.6,4.3,167.0,36.0,110.0,95.0,14.3,1,0,0,0,0,0.083,0,Low Risk
PAT-1854,73,female,139.5,80.2,41.2,former,moderate,0,120,81,79,86.1,4.5,192.0,43.0,119.0,159.0,15.3,0,0,1,0,0,2.424,1,Moderate Risk
PAT-4023,69,male,165.6,85.6,31.2,never,low,1,127,71,84,149.1,6.0,216.0,36.0,133.0,187.0,14.6,0,0,0,0,0,6.877,2,High Risk
PAT-1465,50,male,173.9,60.8,20.1,current,low,0,106,65,70,100.0,4.7,204.0,55.0,133.0,95.0,16.7,0,1,0,0,0,0.671,0,Low Risk
PAT-2388,53,male,180.4,57.0,17.5,current,moderate,0,123,77,67,101.8,5.5,152.0,44.0,91.0,82.0,14.0,0,0,0,0,1,0.875,0,Low Risk
PAT-2378,45,female,163.6,70.4,26.3,never,high,0,106,72,65,116.2,5.6,178.0,52.0,111.0,113.0,13.9,0,0,0,0,0,0.999,0,Low Risk
PAT-1265,36,male,187.4,69.5,19.8,never,high,0,106,68,61,107.3,5.1,203.0,74.0,118.0,97.0,16.2,0,0,0,0,0,-1.802,0,Low Risk
PAT-2836,37,female,149.5,54.5,24.4,never,high,1,111,61,71,91.3,4.5,238.0,71.0,138.0,112.0,11.9,0,0,0,0,0,0.256,0,Low Risk
PAT-2033,62,male,174.7,102.5,33.6,never,low,1,124,81,76,131.8,6.1,220.0,42.0,145.0,157.0,11.8,0,1,0,0,0,5.964,2,High Risk
PAT-3103,69,male,177.6,88.9,28.2,former,moderate,0,146,90,64,85.7,4.3,203.0,38.0,128.0,163.0,16.5,0,0,1,0,0,2.868,1,Moderate Risk
PAT-1662,53,male,182.3,133.9,40.3,never,moderate,0,131,85,75,138.4,5.3,194.0,36.0,118.0,189.0,13.7,0,0,0,0,0,4.72,2,High Risk
PAT-3551,27,female,163.7,57.3,21.4,current,moderate,0,121,76,68,85.8,4.2,195.0,63.0,108.0,154.0,12.4,0,0,0,0,0,0.024,0,Low Risk
PAT-3166,42,male,185.0,127.7,37.3,never,high,1,129,89,78,98.0,5.4,201.0,62.0,120.0,140.0,14.6,0,0,0,0,0,1.669,1,Moderate Risk
PAT-2862,64,female,165.3,80.9,29.6,never,low,0,127,85,77,85.9,4.5,216.0,50.0,150.0,115.0,12.1,0,0,1,0,0,2.867,1,Moderate Risk
PAT-2167,61,female,172.4,83.8,28.2,never,high,0,116,68,56,96.0,4.3,208.0,59.0,135.0,102.0,14.0,0,1,0,0,0,-0.123,0,Low Risk
PAT-2074,67,female,171.6,67.1,22.8,never,moderate,0,122,76,83,136.2,5.4,177.0,53.0,95.0,142.0,14.0,0,0,1,0,0,1.767,1,Moderate Risk
PAT-1986,74,female,156.3,47.6,19.5,former,high,1,125,76,63,111.4,5.3,239.0,56.0,166.0,89.0,11.6,0,0,1,0,0,4.469,2,High Risk
PAT-1813,56,male,170.4,104.2,35.9,current,low,1,145,81,100,117.4,5.2,195.0,26.0,129.0,196.0,15.7,0,0,0,0,0,5.476,2,High Risk
PAT-2296,66,male,182.1,115.4,34.8,current,moderate,1,145,83,72,111.5,5.7,247.0,33.0,189.0,126.0,14.1,0,0,0,0,0,6.367,2,High Risk
PAT-1623,72,male,175.7,67.6,21.9,never,moderate,1,119,80,74,87.1,4.8,236.0,66.0,147.0,159.0,14.9,0,0,0,0,0,2.339,1,Moderate Risk
PAT-1536,41,male,194.5,113.5,30.0,current,low,0,116,76,90,82.4,4.7,182.0,54.0,101.0,103.0,13.8,0,0,0,0,0,3.011,1,Moderate Risk
PAT-3221,44,female,155.9,69.0,28.4,never,low,0,140,83,73,108.6,5.2,210.0,52.0,139.0,81.0,12.6,0,0,0,0,0,1.651,1,Moderate Risk
PAT-1665,54,male,165.9,83.7,30.4,former,moderate,0,117,73,75,105.3,4.7,159.0,50.0,107.0,71.0,14.8,0,0,1,0,1,-0.205,0,Low Risk
PAT-2639,38,female,153.9,41.4,17.5,never,moderate,0,108,63,64,102.1,4.9,205.0,51.0,135.0,96.0,13.7,0,0,0,0,0,-1.111,0,Low Risk
PAT-3958,69,male,173.6,52.7,17.5,never,low,0,133,63,64,100.3,4.9,191.0,46.0,142.0,45.0,14.1,0,0,0,0,0,1.627,1,Moderate Risk
PAT-3971,52,female,160.9,45.3,17.5,current,high,0,110,73,71,98.3,5.3,154.0,46.0,86.0,85.0,13.2,0,1,0,0,0,1.532,1,Moderate Risk
PAT-1939,45,female,166.6,58.6,21.1,former,moderate,0,117,85,68,68.4,4.5,177.0,56.0,105.0,47.0,13.7,0,0,0,0,0,-0.362,0,Low Risk
PAT-2396,34,male,185.2,60.0,17.5,never,low,0,103,73,72,93.2,4.1,145.0,49.0,74.0,129.0,12.8,0,0,0,0,0,-0.992,0,Low Risk
PAT-1338,59,male,178.4,57.9,18.2,never,low,0,107,64,74,110.3,5.4,203.0,52.0,135.0,75.0,15.7,1,0,0,0,1,2.017,1,Moderate Risk
PAT-3334,65,male,168.4,50.8,17.9,never,low,0,103,56,63,127.2,5.6,199.0,52.0,128.0,115.0,14.7,0,0,0,0,0,1.132,0,Low Risk
PAT-2437,76,female,157.8,71.5,28.7,never,moderate,0,136,76,82,96.6,4.6,161.0,44.0,97.0,132.0,12.7,0,0,1,0,0,1.815,1,Moderate Risk
PAT-2236,76,female,160.3,58.1,22.6,current,moderate,0,145,78,70,90.0,4.8,164.0,41.0,90.0,135.0,14.2,0,0,0,0,0,1.365,1,Moderate Risk
PAT-1511,52,male,178.8,119.6,37.4,never,low,0,116,76,80,139.0,5.5,237.0,46.0,165.0,126.0,14.7,0,0,0,0,1,5.438,2,High Risk
PAT-2021,45,female,168.1,73.5,26.0,never,moderate,0,111,69,69,84.7,5.0,177.0,49.0,101.0,106.0,13.3,0,0,0,0,0,-0.723,0,Low Risk
PAT-4062,52,male,184.1,93.5,27.6,former,moderate,1,124,77,76,78.5,4.1,176.0,47.0,102.0,171.0,14.9,0,0,0,0,0,1.705,1,Moderate Risk
PAT-1627,51,female,159.6,80.2,31.5,former,moderate,0,133,77,51,98.5,4.9,177.0,39.0,117.0,107.0,13.7,0,1,0,0,1,2.872,1,Moderate Risk
PAT-1496,38,male,172.7,64.7,21.7,former,high,0,102,55,68,92.1,4.6,187.0,47.0,107.0,160.0,13.1,0,0,0,0,0,0.54,0,Low Risk
PAT-2401,61,male,173.4,103.1,34.3,never,high,0,131,84,65,93.3,5.0,216.0,45.0,148.0,143.0,17.1,0,0,0,0,0,2.367,1,Moderate Risk
PAT-2566,54,female,155.0,69.0,28.7,never,high,0,131,86,70,98.0,4.5,221.0,54.0,135.0,136.0,14.5,0,0,1,0,0,3.861,2,High Risk
PAT-3796,61,male,177.7,90.0,28.5,never,low,0,118,71,83,111.2,5.7,136.0,29.0,85.0,97.0,15.1,0,0,1,0,0,1.499,1,Moderate Risk
PAT-2379,79,female,161.4,61.2,23.5,current,high,0,135,86,57,117.1,5.1,159.0,57.0,70.0,147.0,11.7,0,1,1,0,0,3.607,1,Moderate Risk
PAT-1970,55,female,162.2,73.7,28.0,former,moderate,1,140,85,53,116.8,5.5,182.0,44.0,109.0,147.0,13.7,0,0,0,0,0,4.147,2,High Risk
PAT-2768,55,female,153.5,62.0,26.3,former,moderate,0,114,73,89,168.5,6.7,192.0,33.0,136.0,121.0,14.5,0,0,0,0,0,3.304,1,Moderate Risk
PAT-1146,36,male,173.7,69.4,23.0,current,low,1,127,64,66,129.9,5.6,172.0,46.0,103.0,111.0,15.0,0,0,0,0,0,4.233,2,High Risk
PAT-3875,40,male,164.5,73.6,27.2,former,moderate,0,117,72,63,107.3,4.9,234.0,60.0,138.0,193.0,13.8,0,0,0,0,0,2.679,1,Moderate Risk
PAT-2840,51,female,162.1,75.7,28.8,never,moderate,0,115,78,91,82.6,4.3,174.0,52.0,83.0,188.0,13.5,0,0,0,0,0,-0.38,0,Low Risk
PAT-3292,54,female,165.9,56.4,20.5,never,moderate,1,129,75,73,65.0,4.1,199.0,55.0,141.0,45.0,12.4,0,0,0,0,0,-1.105,0,Low Risk
PAT-2179,38,female,172.6,81.6,27.4,never,moderate,0,106,61,82,114.4,5.1,151.0,56.0,60.0,211.0,14.2,0,0,0,0,0,0.031,0,Low Risk
PAT-3864,59,male,177.2,73.2,23.3,current,moderate,0,134,80,67,90.5,4.4,158.0,38.0,104.0,59.0,15.0,0,0,0,0,0,1.75,1,Moderate Risk
PAT-2209,77,female,162.2,63.1,24.0,current,high,0,137,99,57,94.0,4.8,187.0,48.0,118.0,147.0,13.4,0,1,0,0,0,4.126,2,High Risk
PAT-2125,37,female,161.7,63.3,24.2,former,high,0,106,72,77,81.9,4.6,125.0,67.0,48.0,101.0,12.4,0,0,0,0,0,-1.477,0,Low Risk
PAT-1302,63,male,175.0,127.1,41.5,current,high,0,137,86,92,121.8,5.4,205.0,38.0,129.0,241.0,15.1,0,0,0,0,1,6.42,2,High Risk
PAT-2354,45,male,184.4,84.3,24.8,former,moderate,0,126,77,76,118.4,5.8,189.0,44.0,135.0,113.0,16.1,0,0,0,0,1,1.33,1,Moderate Risk
PAT-2964,61,male,179.7,102.4,31.7,never,low,0,126,83,80,108.0,4.9,241.0,34.0,177.0,165.0,16.1,0,0,0,0,0,5.359,2,High Risk
PAT-2798,68,male,167.8,80.8,28.7,never,low,0,127,82,57,127.5,5.0,238.0,36.0,171.0,136.0,16.1,0,0,0,0,0,3.807,2,High Risk
PAT-4135,59,female,169.7,50.4,17.5,never,moderate,1,123,84,73,97.0,5.0,153.0,43.0,84.0,112.0,13.1,0,0,0,0,0,1.861,1,Moderate Risk
PAT-2507,66,female,162.9,60.8,22.9,never,moderate,0,126,77,58,88.6,4.3,209.0,47.0,155.0,45.0,14.6,1,0,1,0,0,1.045,0,Low Risk
PAT-3236,53,female,155.7,52.8,21.8,never,moderate,0,109,71,84,93.7,4.7,202.0,58.0,128.0,76.0,12.2,0,0,0,0,0,-2.791,0,Low Risk
PAT-3124,53,female,160.0,83.2,32.5,never,low,0,110,64,74,120.5,4.9,249.0,49.0,163.0,175.0,12.8,0,0,0,0,0,3.516,1,Moderate Risk
PAT-2280,55,male,181.4,114.2,34.7,former,low,0,126,77,95,112.4,5.1,150.0,33.0,107.0,97.0,15.5,0,0,0,0,0,2.362,1,Moderate Risk
PAT-2592,59,male,168.6,55.7,19.6,former,moderate,0,95,66,66,82.3,4.8,195.0,46.0,132.0,74.0,15.4,0,0,0,0,0,-1.314,0,Low Risk
PAT-3655,65,female,161.5,95.5,36.6,current,high,0,126,77,92,103.1,5.2,182.0,48.0,81.0,208.0,14.8,0,0,0,0,0,2.809,1,Moderate Risk
PAT-2970,61,male,172.5,60.1,20.2,never,moderate,0,123,79,73,73.1,4.2,179.0,52.0,124.0,48.0,16.0,0,0,1,0,0,-0.511,0,Low Risk
PAT-1331,40,male,186.7,122.7,35.2,never,moderate,1,119,86,85,106.3,4.8,187.0,47.0,111.0,146.0,16.3,1,0,0,0,0,4.828,2,High Risk
PAT-2925,40,female,156.3,61.6,25.2,never,moderate,1,105,65,72,100.0,4.7,178.0,48.0,119.0,103.0,13.8,1,0,0,0,0,2.213,1,Moderate Risk
PAT-2672,48,female,165.4,107.5,39.3,never,high,0,138,93,76,135.8,5.8,219.0,55.0,116.0,226.0,11.8,0,1,0,0,0,4.576,2,High Risk
PAT-4025,48,male,186.6,97.8,28.1,current,moderate,1,131,73,75,165.3,6.3,188.0,29.0,122.0,164.0,15.6,0,0,0,0,1,6.039,2,High Risk
PAT-2866,67,female,158.6,67.9,27.0,former,moderate,0,139,83,86,116.8,5.6,194.0,54.0,102.0,178.0,13.1,0,0,0,0,0,3.366,1,Moderate Risk
PAT-2433,45,female,161.7,68.2,26.1,current,low,0,119,76,79,106.2,4.8,131.0,38.0,88.0,113.0,13.7,0,0,1,0,0,2.383,1,Moderate Risk
PAT-1414,58,female,171.5,90.6,30.8,current,low,0,133,88,82,125.5,5.3,165.0,59.0,95.0,91.0,13.1,1,1,0,0,0,5.573,2,High Risk
PAT-2560,53,male,168.6,87.8,30.9,never,low,0,125,77,74,128.2,5.9,181.0,47.0,107.0,126.0,14.7,0,0,0,0,0,2.928,1,Moderate Risk
PAT-1710,56,male,170.3,63.5,21.9,former,high,1,129,81,65,97.2,5.1,233.0,53.0,164.0,104.0,12.2,0,0,0,0,0,3.802,2,High Risk
PAT-2502,42,female,168.1,80.0,28.3,never,high,0,111,66,76,112.6,5.3,181.0,51.0,107.0,126.0,13.4,0,0,0,0,0,1.19,0,Low Risk
PAT-2557,42,female,157.3,98.2,39.7,never,moderate,1,113,73,80,96.1,4.7,199.0,48.0,115.0,181.0,14.0,0,0,0,0,0,1.617,1,Moderate Risk
PAT-3205,60,female,163.3,91.7,34.4,never,low,0,122,70,98,109.9,5.3,172.0,43.0,107.0,112.0,13.8,0,0,0,0,0,1.789,1,Moderate Risk
PAT-4146,43,male,173.0,105.4,35.2,never,moderate,0,122,81,76,94.3,4.6,228.0,35.0,172.0,111.0,12.5,0,0,0,0,0,1.734,1,Moderate Risk
PAT-2611,31,male,178.9,75.9,23.7,former,moderate,1,103,75,88,94.7,5.0,244.0,56.0,165.0,109.0,16.5,0,0,0,1,0,0.786,0,Low Risk
PAT-1081,58,male,174.2,82.8,27.3,never,moderate,0,121,81,83,79.6,4.1,158.0,56.0,92.0,98.0,14.1,0,0,0,0,0,0.306,0,Low Risk
PAT-1776,43,female,178.2,90.8,28.6,never,high,1,102,80,81,102.5,4.5,170.0,57.0,88.0,128.0,15.5,0,0,0,0,1,1.782,1,Moderate Risk
PAT-1180,62,female,155.4,51.7,21.4,never,high,0,115,79,69,94.2,4.4,227.0,66.0,133.0,125.0,13.7,0,0,0,0,0,-0.573,0,Low Risk
PAT-2820,51,male,173.0,66.4,22.2,former,low,0,124,76,88,99.0,4.5,155.0,36.0,102.0,100.0,17.2,0,0,0,0,0,1.781,1,Moderate Risk
PAT-3580,58,male,189.8,113.8,31.6,never,low,1,112,73,53,135.7,5.9,193.0,53.0,110.0,98.0,15.1,1,0,0,0,0,4.098,2,High Risk
PAT-1557,47,male,168.4,76.6,27.0,never,moderate,0,138,83,70,84.7,4.7,167.0,43.0,107.0,111.0,12.5,0,0,0,0,0,-0.293,0,Low Risk
PAT-1491,74,female,160.4,55.3,21.5,never,high,0,134,81,67,95.2,5.0,193.0,62.0,89.0,118.0,12.7,0,0,0,0,0,0.324,0,Low Risk
PAT-1531,30,male,180.5,67.8,20.8,never,moderate,0,108,78,51,88.1,4.5,136.0,41.0,75.0,98.0,17.0,0,0,0,0,0,-2.275,0,Low Risk
PAT-1423,67,male,182.7,62.8,18.8,former,low,0,114,72,70,97.9,4.7,155.0,32.0,97.0,163.0,16.2,0,0,0,0,0,1.197,1,Moderate Risk
PAT-2505,47,female,165.4,77.1,28.2,former,moderate,0,126,87,71,94.1,5.1,161.0,48.0,90.0,125.0,11.9,0,0,0,0,0,1.34,1,Moderate Risk
PAT-1766,53,female,168.9,79.6,27.9,never,low,0,108,64,79,95.3,4.7,193.0,59.0,110.0,149.0,13.7,0,0,1,0,0,1.75,1,Moderate Risk
PAT-2681,53,male,177.0,82.4,26.3,never,moderate,1,144,85,75,93.2,5.1,192.0,44.0,127.0,114.0,16.3,0,0,1,0,0,3.354,1,Moderate Risk
PAT-2385,57,female,157.1,62.2,25.2,former,moderate,0,122,79,83,112.2,5.2,165.0,34.0,105.0,106.0,13.6,0,0,0,0,0,1.362,1,Moderate Risk
PAT-2057,69,male,167.8,102.8,36.5,never,moderate,0,136,74,81,104.9,4.7,172.0,38.0,113.0,122.0,15.1,0,0,0,0,0,1.092,0,Low Risk
PAT-1048,58,male,176.8,105.3,33.7,never,high,0,118,82,72,100.4,5.3,177.0,55.0,116.0,67.0,15.3,0,0,0,0,0,1.161,0,Low Risk
PAT-3403,49,male,176.1,61.1,19.7,former,moderate,0,105,67,72,110.4,5.1,126.0,48.0,67.0,74.0,17.1,0,0,0,0,0,-0.022,0,Low Risk
PAT-3278,62,male,171.0,64.0,21.9,former,low,1,107,67,64,81.5,4.5,167.0,47.0,94.0,119.0,16.2,0,0,0,0,0,0.49,0,Low Risk
PAT-2654,58,female,151.9,50.8,22.0,former,moderate,0,119,60,74,99.4,5.1,163.0,48.0,93.0,145.0,12.6,0,0,0,0,0,1.562,1,Moderate Risk
PAT-1241,51,male,180.2,58.4,18.0,never,high,0,122,78,69,105.2,4.7,215.0,60.0,136.0,89.0,16.1,0,0,0,0,0,-0.007,0,Low Risk
PAT-1124,61,female,164.3,72.9,27.0,former,moderate,0,90,64,71,77.4,4.7,222.0,58.0,143.0,94.0,13.4,0,0,0,0,0,-1.511,0,Low Risk
PAT-2413,83,male,185.2,124.2,36.2,current,low,0,141,91,88,140.1,5.8,252.0,27.0,177.0,225.0,15.0,0,0,0,0,0,8.06,2,High Risk
PAT-3274,38,male,184.5,105.2,30.9,never,moderate,0,107,72,77,95.1,5.0,192.0,40.0,136.0,120.0,13.9,0,0,0,0,0,-1.21,0,Low Risk
PAT-3188,47,female,167.1,49.7,17.8,current,high,0,101,66,70,65.0,4.6,143.0,46.0,77.0,80.0,15.5,0,0,1,0,0,-1.816,0,Low Risk
PAT-1055,66,female,171.9,88.6,30.0,never,moderate,0,112,74,60,95.2,5.0,199.0,40.0,133.0,103.0,13.3,0,0,0,0,0,1.042,0,Low Risk
PAT-3327,48,female,164.4,103.5,38.3,former,low,0,117,81,86,218.9,7.4,243.0,45.0,158.0,184.0,13.1,0,0,0,0,0,8.059,2,High Risk
PAT-1020,74,male,180.1,89.8,27.7,current,moderate,1,131,94,79,127.6,5.6,212.0,59.0,125.0,177.0,14.7,0,0,0,0,0,5.759,2,High Risk
PAT-3092,62,male,187.5,106.5,30.3,former,moderate,0,142,83,77,101.8,4.7,211.0,44.0,140.0,130.0,15.0,1,0,0,0,0,3.702,2,High Risk
PAT-4089,55,male,161.9,48.8,18.6,never,low,1,115,68,82,112.0,5.4,223.0,57.0,153.0,87.0,15.5,0,0,1,0,0,2.459,1,Moderate Risk
PAT-2795,42,male,192.8,70.3,18.9,former,moderate,0,119,78,74,88.2,4.9,188.0,49.0,132.0,58.0,16.2,0,0,0,0,0,0.169,0,Low Risk
PAT-1550,54,male,176.5,87.5,28.1,never,moderate,0,113,62,70,113.5,5.3,224.0,57.0,145.0,90.0,14.6,0,0,0,0,0,0.657,0,Low Risk
PAT-1173,58,female,159.5,73.5,28.9,former,high,1,131,82,69,100.2,4.3,166.0,27.0,105.0,152.0,13.3,0,0,1,0,0,4.535,2,High Risk
PAT-1694,61,male,179.1,72.2,22.5,never,high,0,129,81,62,95.7,5.1,202.0,57.0,109.0,155.0,14.7,0,0,0,0,0,-0.753,0,Low Risk
PAT-2312,72,female,159.8,85.5,33.5,former,moderate,0,125,86,76,141.2,6.2,251.0,38.0,176.0,184.0,11.7,0,0,1,0,0,5.901,2,High Risk
PAT-1310,50,male,183.5,83.8,24.9,never,high,1,109,78,67,98.0,4.7,222.0,49.0,155.0,91.0,15.3,0,0,1,0,0,1.908,1,Moderate Risk
PAT-2409,49,female,155.1,49.6,20.6,never,moderate,0,119,75,48,79.3,4.3,209.0,57.0,135.0,72.0,14.3,0,0,0,0,0,-0.471,0,Low Risk
PAT-1579,69,female,155.7,63.8,26.3,never,moderate,0,122,81,74,138.7,6.0,161.0,43.0,95.0,72.0,13.4,0,0,0,0,0,2.347,1,Moderate Risk
PAT-2469,59,female,162.2,73.4,27.9,never,low,0,130,73,72,115.7,5.5,164.0,45.0,97.0,134.0,13.4,0,0,0,0,0,1.887,1,Moderate Risk
PAT-3365,74,male,184.0,73.5,21.7,never,low,0,135,80,77,89.9,4.9,171.0,40.0,117.0,66.0,14.9,0,0,0,0,0,-0.179,0,Low Risk
PAT-1104,51,male,176.2,123.9,39.9,current,moderate,0,152,76,93,103.5,4.8,222.0,45.0,133.0,194.0,15.2,0,1,0,0,0,5.366,2,High Risk
PAT-2626,47,female,163.4,88.9,33.3,current,high,0,140,88,67,113.1,5.3,195.0,46.0,120.0,165.0,13.8,0,0,0,0,0,3.586,1,Moderate Risk
PAT-1154,57,male,171.6,92.8,31.5,never,low,0,110,70,95,86.2,4.8,217.0,51.0,140.0,123.0,14.8,0,0,0,0,0,0.164,0,Low Risk
PAT-3497,49,female,164.5,67.4,24.9,never,low,0,119,83,67,101.9,4.8,208.0,55.0,123.0,144.0,11.3,0,0,0,0,0,0.109,0,Low Risk
PAT-2164,67,male,177.3,102.2,32.5,never,high,0,119,82,71,85.8,4.1,210.0,52.0,139.0,109.0,15.5,0,0,0,1,0,2.006,1,Moderate Risk
PAT-4198,48,male,174.9,97.6,31.9,former,low,0,117,76,84,97.5,5.1,218.0,60.0,147.0,118.0,14.9,0,0,0,0,0,0.297,0,Low Risk
PAT-3774,46,male,184.9,108.4,31.7,never,moderate,0,113,87,61,106.8,5.2,157.0,42.0,80.0,175.0,15.9,0,1,0,0,1,0.963,0,Low Risk
PAT-1631,74,male,184.9,87.2,25.5,never,moderate,0,115,76,72,94.3,4.8,235.0,44.0,161.0,160.0,16.2,0,0,0,0,0,0.95,0,Low Risk
PAT-3360,39,male,175.4,63.1,20.5,never,moderate,0,97,71,74,87.6,4.3,183.0,48.0,117.0,71.0,12.3,0,0,1,0,0,-1.475,0,Low Risk
PAT-2356,45,female,174.8,98.4,32.2,never,high,0,117,81,75,86.1,4.4,175.0,45.0,117.0,87.0,16.2,0,0,0,0,0,1.042,0,Low Risk
PAT-1886,61,female,176.8,75.6,24.2,former,low,0,131,78,66,114.0,5.4,142.0,52.0,78.0,141.0,13.8,0,0,0,0,0,1.43,1,Moderate Risk
PAT-1100,33,male,170.3,101.5,35.0,former,moderate,0,127,76,81,127.4,5.8,204.0,34.0,144.0,196.0,13.5,0,0,0,0,0,3.405,1,Moderate Risk
PAT-1929,52,male,188.6,114.9,32.3,never,moderate,1,127,82,63,116.1,4.8,204.0,47.0,123.0,140.0,15.1,0,0,0,0,0,3.373,1,Moderate Risk
PAT-2230,45,female,156.0,77.1,31.7,never,moderate,1,131,80,59,156.4,6.1,190.0,41.0,125.0,137.0,13.9,0,0,1,1,0,5.535,2,High Risk
PAT-3132,62,male,171.4,97.5,33.2,never,moderate,0,122,81,58,117.9,5.0,193.0,44.0,135.0,113.0,13.9,0,0,0,0,1,3.932,2,High Risk
PAT-3428,69,female,163.7,56.8,21.2,never,high,0,136,83,66,106.4,4.8,204.0,73.0,113.0,136.0,12.7,0,0,0,0,0,1.539,1,Moderate Risk
PAT-2010,71,female,158.0,75.1,30.1,never,low,0,126,78,68,217.1,8.0,205.0,52.0,112.0,187.0,14.3,0,0,0,0,0,6.274,2,High Risk
PAT-2954,45,male,181.2,87.3,26.6,current,high,0,129,81,80,90.2,4.4,162.0,41.0,87.0,185.0,14.1,0,0,1,0,0,2.504,1,Moderate Risk
PAT-1774,62,female,165.9,73.2,26.6,never,low,0,133,87,57,111.7,4.6,230.0,59.0,130.0,194.0,10.6,0,0,0,0,0,2.973,1,Moderate Risk
PAT-3493,73,male,178.4,78.0,24.5,current,moderate,0,147,84,66,104.6,5.0,153.0,40.0,102.0,132.0,15.6,0,1,0,0,0,4.143,2,High Risk
PAT-1564,70,male,176.8,102.8,32.9,never,moderate,0,124,78,60,177.2,6.4,244.0,57.0,154.0,161.0,18.2,0,0,0,0,0,5.764,2,High Risk
PAT-4161,59,male,167.4,82.1,29.3,never,moderate,0,128,86,80,96.8,4.6,188.0,36.0,133.0,95.0,14.8,0,1,1,0,0,2.681,1,Moderate Risk
PAT-2175,49,male,200.7,125.7,31.2,never,low,0,114,74,76,137.9,6.1,167.0,43.0,98.0,149.0,16.1,0,0,1,0,1,3.024,1,Moderate Risk
PAT-3924,54,female,166.6,83.8,30.2,never,high,1,119,80,69,113.1,5.1,250.0,76.0,145.0,124.0,14.3,0,0,0,0,0,2.932,1,Moderate Risk
PAT-2373,30,male,182.1,86.5,26.1,never,low,0,109,63,79,145.2,5.9,134.0,44.0,74.0,127.0,14.4,0,0,0,0,1,1.963,1,Moderate Risk
PAT-3094,68,female,164.2,55.3,20.5,never,moderate,0,133,73,82,84.1,4.7,195.0,48.0,115.0,123.0,13.2,0,0,0,0,0,1.496,1,Moderate Risk
PAT-2989,59,female,152.8,49.7,21.3,never,moderate,0,120,73,78,75.0,4.1,184.0,53.0,114.0,70.0,12.4,0,0,0,0,0,-0.888,0,Low Risk
PAT-2600,50,female,156.2,80.3,32.9,former,low,0,121,86,69,130.4,5.8,196.0,48.0,137.0,107.0,13.5,0,0,0,1,0,3.713,2,High Risk
PAT-1458,45,female,158.1,53.0,21.2,current,high,1,119,74,80,72.5,4.5,201.0,59.0,122.0,94.0,12.4,0,0,0,0,0,-0.007,0,Low Risk
PAT-2530,55,male,175.2,69.4,22.6,never,low,0,104,64,56,105.3,4.6,193.0,65.0,113.0,113.0,15.5,0,0,0,0,0,-1.006,0,Low Risk
PAT-2510,37,male,175.6,70.6,22.9,never,high,0,110,76,62,114.2,5.2,144.0,46.0,81.0,114.0,17.2,0,1,1,0,0,-0.11,0,Low Risk
PAT-1073,75,female,160.3,91.7,35.7,never,high,0,137,94,67,126.5,6.1,194.0,54.0,105.0,164.0,13.0,0,1,1,0,0,4.435,2,High Risk
PAT-2349,50,female,165.4,76.3,27.9,former,low,0,127,80,73,96.4,5.0,217.0,62.0,136.0,84.0,14.2,0,0,0,0,0,1.723,1,Moderate Risk
PAT-2659,69,female,165.6,89.1,32.5,current,moderate,1,135,88,81,110.2,5.3,213.0,50.0,124.0,194.0,13.0,0,0,0,0,0,5.638,2,High Risk
PAT-3595,22,male,194.9,106.4,28.0,former,moderate,0,94,58,62,86.7,5.0,188.0,35.0,125.0,135.0,15.5,0,0,0,0,0,-0.235,0,Low Risk
PAT-2553,41,female,168.7,67.2,23.6,never,low,0,122,73,64,100.1,5.1,199.0,59.0,105.0,168.0,13.6,0,0,1,0,0,2.262,1,Moderate Risk
PAT-2131,59,female,164.3,101.5,37.6,never,high,0,129,79,64,86.8,5.1,245.0,62.0,149.0,158.0,14.1,0,0,0,0,0,0.162,0,Low Risk
PAT-2801,52,female,167.5,101.0,36.0,never,low,0,125,60,80,121.4,5.6,237.0,54.0,143.0,219.0,12.7,1,0,0,0,0,5.449,2,High Risk
PAT-2157,85,male,172.8,117.3,39.3,former,moderate,0,145,99,76,129.4,5.5,182.0,43.0,107.0,179.0,15.8,0,0,0,0,0,4.459,2,High Risk
PAT-1262,22,male,177.7,62.5,19.8,never,high,0,102,60,82,76.5,4.8,194.0,43.0,125.0,135.0,13.7,0,0,0,0,0,-1.441,0,Low Risk
PAT-1817,65,male,184.8,100.1,29.3,current,moderate,0,120,86,61,93.3,4.5,192.0,32.0,136.0,139.0,15.5,0,0,1,0,0,2.882,1,Moderate Risk
PAT-2367,40,male,171.4,91.4,31.1,never,moderate,1,107,71,83,93.6,5.0,188.0,38.0,130.0,118.0,17.3,0,0,0,0,0,1.524,1,Moderate Risk
PAT-4005,34,male,177.3,84.2,26.8,current,low,0,124,80,87,87.1,4.6,184.0,52.0,101.0,161.0,14.0,0,0,0,0,0,2.842,1,Moderate Risk
PAT-3827,52,male,175.9,64.4,20.8,former,moderate,0,128,76,77,98.9,5.0,128.0,55.0,59.0,117.0,14.1,0,0,0,0,0,-0.517,0,Low Risk
PAT-4048,59,male,175.5,69.9,22.7,current,moderate,1,126,75,71,90.4,5.1,209.0,45.0,139.0,97.0,13.5,1,0,0,0,0,2.95,1,Moderate Risk
PAT-1013,26,male,175.6,66.6,21.6,never,moderate,1,93,67,77,65.0,4.7,202.0,46.0,133.0,93.0,15.7,0,0,0,0,0,-2.098,0,Low Risk
PAT-1060,46,female,164.8,74.1,27.3,never,low,0,99,71,84,92.5,4.7,183.0,36.0,121.0,93.0,14.7,0,0,0,0,0,0.035,0,Low Risk
PAT-3401,55,female,165.4,93.0,34.0,former,low,0,130,85,83,134.3,6.1,189.0,45.0,105.0,200.0,14.5,0,0,1,0,0,5.622,2,High Risk
PAT-3988,37,female,161.5,85.0,32.6,never,moderate,0,118,71,67,80.7,4.5,153.0,45.0,84.0,128.0,14.8,0,0,0,0,0,0.648,0,Low Risk
PAT-3115,46,male,181.2,66.7,20.3,former,low,1,103,58,71,84.6,5.2,212.0,30.0,167.0,123.0,14.5,0,0,0,0,0,3.165,1,Moderate Risk
PAT-2516,74,female,164.9,93.0,34.2,never,moderate,0,143,92,72,123.4,5.8,238.0,51.0,149.0,134.0,13.7,0,0,0,0,0,4.889,2,High Risk
PAT-1551,51,female,151.8,48.6,21.1,former,high,0,105,71,63,87.6,5.2,191.0,61.0,113.0,97.0,16.3,0,0,0,0,0,-0.801,0,Low Risk
PAT-3649,66,male,178.5,91.1,28.6,former,moderate,0,133,77,76,109.7,5.3,190.0,51.0,103.0,159.0,15.2,0,0,0,0,0,3.372,1,Moderate Risk
PAT-1139,36,female,158.9,67.7,26.8,former,low,0,103,62,91,107.3,4.9,146.0,39.0,93.0,110.0,12.1,0,0,0,0,0,2.226,1,Moderate Risk
PAT-2524,48,female,161.1,56.6,21.8,never,moderate,0,114,71,67,89.7,4.8,154.0,47.0,87.0,64.0,13.7,0,0,0,0,0,-0.808,0,Low Risk
PAT-2188,61,male,173.4,126.9,42.2,never,moderate,0,127,85,87,107.4,5.2,183.0,37.0,120.0,145.0,14.6,0,0,0,0,0,3.063,1,Moderate Risk
PAT-2895,48,male,150.2,78.5,34.8,never,high,0,112,74,56,97.2,4.9,184.0,74.0,84.0,136.0,14.4,0,0,0,0,0,-1.069,0,Low Risk
PAT-3060,65,female,167.5,103.5,36.9,former,high,1,137,81,80,119.0,5.2,171.0,64.0,84.0,130.0,13.5,0,0,0,0,0,3.031,1,Moderate Risk
PAT-2815,41,male,180.3,128.4,39.5,never,moderate,0,122,73,84,82.2,4.5,175.0,22.0,121.0,125.0,14.4,0,0,0,0,0,0.728,0,Low Risk
PAT-2208,33,male,161.8,65.2,24.9,former,moderate,0,93,68,83,91.8,5.2,133.0,44.0,71.0,83.0,16.1,0,0,0,0,0,-1.508,0,Low Risk
PAT-3126,36,female,161.7,89.4,34.2,never,low,1,117,71,97,120.4,5.7,215.0,46.0,144.0,156.0,14.1,0,0,1,0,0,5.785,2,High Risk
PAT-2727,64,male,181.5,104.4,31.7,former,low,0,133,93,77,104.8,4.7,166.0,47.0,98.0,112.0,13.6,0,0,0,0,0,1.849,1,Moderate Risk
PAT-1842,37,female,162.2,94.4,35.9,never,moderate,0,127,77,68,109.6,4.8,182.0,53.0,107.0,80.0,11.1,0,0,0,0,0,0.561,0,Low Risk
PAT-3422,50,female,183.3,68.9,20.5,never,high,1,97,62,71,74.2,4.8,221.0,61.0,141.0,56.0,14.9,0,0,0,0,0,-0.166,0,Low Risk
PAT-2960,52,female,167.0,48.8,17.5,current,moderate,0,121,67,75,86.6,4.4,176.0,47.0,111.0,142.0,14.2,0,0,0,0,0,1.573,1,Moderate Risk
PAT-3859,56,male,178.8,119.9,37.5,never,moderate,0,116,74,67,97.2,4.8,152.0,44.0,86.0,69.0,13.6,0,0,1,0,0,-0.918,0,Low Risk
PAT-2774,43,male,174.1,66.4,21.9,never,high,1,97,70,56,83.9,4.4,198.0,68.0,117.0,101.0,13.7,0,0,0,0,0,-0.6,0,Low Risk
PAT-1877,56,male,171.6,84.2,28.6,never,moderate,0,118,78,81,114.8,5.2,238.0,53.0,171.0,56.0,15.8,0,0,0,0,0,0.387,0,Low Risk
PAT-1453,60,male,179.1,56.1,17.5,former,moderate,0,123,75,83,89.0,4.1,203.0,50.0,124.0,118.0,13.4,0,0,0,0,0,0.741,0,Low Risk
PAT-2180,56,female,167.0,83.9,30.1,never,high,0,123,86,70,82.7,4.8,262.0,64.0,163.0,191.0,12.5,0,0,0,0,0,1.263,1,Moderate Risk
PAT-2710,68,female,170.8,101.5,34.8,former,moderate,0,132,81,82,104.3,4.8,224.0,30.0,173.0,79.0,13.0,0,0,0,0,0,2.884,1,Moderate Risk
PAT-3879,50,female,159.7,57.6,22.6,never,high,1,90,66,82,83.1,4.4,171.0,54.0,91.0,148.0,14.3,1,0,0,0,1,0.933,0,Low Risk
PAT-3673,45,male,167.2,67.7,24.2,never,moderate,0,116,70,70,103.2,4.5,164.0,53.0,105.0,73.0,15.7,0,0,0,0,1,0.12,0,Low Risk
PAT-3532,61,female,168.8,81.5,28.6,never,moderate,0,128,82,66,132.8,6.2,162.0,44.0,92.0,120.0,14.2,1,0,0,0,0,4.209,2,High Risk
PAT-1317,49,male,169.8,80.2,27.8,current,low,1,112,71,75,83.8,4.8,139.0,30.0,94.0,111.0,18.2,0,0,0,0,0,3.055,1,Moderate Risk
PAT-4187,66,female,169.7,67.1,23.3,never,moderate,0,129,80,74,82.7,4.7,169.0,53.0,92.0,119.0,13.1,0,0,0,0,0,-0.228,0,Low Risk
PAT-3904,32,female,159.7,52.5,20.6,former,low,1,118,71,71,83.4,4.1,172.0,46.0,96.0,114.0,13.6,1,0,0,0,0,2.273,1,Moderate Risk
PAT-1490,53,male,173.2,60.0,20.0,never,moderate,0,97,62,64,80.9,4.5,150.0,42.0,101.0,45.0,15.0,0,0,0,0,0,-1.229,0,Low Risk
PAT-2163,30,female,156.8,65.6,26.7,never,moderate,0,103,61,73,89.5,5.0,187.0,49.0,120.0,78.0,14.8,0,0,0,0,0,-1.236,0,Low Risk
PAT-4022,47,female,159.2,74.8,29.5,never,moderate,1,106,73,85,80.6,4.1,192.0,52.0,115.0,121.0,11.7,0,0,0,0,0,1.191,0,Low Risk
PAT-2565,49,female,161.5,62.6,24.0,never,moderate,0,111,66,77,94.9,4.7,167.0,36.0,129.0,48.0,13.2,0,0,0,0,0,-0.562,0,Low Risk
PAT-1759,63,female,171.9,85.4,28.9,former,low,0,131,83,71,101.0,4.7,141.0,52.0,74.0,133.0,14.9,0,0,0,0,0,2.81,1,Moderate Risk
PAT-3195,44,female,168.8,61.8,21.7,never,moderate,0,111,72,68,77.0,4.7,161.0,64.0,73.0,58.0,13.6,0,0,0,0,0,-2.899,0,Low Risk
PAT-3804,52,male,174.4,73.3,24.1,never,low,1,132,87,85,107.4,4.8,216.0,48.0,151.0,135.0,13.9,0,0,0,0,0,2.797,1,Moderate Risk
PAT-2863,29,male,166.0,50.4,18.3,former,high,1,100,73,54,133.8,5.6,139.0,59.0,71.0,45.0,16.1,0,0,0,0,0,0.838,0,Low Risk
PAT-2842,45,female,165.4,83.2,30.4,current,moderate,1,141,88,66,105.9,5.4,209.0,51.0,141.0,72.0,13.9,0,0,0,0,0,2.316,1,Moderate Risk
PAT-3903,58,male,187.1,130.2,37.2,never,moderate,0,142,85,60,98.8,4.4,190.0,27.0,116.0,203.0,16.7,0,0,0,0,0,2.662,1,Moderate Risk
PAT-1362,51,female,160.2,67.5,26.3,never,moderate,1,103,64,78,76.7,4.4,161.0,39.0,102.0,95.0,13.8,1,0,0,0,1,2.415,1,Moderate Risk
PAT-1339,45,male,186.5,94.3,27.1,current,low,0,130,87,80,110.0,5.0,172.0,42.0,95.0,185.0,13.6,0,0,0,0,0,3.173,1,Moderate Risk
PAT-2952,40,female,158.7,55.2,21.9,never,low,0,116,64,85,83.7,4.6,161.0,61.0,86.0,45.0,15.4,0,0,0,0,0,-1.789,0,Low Risk
PAT-2543,47,female,173.1,65.9,22.0,never,moderate,1,107,67,56,99.1,5.1,200.0,57.0,109.0,149.0,13.0,0,0,0,0,0,0.613,0,Low Risk
PAT-1669,68,female,153.6,56.9,24.1,former,moderate,0,131,91,76,87.2,4.5,180.0,34.0,125.0,120.0,14.3,0,1,0,0,0,3.188,1,Moderate Risk
PAT-2561,43,female,169.9,61.8,21.4,never,low,0,123,86,73,98.6,4.9,174.0,53.0,99.0,93.0,13.8,0,0,0,0,0,0.761,0,Low Risk
PAT-4051,43,male,177.3,89.3,28.4,never,high,0,119,86,76,106.5,4.8,180.0,52.0,113.0,104.0,14.0,0,0,1,0,0,1.202,1,Moderate Risk
PAT-2558,74,male,186.1,119.8,34.6,never,moderate,1,100,70,81,119.2,5.6,197.0,46.0,123.0,143.0,13.2,0,0,1,0,0,3.222,1,Moderate Risk
PAT-1401,45,female,157.0,53.5,21.7,never,low,0,105,63,71,95.1,5.4,134.0,64.0,58.0,67.0,13.8,1,0,0,0,0,0.122,0,Low Risk
PAT-4174,39,female,166.5,59.0,21.3,never,low,1,112,69,85,109.1,4.8,160.0,59.0,96.0,48.0,14.5,0,0,0,0,0,-0.201,0,Low Risk
PAT-3308,60,female,168.2,63.4,22.4,never,low,0,135,79,85,98.6,4.7,205.0,45.0,146.0,90.0,12.7,0,0,0,0,0,1.72,1,Moderate Risk
PAT-1420,82,female,171.3,96.5,32.9,never,moderate,0,135,75,65,106.5,5.1,222.0,43.0,162.0,107.0,12.5,0,0,0,1,0,4.104,2,High Risk
PAT-3792,47,male,171.8,83.2,28.2,former,high,1,130,66,78,96.8,5.0,184.0,50.0,100.0,164.0,15.8,0,0,0,0,0,1.838,1,Moderate Risk
PAT-3495,64,male,180.5,69.4,21.3,never,low,0,117,73,64,97.2,5.0,167.0,58.0,94.0,88.0,14.0,0,0,0,1,0,0.525,0,Low Risk
PAT-2961,57,female,168.9,70.7,24.8,never,low,1,143,73,71,117.7,4.9,191.0,59.0,128.0,45.0,14.4,0,1,0,0,0,4.37,2,High Risk
PAT-2477,59,male,182.9,58.5,17.5,never,low,0,102,71,60,87.4,4.3,186.0,45.0,114.0,135.0,15.6,0,0,0,0,0,0.788,0,Low Risk
PAT-2173,52,male,175.3,102.6,33.4,current,moderate,0,134,88,81,117.9,5.2,206.0,44.0,121.0,221.0,13.5,1,1,0,0,0,5.309,2,High Risk
PAT-4074,43,male,161.2,79.0,30.4,former,moderate,0,129,65,65,82.4,4.6,187.0,33.0,138.0,86.0,15.4,0,0,0,0,0,-0.17,0,Low Risk
PAT-2511,50,female,160.0,78.1,30.5,never,low,0,148,89,81,116.1,5.1,183.0,44.0,115.0,143.0,14.6,0,0,0,0,0,3.38,1,Moderate Risk
PAT-2753,27,female,159.4,44.5,17.5,never,moderate,0,99,77,74,87.4,4.1,160.0,52.0,97.0,99.0,12.6,0,0,1,0,0,-0.653,0,Low Risk
PAT-1437,34,male,169.9,87.2,30.2,former,moderate,0,106,75,88,92.1,4.8,173.0,43.0,100.0,170.0,15.7,0,0,0,0,0,-0.177,0,Low Risk
PAT-3470,68,male,179.9,74.1,22.9,never,moderate,1,135,73,73,80.8,4.6,207.0,52.0,138.0,45.0,14.3,0,0,0,0,0,2.328,1,Moderate Risk
PAT-1017,57,female,157.1,52.8,21.4,never,low,0,104,71,85,99.7,4.6,227.0,64.0,136.0,113.0,13.8,1,0,0,0,0,3.447,1,Moderate Risk
PAT-2037,32,male,178.6,71.1,22.3,never,high,0,103,72,69,65.0,4.1,209.0,53.0,130.0,67.0,15.5,0,0,0,0,0,-2.749,0,Low Risk
PAT-1835,56,female,163.9,47.0,17.5,never,moderate,0,111,65,73,115.7,5.3,193.0,57.0,108.0,116.0,13.5,0,0,0,0,0,-0.459,0,Low Risk
PAT-2919,46,female,161.6,93.2,35.7,former,low,0,139,93,72,102.5,4.9,194.0,39.0,134.0,109.0,14.2,0,0,1,0,1,4.265,2,High Risk
PAT-4143,45,male,163.3,57.6,21.6,never,moderate,0,105,67,77,65.0,4.1,165.0,32.0,101.0,137.0,13.0,0,0,0,0,0,-3.248,0,Low Risk
PAT-1039,56,male,168.7,94.2,33.1,former,moderate,1,119,77,90,121.6,5.3,209.0,57.0,126.0,145.0,17.2,0,0,1,0,0,4.123,2,High Risk
PAT-2886,42,female,164.7,113.9,42.0,never,moderate,0,136,97,69,99.5,4.7,181.0,42.0,104.0,169.0,12.8,0,0,0,0,0,2.619,1,Moderate Risk
PAT-1545,42,female,162.8,94.9,35.8,never,high,0,136,89,82,92.6,4.4,226.0,55.0,134.0,131.0,13.4,0,0,0,0,0,1.058,0,Low Risk
PAT-1705,61,female,159.9,66.5,26.0,current,moderate,0,117,68,77,93.6,4.6,232.0,55.0,165.0,100.0,12.9,0,0,0,0,1,2.263,1,Moderate Risk
PAT-2273,49,female,175.7,65.1,21.1,current,moderate,0,126,63,71,105.2,5.2,153.0,56.0,74.0,84.0,13.6,0,0,0,0,0,0.303,0,Low Risk
PAT-1998,45,male,162.3,56.4,21.4,never,low,1,103,59,78,77.7,4.1,179.0,52.0,109.0,93.0,15.4,0,0,1,0,0,-0.186,0,Low Risk
PAT-3064,57,male,173.3,57.7,19.2,never,moderate,0,123,72,75,76.0,5.0,196.0,49.0,129.0,45.0,14.4,0,0,0,0,0,0.167,0,Low Risk
PAT-2531,28,male,176.1,65.1,21.0,never,moderate,0,113,66,68,96.2,5.3,199.0,51.0,131.0,108.0,15.5,0,0,0,0,0,-0.476,0,Low Risk
PAT-3390,27,male,175.7,64.8,21.0,current,moderate,1,90,61,75,114.3,5.0,158.0,39.0,88.0,149.0,12.9,0,0,0,0,0,1.158,0,Low Risk
PAT-1242,60,female,171.4,74.0,25.2,never,low,0,128,71,77,129.6,6.0,185.0,43.0,116.0,194.0,14.5,0,0,0,0,0,1.34,1,Moderate Risk
PAT-2176,29,female,148.3,86.4,39.3,current,moderate,0,103,77,64,108.1,5.2,201.0,59.0,109.0,149.0,11.8,0,1,0,0,1,1.597,1,Moderate Risk
PAT-3933,66,female,161.7,73.5,28.1,never,high,1,125,66,78,141.3,6.0,239.0,37.0,159.0,160.0,14.4,0,1,0,0,0,4.087,2,High Risk
PAT-3489,26,female,166.4,48.5,17.5,never,low,0,113,81,64,109.4,5.4,180.0,61.0,98.0,115.0,14.3,0,0,0,0,0,0.252,0,Low Risk
PAT-2430,57,female,168.3,91.5,32.3,never,moderate,1,104,79,66,99.9,5.2,196.0,54.0,127.0,54.0,10.9,0,0,0,0,0,-0.346,0,Low Risk
PAT-1394,70,male,183.3,89.7,26.7,never,high,0,116,75,72,116.5,5.8,224.0,59.0,145.0,143.0,14.0,0,0,0,0,0,1.385,1,Moderate Risk
PAT-3114,63,male,174.6,56.1,18.4,current,moderate,0,120,74,67,84.8,4.9,195.0,52.0,120.0,87.0,16.1,0,0,0,1,0,-0.199,0,Low Risk
PAT-3602,44,male,170.2,86.0,29.7,never,moderate,0,104,74,84,94.4,4.8,170.0,37.0,107.0,116.0,14.8,0,0,0,0,0,1.101,0,Low Risk
PAT-1568,27,male,171.8,109.8,37.2,never,moderate,0,113,89,66,90.7,4.5,181.0,41.0,121.0,101.0,14.3,0,0,0,0,0,0.136,0,Low Risk
PAT-2612,65,female,169.8,50.5,17.5,never,moderate,1,109,69,73,105.6,5.1,177.0,56.0,104.0,54.0,13.0,0,0,0,0,0,-1.225,0,Low Risk
PAT-3315,59,female,159.5,53.7,21.1,never,high,1,111,67,55,102.4,5.1,173.0,62.0,99.0,92.0,12.5,0,0,0,0,0,0.471,0,Low Risk
PAT-2550,52,male,182.1,93.2,28.1,never,low,0,141,95,67,122.4,5.7,165.0,35.0,107.0,104.0,15.3,0,0,1,0,0,5.191,2,High Risk
PAT-3031,39,female,167.8,60.3,21.4,never,moderate,1,134,76,67,85.9,4.3,218.0,57.0,145.0,89.0,12.6,0,0,0,0,0,0.694,0,Low Risk
PAT-1582,62,female,163.4,55.5,20.8,former,high,0,122,76,63,72.0,4.4,176.0,62.0,108.0,60.0,12.9,0,0,0,0,1,-0.876,0,Low Risk
PAT-3384,53,female,164.3,72.1,26.7,never,low,0,120,73,76,93.9,5.1,268.0,76.0,165.0,122.0,12.0,1,0,0,0,0,2.598,1,Moderate Risk
PAT-1995,49,female,168.8,72.4,25.4,never,high,0,120,74,85,118.6,5.3,148.0,60.0,87.0,49.0,12.3,0,0,0,0,0,-1.314,0,Low Risk
PAT-2924,82,male,161.5,93.4,35.8,current,moderate,0,138,92,68,117.2,5.6,177.0,29.0,127.0,118.0,14.0,0,1,0,0,1,6.13,2,High Risk
PAT-1272,69,female,162.5,46.2,17.5,never,moderate,1,127,84,61,77.9,4.3,199.0,40.0,119.0,124.0,15.3,0,0,0,0,0,1.361,1,Moderate Risk
PAT-1594,68,female,148.7,86.7,39.2,never,moderate,0,132,82,78,135.7,6.2,221.0,37.0,148.0,166.0,13.3,0,0,1,0,0,6.426,2,High Risk
PAT-3262,70,female,160.8,78.3,30.3,former,moderate,0,113,83,66,141.2,6.2,210.0,50.0,128.0,157.0,13.3,1,0,0,0,0,3.947,2,High Risk
PAT-4032,59,male,162.3,79.6,30.2,never,moderate,0,126,87,68,106.9,5.2,246.0,64.0,157.0,154.0,14.2,0,0,0,0,0,1.566,1,Moderate Risk
PAT-2439,63,female,178.4,69.1,21.7,never,low,1,125,88,77,87.2,5.2,199.0,57.0,121.0,45.0,11.6,0,0,1,0,0,2.853,1,Moderate Risk
PAT-2630,60,male,170.2,95.3,32.9,current,low,1,136,85,89,103.2,4.8,266.0,42.0,193.0,125.0,16.0,1,0,0,0,0,7.465,2,High Risk
PAT-3306,61,female,162.5,88.7,33.6,never,high,0,143,97,70,165.0,6.3,178.0,38.0,116.0,109.0,11.0,0,0,0,0,0,4.715,2,High Risk
PAT-3215,57,female,165.4,92.2,33.7,never,high,0,134,83,57,109.7,5.5,194.0,50.0,132.0,101.0,15.0,0,0,0,0,0,1.023,0,Low Risk
PAT-1345,56,female,172.0,93.5,31.6,former,high,1,134,82,69,118.2,5.3,235.0,60.0,133.0,157.0,10.5,0,0,1,0,0,4.701,2,High Risk
PAT-3946,54,female,166.7,82.0,29.5,never,moderate,0,139,81,72,84.9,4.3,169.0,53.0,97.0,85.0,11.9,0,0,0,0,0,1.714,1,Moderate Risk
PAT-2077,47,male,171.7,128.5,43.6,current,moderate,0,138,84,81,91.3,4.5,183.0,37.0,128.0,109.0,14.8,0,0,0,0,1,3.138,1,Moderate Risk
PAT-2317,49,male,169.1,60.9,21.3,former,low,0,112,79,60,65.4,4.1,181.0,50.0,110.0,90.0,14.9,1,0,1,0,0,1.459,1,Moderate Risk
PAT-3050,65,male,194.2,92.4,24.5,former,moderate,1,114,86,65,92.0,4.5,215.0,44.0,147.0,110.0,17.5,0,0,0,0,0,0.58,0,Low Risk
PAT-3034,68,male,176.2,92.8,29.9,never,high,0,137,77,77,104.4,4.8,209.0,48.0,143.0,110.0,13.8,0,0,0,0,0,3.029,1,Moderate Risk
PAT-2990,64,female,158.0,68.2,27.3,never,low,0,104,74,80,104.1,5.1,187.0,56.0,111.0,74.0,12.4,0,0,0,0,0,-0.834,0,Low Risk
PAT-1251,66,female,157.0,60.1,24.4,former,low,0,121,78,87,114.3,5.3,147.0,37.0,80.0,136.0,12.2,0,0,0,0,0,3.087,1,Moderate Risk
PAT-2329,61,male,172.1,82.3,27.8,current,moderate,0,123,80,66,88.1,4.5,173.0,34.0,124.0,164.0,14.9,0,0,0,0,0,2.919,1,Moderate Risk
PAT-3298,62,female,166.0,71.1,25.8,never,low,0,124,82,71,102.5,4.2,157.0,58.0,72.0,137.0,13.1,0,0,0,0,0,0.443,0,Low Risk
PAT-1248,78,male,185.6,93.0,27.0,never,moderate,0,119,66,55,100.5,5.1,191.0,38.0,146.0,45.0,17.9,0,1,0,0,0,1.212,1,Moderate Risk
PAT-3376,48,female,170.1,106.8,36.9,never,moderate,0,139,84,74,101.7,5.4,229.0,45.0,143.0,143.0,13.3,0,0,0,1,0,3.721,2,High Risk
PAT-1038,34,female,161.3,73.1,28.1,never,low,1,104,79,78,93.5,4.9,182.0,54.0,107.0,117.0,15.0,0,0,0,0,0,0.084,0,Low Risk
PAT-2129,58,female,163.7,123.3,46.0,never,high,0,133,83,91,136.5,5.8,199.0,51.0,109.0,192.0,13.9,0,1,1,0,0,5.342,2,High Risk
PAT-2741,51,female,157.7,67.4,27.1,former,low,0,106,68,68,118.9,5.0,229.0,41.0,140.0,182.0,16.2,0,0,0,0,0,3.603,1,Moderate Risk
PAT-2093,54,female,167.9,64.0,22.7,never,high,0,122,83,66,94.1,4.9,216.0,63.0,120.0,163.0,13.8,0,0,0,0,0,0.416,0,Low Risk
PAT-1306,71,male,193.4,102.9,27.5,current,moderate,0,128,64,80,111.6,5.5,181.0,32.0,119.0,110.0,16.8,0,0,0,0,0,3.168,1,Moderate Risk
PAT-3920,43,male,184.9,146.3,42.8,never,low,0,121,81,65,163.2,6.8,229.0,49.0,134.0,176.0,13.0,0,0,0,0,0,6.15,2,High Risk
PAT-3480,45,female,163.7,61.9,23.1,never,moderate,0,115,85,69,78.9,4.6,127.0,39.0,75.0,73.0,13.0,0,0,0,0,0,-1.086,0,Low Risk
PAT-2261,54,female,166.3,102.9,37.2,never,moderate,0,149,91,70,115.8,5.4,207.0,42.0,125.0,206.0,12.5,0,0,0,0,0,3.908,2,High Risk
PAT-3184,22,male,165.6,48.0,17.5,former,moderate,1,91,55,84,85.4,4.8,156.0,43.0,96.0,83.0,14.5,0,1,0,0,0,0.326,0,Low Risk
PAT-2029,39,male,169.5,85.6,29.8,never,moderate,0,120,68,84,85.2,4.5,258.0,50.0,162.0,163.0,15.7,0,0,0,0,0,0.38,0,Low Risk
PAT-3395,33,female,156.6,83.6,34.1,never,moderate,1,108,65,76,130.5,5.6,215.0,59.0,133.0,116.0,12.7,0,0,1,0,0,0.318,0,Low Risk
PAT-2487,28,female,163.1,46.6,17.5,never,moderate,0,112,59,77,87.8,4.7,167.0,52.0,94.0,108.0,13.8,0,0,0,0,0,-4.346,0,Low Risk
PAT-2641,73,male,174.4,86.7,28.5,former,low,1,131,84,70,106.5,5.1,207.0,54.0,115.0,195.0,17.5,1,0,1,0,0,7.039,2,High Risk
PAT-1299,62,female,170.2,53.6,18.5,never,moderate,1,121,70,64,96.0,4.8,201.0,49.0,145.0,53.0,13.1,0,0,0,0,0,0.117,0,Low Risk
PAT-2231,34,male,182.3,99.0,29.8,never,high,0,129,86,69,79.1,4.4,197.0,55.0,110.0,127.0,15.7,0,0,0,0,0,-0.702,0,Low Risk
PAT-3683,63,male,175.7,75.6,24.5,current,high,0,138,73,68,90.2,4.9,189.0,49.0,129.0,85.0,15.8,0,1,0,1,0,3.137,1,Moderate Risk
PAT-1831,40,male,170.3,90.2,31.1,former,low,0,111,80,75,113.1,5.5,190.0,44.0,119.0,130.0,17.7,0,0,0,0,0,3.655,2,High Risk
PAT-1848,44,male,175.8,129.2,41.8,former,high,0,136,84,75,123.6,6.1,186.0,52.0,104.0,141.0,14.8,0,0,0,1,0,3.941,2,High Risk
PAT-2266,51,male,174.1,111.8,36.9,former,low,0,128,78,87,158.5,6.3,175.0,33.0,110.0,169.0,15.7,0,0,1,0,0,6.033,2,High Risk
PAT-1400,31,male,181.8,64.8,19.6,never,high,1,90,59,50,65.0,4.6,178.0,48.0,112.0,76.0,16.1,0,0,0,0,0,-1.491,0,Low Risk
PAT-1695,49,male,175.3,119.2,38.8,never,moderate,1,136,89,72,108.9,5.6,217.0,38.0,145.0,132.0,16.0,1,0,0,0,0,5.852,2,High Risk
PAT-3443,63,male,170.7,91.5,31.4,never,low,1,125,78,79,106.8,4.9,200.0,46.0,137.0,126.0,17.9,0,0,0,0,0,3.785,2,High Risk
PAT-4058,36,female,159.0,44.2,17.5,never,low,0,96,65,86,97.5,5.1,111.0,56.0,52.0,52.0,13.5,0,0,0,0,0,-1.685,0,Low Risk
PAT-3226,73,male,165.9,72.1,26.2,never,low,0,133,79,84,159.8,6.4,179.0,48.0,107.0,104.0,14.8,0,0,0,0,0,4.5,2,High Risk
PAT-1448,46,male,187.1,105.4,30.1,current,moderate,0,116,72,83,110.6,5.2,201.0,34.0,133.0,133.0,15.4,0,0,0,0,0,3.894,2,High Risk
PAT-2186,39,female,150.4,41.2,18.2,never,high,0,104,70,65,81.8,4.5,147.0,64.0,80.0,55.0,14.6,0,0,0,0,0,-2.676,0,Low Risk
PAT-1587,41,female,156.9,51.2,20.8,never,moderate,0,118,73,85,92.8,5.1,193.0,56.0,118.0,91.0,13.0,0,0,0,0,0,-0.998,0,Low Risk
PAT-2436,50,male,169.9,69.6,24.1,former,low,0,100,66,69,77.9,4.6,170.0,40.0,126.0,55.0,18.2,0,0,1,0,1,1.611,1,Moderate Risk
PAT-2227,51,male,182.7,59.7,17.9,never,low,1,130,79,77,99.8,5.2,167.0,51.0,105.0,59.0,15.0,1,0,0,0,0,1.562,1,Moderate Risk
PAT-2503,53,female,163.1,86.7,32.6,former,moderate,0,130,84,77,109.0,5.5,211.0,45.0,135.0,155.0,12.7,0,1,0,0,0,3.895,2,High Risk
PAT-1221,27,female,169.3,125.5,43.8,never,low,0,109,72,66,121.8,5.6,176.0,34.0,112.0,169.0,13.9,0,0,0,0,0,3.418,1,Moderate Risk
PAT-1403,54,female,156.4,50.6,20.7,current,low,0,132,83,80,95.2,4.7,150.0,48.0,79.0,137.0,12.7,0,0,0,0,0,1.074,0,Low Risk
PAT-1951,58,male,174.5,97.7,32.1,never,low,1,114,74,74,98.8,5.2,212.0,44.0,135.0,148.0,14.2,0,0,0,0,0,3.666,2,High Risk
PAT-3329,65,female,162.5,82.7,31.3,never,low,0,138,82,67,109.6,5.1,203.0,44.0,123.0,158.0,14.0,0,0,0,0,0,3.434,1,Moderate Risk
PAT-1235,62,female,164.4,72.7,26.9,former,low,0,138,98,69,105.5,4.7,227.0,43.0,155.0,137.0,12.0,0,0,0,0,0,4.303,2,High Risk
PAT-1913,75,female,159.1,44.3,17.5,former,low,0,131,72,63,86.5,4.5,185.0,62.0,97.0,93.0,12.2,0,0,0,1,0,1.697,1,Moderate Risk
PAT-3397,39,male,167.1,89.9,32.2,never,moderate,0,100,75,85,85.3,4.2,200.0,52.0,110.0,132.0,13.2,0,1,0,0,0,-0.81,0,Low Risk
PAT-1201,61,male,162.9,50.7,19.1,never,low,0,118,72,58,90.0,4.5,141.0,40.0,98.0,111.0,15.2,0,0,0,0,0,0.727,0,Low Risk
PAT-2377,68,male,184.3,112.8,33.2,never,high,0,131,89,81,145.2,5.9,182.0,50.0,103.0,179.0,14.0,0,1,0,0,0,4.904,2,High Risk
PAT-3738,75,female,150.3,63.5,28.1,never,moderate,1,129,76,75,111.2,5.5,211.0,55.0,136.0,122.0,13.2,0,0,0,0,0,4.171,2,High Risk
PAT-3610,62,female,164.7,62.9,23.2,never,moderate,0,102,66,67,65.0,4.3,200.0,68.0,95.0,128.0,13.0,1,0,0,0,0,-0.882,0,Low Risk
PAT-3896,24,male,177.5,98.0,31.1,never,moderate,0,114,72,72,88.5,4.6,145.0,34.0,82.0,174.0,17.2,0,0,1,0,0,-0.481,0,Low Risk
PAT-3127,69,male,173.2,56.7,18.9,current,low,0,110,63,82,109.7,4.5,170.0,48.0,112.0,81.0,16.6,0,0,0,0,0,0.796,0,Low Risk
PAT-2252,25,female,156.8,60.2,24.5,never,moderate,0,90,70,86,147.4,6.2,181.0,53.0,93.0,194.0,12.8,0,0,0,0,0,0.743,0,Low Risk
PAT-2805,31,female,151.1,40.0,17.5,never,high,0,114,71,56,145.2,5.8,197.0,66.0,94.0,141.0,14.6,0,0,0,0,0,-0.631,0,Low Risk
PAT-3925,57,male,170.6,87.3,30.0,never,moderate,0,126,83,78,80.9,5.0,193.0,42.0,137.0,87.0,16.7,0,0,0,0,0,1.257,1,Moderate Risk
PAT-1643,32,female,161.0,80.1,30.9,current,low,0,109,65,73,118.7,5.1,168.0,43.0,96.0,137.0,11.5,1,0,0,0,0,4.016,2,High Risk
PAT-3521,85,male,169.1,84.4,29.5,never,low,1,132,74,57,98.9,4.5,186.0,33.0,136.0,108.0,15.7,0,0,0,0,0,4.488,2,High Risk
PAT-3398,56,male,169.8,82.2,28.5,never,low,0,123,70,78,117.5,6.0,174.0,64.0,86.0,99.0,16.7,0,0,0,0,0,0.139,0,Low Risk
PAT-2016,44,male,177.0,77.4,24.7,current,moderate,1,120,64,72,72.5,4.3,150.0,43.0,84.0,135.0,15.9,1,0,0,0,0,2.49,1,Moderate Risk
PAT-2621,33,male,163.8,47.0,17.5,current,moderate,0,101,66,83,70.7,4.6,190.0,52.0,112.0,158.0,14.6,0,0,0,0,0,-1.83,0,Low Risk
PAT-4186,36,female,162.1,58.6,22.3,never,moderate,0,92,66,78,120.4,5.4,178.0,60.0,94.0,84.0,13.8,0,0,0,0,0,-2.191,0,Low Risk
PAT-3303,57,female,160.7,69.0,26.7,never,low,0,113,67,62,123.7,4.9,214.0,60.0,135.0,130.0,14.5,0,0,1,0,0,2.344,1,Moderate Risk
PAT-3499,58,male,177.7,56.8,18.0,former,low,1,108,77,75,82.1,4.6,189.0,47.0,127.0,124.0,13.4,0,0,0,0,1,2.59,1,Moderate Risk
PAT-2450,57,female,156.9,77.5,31.5,never,moderate,0,127,87,77,108.8,4.7,209.0,63.0,118.0,110.0,13.9,0,0,0,0,0,2.661,1,Moderate Risk
PAT-2506,63,male,174.6,84.7,27.8,never,low,0,120,77,70,108.8,4.8,176.0,33.0,114.0,130.0,16.7,0,0,0,0,0,1.624,1,Moderate Risk
PAT-3174,41,male,177.2,71.3,22.7,former,low,0,118,80,78,108.0,5.7,190.0,32.0,133.0,138.0,16.2,0,0,1,0,0,4.447,2,High Risk
PAT-1956,58,female,161.1,49.6,19.1,never,moderate,0,124,80,63,239.7,7.9,206.0,44.0,129.0,117.0,12.0,0,0,0,0,0,4.959,2,High Risk
PAT-1110,26,female,160.4,45.0,17.5,never,moderate,0,103,64,77,66.4,4.3,137.0,46.0,88.0,57.0,14.1,0,0,0,0,0,-3.72,0,Low Risk
PAT-1795,68,male,182.2,96.3,29.0,current,low,0,150,83,77,112.9,5.2,161.0,41.0,86.0,182.0,15.9,0,0,0,0,0,5.163,2,High Risk
PAT-1456,52,female,159.5,92.3,36.3,never,moderate,0,128,76,80,116.6,5.5,164.0,48.0,102.0,88.0,12.2,0,0,0,0,0,0.583,0,Low Risk
PAT-3542,50,male,173.7,79.7,26.4,former,moderate,0,109,74,69,81.3,4.9,191.0,36.0,127.0,127.0,14.0,0,1,0,0,1,1.261,1,Moderate Risk
PAT-3058,57,male,181.7,151.9,46.0,never,moderate,0,134,99,81,126.6,5.3,225.0,57.0,121.0,234.0,16.4,1,1,1,0,0,7.413,2,High Risk
PAT-4181,60,male,178.1,70.7,22.3,current,high,0,121,66,83,71.6,4.1,182.0,41.0,110.0,130.0,15.3,0,1,0,0,0,0.193,0,Low Risk
PAT-3846,45,female,152.6,60.3,25.9,never,low,1,110,73,73,105.2,5.1,244.0,58.0,167.0,111.0,13.5,1,0,0,0,0,3.886,2,High Risk
PAT-2294,54,female,161.1,104.3,40.2,former,moderate,0,144,82,66,122.1,6.0,226.0,38.0,156.0,186.0,11.8,0,0,0,0,0,4.499,2,High Risk
PAT-1500,66,female,173.4,138.3,46.0,never,high,1,133,83,99,162.9,6.5,232.0,31.0,149.0,247.0,13.1,0,1,0,0,0,8.575,2,High Risk
PAT-1987,65,female,162.8,102.8,38.8,never,high,0,139,79,86,100.5,4.9,207.0,52.0,131.0,145.0,13.4,0,1,0,0,0,4.941,2,High Risk
PAT-3179,53,male,172.2,89.0,30.0,never,moderate,0,110,76,74,113.0,5.0,198.0,37.0,128.0,163.0,18.0,0,0,0,0,0,1.689,1,Moderate Risk
PAT-3511,61,male,191.3,90.0,24.6,current,moderate,0,132,75,87,88.1,4.5,153.0,31.0,116.0,68.0,15.1,0,0,0,0,0,1.189,0,Low Risk
PAT-1621,60,female,169.1,67.5,23.6,never,moderate,0,128,81,48,101.0,5.1,202.0,65.0,119.0,98.0,13.7,0,0,1,0,0,2.589,1,Moderate Risk
PAT-2719,47,female,156.3,64.7,26.5,never,low,0,127,75,85,80.2,4.2,183.0,57.0,101.0,76.0,11.4,0,0,1,0,0,1.263,1,Moderate Risk
PAT-4123,48,female,156.6,45.4,18.5,never,low,0,106,64,72,70.1,4.1,164.0,40.0,113.0,70.0,12.2,0,0,0,0,1,-0.504,0,Low Risk
PAT-2841,27,female,162.3,69.3,26.3,never,low,0,111,82,72,155.1,5.9,233.0,59.0,150.0,129.0,14.1,0,0,1,0,0,2.616,1,Moderate Risk
PAT-3468,63,female,161.8,82.2,31.4,never,low,0,124,86,80,107.1,5.2,172.0,63.0,88.0,152.0,15.8,0,0,0,0,0,3.912,2,High Risk
PAT-2040,77,male,178.4,77.7,24.4,current,high,0,142,82,73,78.8,4.2,185.0,49.0,107.0,108.0,14.5,0,0,0,0,0,0.468,0,Low Risk
PAT-3378,47,male,176.3,98.8,31.8,former,low,0,116,72,78,124.7,5.5,213.0,35.0,138.0,170.0,15.4,0,0,0,0,0,3.644,1,Moderate Risk
PAT-2872,49,male,178.8,131.7,41.2,former,moderate,0,140,86,74,112.9,4.5,187.0,41.0,108.0,186.0,15.0,0,0,0,0,1,3.594,1,Moderate Risk
PAT-2540,53,male,175.4,53.8,17.5,current,low,1,121,75,86,86.6,4.3,209.0,58.0,115.0,154.0,13.1,0,0,0,0,0,1.428,1,Moderate Risk
PAT-1640,48,male,191.0,99.2,27.2,former,high,0,135,84,63,103.3,5.3,225.0,60.0,139.0,145.0,15.4,0,0,0,0,0,2.784,1,Moderate Risk
PAT-2587,48,female,163.4,61.7,23.1,never,low,0,132,64,63,140.8,5.8,196.0,60.0,103.0,121.0,11.5,0,0,1,1,0,3.425,1,Moderate Risk
PAT-1284,83,male,168.2,77.0,27.2,never,moderate,0,126,77,56,114.5,5.2,211.0,45.0,146.0,95.0,14.7,1,0,0,0,0,4.016,2,High Risk
PAT-3983,57,female,169.2,57.0,19.9,never,low,0,107,67,72,83.1,4.7,163.0,56.0,91.0,76.0,12.2,0,0,1,0,0,-0.937,0,Low Risk
PAT-1890,64,male,170.3,108.5,37.4,current,low,0,145,86,94,128.4,5.9,153.0,25.0,96.0,156.0,15.4,0,1,1,0,0,6.182,2,High Risk
PAT-2369,41,male,161.3,79.4,30.5,former,low,0,118,75,77,101.1,4.3,166.0,44.0,95.0,140.0,15.9,0,0,0,0,0,0.946,0,Low Risk
PAT-3392,32,female,160.1,76.9,30.0,never,high,0,90,65,82,98.9,4.7,189.0,57.0,97.0,141.0,15.2,0,0,0,1,0,-0.47,0,Low Risk
PAT-3848,44,male,159.5,91.6,36.0,never,moderate,0,139,84,70,101.2,5.3,177.0,42.0,108.0,120.0,14.8,0,1,0,0,0,2.096,1,Moderate Risk
PAT-2290,58,female,172.1,93.0,31.4,never,moderate,0,139,77,76,100.6,4.6,178.0,52.0,123.0,48.0,13.0,1,0,0,0,0,2.226,1,Moderate Risk
PAT-2811,55,female,154.1,54.9,23.1,never,high,0,116,79,87,129.7,5.6,128.0,53.0,65.0,58.0,12.9,0,0,0,0,0,1.896,1,Moderate Risk
PAT-1985,37,male,175.0,70.7,23.1,never,moderate,0,112,73,75,87.6,4.9,207.0,42.0,137.0,125.0,17.1,0,0,0,0,0,-0.219,0,Low Risk
PAT-2414,44,male,175.5,70.5,22.9,former,high,1,108,85,78,101.2,4.5,168.0,63.0,86.0,94.0,13.4,0,0,1,0,0,-0.404,0,Low Risk
PAT-1779,62,female,158.2,101.9,40.7,former,moderate,0,142,83,68,126.0,5.4,171.0,45.0,103.0,126.0,14.4,0,0,0,0,1,3.793,2,High Risk
PAT-3852,38,male,179.1,105.5,32.9,never,high,1,119,75,62,116.0,5.7,222.0,50.0,148.0,120.0,15.1,0,0,0,0,0,2.193,1,Moderate Risk
PAT-3579,78,female,162.7,59.8,22.6,never,moderate,0,129,81,83,95.5,4.6,151.0,65.0,68.0,85.0,14.1,0,0,0,0,0,0.216,0,Low Risk
PAT-2837,55,female,156.2,46.4,19.0,former,moderate,1,110,71,64,96.7,4.6,231.0,62.0,140.0,151.0,10.3,0,0,0,0,0,1.245,1,Moderate Risk
PAT-3959,38,male,182.3,87.7,26.4,former,moderate,1,121,75,54,75.4,4.4,178.0,38.0,116.0,94.0,15.5,0,0,0,0,0,1.042,0,Low Risk
PAT-1247,44,male,166.4,70.3,25.4,never,low,0,134,73,66,116.0,5.8,216.0,51.0,133.0,168.0,15.4,0,0,0,0,0,1.756,1,Moderate Risk
PAT-2586,55,female,167.7,52.3,18.6,never,moderate,0,100,61,66,93.6,4.8,177.0,54.0,100.0,113.0,11.6,0,0,0,0,0,-1.055,0,Low Risk
PAT-3743,61,male,187.1,102.9,29.4,former,moderate,0,134,77,74,95.1,5.4,193.0,35.0,118.0,162.0,15.8,0,0,0,0,0,2.121,1,Moderate Risk
PAT-4044,63,male,182.8,65.2,19.5,current,low,0,106,67,78,105.1,5.1,170.0,44.0,105.0,62.0,14.2,0,1,1,0,0,2.62,1,Moderate Risk
PAT-1244,36,male,170.3,79.2,27.3,never,moderate,0,102,70,72,109.5,5.3,178.0,43.0,110.0,125.0,16.4,0,0,0,0,0,1.419,1,Moderate Risk
PAT-1084,42,female,167.6,71.1,25.3,never,low,0,104,62,58,97.1,5.1,181.0,44.0,99.0,139.0,12.2,0,0,1,0,0,0.197,0,Low Risk
PAT-3116,50,male,180.5,135.2,41.5,never,high,0,137,90,72,88.0,4.6,200.0,44.0,117.0,183.0,15.5,0,0,0,0,0,1.641,1,Moderate Risk
PAT-2080,48,female,151.0,67.0,29.4,never,moderate,0,125,74,78,120.1,5.9,196.0,49.0,119.0,141.0,12.1,0,0,0,0,0,0.05,0,Low Risk
PAT-2299,58,female,157.2,72.4,29.3,never,high,0,123,79,69,111.7,4.9,204.0,52.0,132.0,126.0,13.4,0,0,0,0,0,0.633,0,Low Risk
PAT-2265,33,male,185.2,121.8,35.5,never,moderate,0,113,80,77,95.1,5.3,180.0,36.0,122.0,173.0,14.4,0,0,0,0,0,1.902,1,Moderate Risk
PAT-3699,72,male,178.1,113.6,35.8,never,moderate,0,144,94,88,128.2,5.6,219.0,29.0,162.0,171.0,15.0,0,0,0,0,0,5.859,2,High Risk
PAT-3182,50,female,166.4,54.5,19.7,former,moderate,1,123,78,68,76.5,4.1,148.0,45.0,88.0,82.0,11.1,1,0,0,0,0,-0.268,0,Low Risk
PAT-2075,46,female,164.1,69.7,25.9,never,moderate,0,121,83,82,89.0,4.8,165.0,43.0,98.0,92.0,12.5,0,0,0,0,0,-0.553,0,Low Risk
PAT-3057,65,male,179.1,77.9,24.3,never,high,0,127,73,81,99.6,4.5,203.0,41.0,131.0,152.0,13.9,0,0,1,0,0,2.823,1,Moderate Risk
PAT-1007,64,male,171.8,64.9,22.0,never,moderate,1,117,89,65,104.3,5.0,206.0,64.0,119.0,134.0,14.5,1,0,0,0,0,2.953,1,Moderate Risk
PAT-2711,51,female,158.7,71.8,28.5,never,moderate,0,121,76,82,102.9,4.8,248.0,65.0,173.0,73.0,12.5,1,0,0,0,0,2.206,1,Moderate Risk
PAT-2893,51,female,166.0,48.2,17.5,former,low,0,133,75,66,92.6,5.3,115.0,39.0,75.0,45.0,12.6,0,0,0,0,0,0.222,0,Low Risk
PAT-1727,58,male,182.3,67.8,20.4,former,low,0,118,78,75,117.8,5.4,189.0,49.0,127.0,84.0,13.9,0,0,1,0,0,3.164,1,Moderate Risk
PAT-1393,79,male,170.9,103.4,35.4,former,high,0,150,82,92,125.6,5.5,233.0,38.0,172.0,135.0,15.5,0,0,0,0,0,7.256,2,High Risk
PAT-1450,52,female,161.1,62.3,24.0,never,low,0,133,75,80,92.8,4.9,217.0,37.0,139.0,221.0,12.6,0,0,1,0,0,2.755,1,Moderate Risk
PAT-3917,62,male,184.0,110.4,32.6,never,low,0,115,83,61,131.1,5.8,239.0,42.0,184.0,94.0,16.8,0,1,1,0,0,4.804,2,High Risk
PAT-4126,26,female,162.4,77.3,29.3,never,moderate,0,113,80,74,95.6,5.2,265.0,75.0,150.0,192.0,11.6,0,0,0,0,0,0.513,0,Low Risk
PAT-3820,49,female,161.0,58.6,22.6,never,moderate,0,108,72,81,132.6,6.2,176.0,58.0,94.0,81.0,13.6,0,0,0,0,0,-0.219,0,Low Risk
PAT-3775,49,female,173.6,86.5,28.7,former,high,0,127,75,86,84.5,4.6,192.0,51.0,115.0,103.0,13.6,0,0,0,0,0,0.262,0,Low Risk
PAT-2193,57,female,170.9,111.9,38.3,never,low,0,128,80,79,114.1,5.2,189.0,60.0,99.0,194.0,10.5,0,0,0,0,0,2.548,1,Moderate Risk
PAT-3089,73,female,161.7,117.4,44.9,current,moderate,1,140,95,77,104.3,4.9,255.0,46.0,163.0,198.0,12.1,0,1,0,0,0,9.796,2,High Risk
PAT-3622,54,male,177.0,79.3,25.3,never,moderate,0,122,65,53,118.6,5.6,168.0,40.0,112.0,99.0,16.7,0,0,0,0,0,0.605,0,Low Risk
PAT-1172,52,female,162.2,46.0,17.5,never,moderate,0,108,82,67,160.3,5.8,219.0,68.0,120.0,161.0,13.4,0,0,0,0,0,1.115,0,Low Risk
PAT-1016,39,male,183.2,85.9,25.6,never,moderate,0,111,66,72,79.5,4.8,193.0,41.0,117.0,148.0,16.1,0,0,0,0,0,0.472,0,Low Risk
PAT-2268,43,male,167.2,69.1,24.7,former,moderate,1,110,77,81,108.2,4.9,181.0,34.0,114.0,166.0,15.8,0,0,0,0,0,2.659,1,Moderate Risk
PAT-2535,31,male,170.8,51.1,17.5,never,low,1,100,66,76,97.1,4.7,166.0,50.0,96.0,99.0,15.6,0,0,0,0,0,0.118,0,Low Risk
PAT-1295,43,male,179.1,110.0,34.3,never,high,1,140,85,73,70.9,4.4,163.0,63.0,81.0,76.0,16.4,0,0,0,0,0,-1.084,0,Low Risk
PAT-3211,61,female,156.5,90.6,37.0,never,moderate,0,126,85,76,132.9,5.8,179.0,44.0,113.0,143.0,13.8,0,0,0,0,0,3.427,1,Moderate Risk
PAT-2936,57,female,161.8,60.7,23.2,former,moderate,0,111,84,71,81.0,4.7,150.0,58.0,96.0,51.0,13.0,0,0,0,0,0,-2.905,0,Low Risk
PAT-3921,63,female,165.1,51.2,18.8,former,low,0,121,65,96,118.5,5.2,183.0,37.0,119.0,114.0,12.7,0,0,0,0,0,1.707,1,Moderate Risk
PAT-2636,40,female,155.2,42.2,17.5,never,moderate,0,126,63,62,117.1,4.9,184.0,72.0,85.0,139.0,11.9,0,0,1,1,0,-0.338,0,Low Risk
PAT-2300,44,female,168.4,57.6,20.3,former,moderate,0,106,73,90,78.7,4.6,143.0,36.0,83.0,80.0,13.0,0,0,0,0,1,-2.082,0,Low Risk
PAT-4092,52,female,160.8,72.7,28.1,former,moderate,0,123,80,69,106.4,5.2,208.0,40.0,131.0,139.0,15.1,0,0,0,0,0,2.113,1,Moderate Risk
PAT-2783,64,male,174.7,78.1,25.6,never,moderate,1,113,72,84,128.5,6.0,217.0,52.0,132.0,164.0,15.9,0,1,0,0,0,4.798,2,High Risk
PAT-2348,34,male,177.7,64.1,20.3,never,low,0,90,61,75,94.3,4.7,127.0,51.0,77.0,45.0,16.0,0,1,0,0,0,-1.561,0,Low Risk
PAT-2216,44,male,177.7,97.9,31.0,former,low,0,134,77,84,105.6,5.6,193.0,40.0,119.0,148.0,14.0,1,0,1,0,0,5.674,2,High Risk
PAT-2917,44,male,180.9,84.1,25.7,current,high,0,124,69,73,86.7,4.6,205.0,41.0,127.0,144.0,15.3,0,0,0,0,0,0.695,0,Low Risk
PAT-1602,65,male,182.7,58.4,17.5,current,low,0,124,79,81,88.4,4.9,118.0,36.0,70.0,77.0,17.1,0,0,0,0,0,1.514,1,Moderate Risk
PAT-1648,50,male,185.7,86.6,25.1,never,low,0,119,76,90,94.3,4.5,167.0,45.0,91.0,139.0,17.9,0,0,0,0,0,-0.128,0,Low Risk
PAT-2399,44,male,173.0,95.8,32.0,never,low,0,122,81,67,132.0,5.9,167.0,55.0,75.0,149.0,14.9,0,0,0,0,0,2.952,1,Moderate Risk
PAT-3750,78,male,180.2,107.5,33.1,never,moderate,0,119,73,74,141.7,5.6,208.0,38.0,152.0,66.0,16.8,0,0,0,0,0,3.041,1,Moderate Risk
PAT-3328,63,female,170.8,82.3,28.2,never,moderate,0,116,75,71,91.0,4.6,222.0,48.0,154.0,81.0,10.0,1,0,0,0,0,2.696,1,Moderate Risk
PAT-2495,81,male,173.4,95.3,31.7,never,high,1,145,87,63,107.8,5.0,245.0,59.0,161.0,116.0,16.9,0,0,0,0,0,3.302,1,Moderate Risk
PAT-1787,59,male,166.4,93.0,33.6,former,moderate,0,135,89,90,108.0,5.0,167.0,44.0,95.0,148.0,14.4,0,0,0,0,0,2.893,1,Moderate Risk
PAT-4111,49,male,178.4,96.4,30.3,never,high,0,135,79,77,86.2,4.8,191.0,48.0,101.0,168.0,16.2,0,0,0,0,0,0.935,0,Low Risk
PAT-3476,50,male,175.5,53.9,17.5,never,low,1,112,67,74,88.9,4.6,184.0,45.0,121.0,88.0,14.6,0,0,0,0,0,0.755,0,Low Risk
PAT-3290,77,male,176.7,91.5,29.3,former,moderate,1,123,75,67,102.5,5.3,194.0,39.0,139.0,75.0,15.4,1,1,0,0,0,5.936,2,High Risk
PAT-1884,63,male,167.0,98.2,35.2,never,moderate,0,123,88,66,110.8,4.8,185.0,40.0,110.0,99.0,15.7,0,1,0,0,0,1.855,1,Moderate Risk
PAT-1010,47,male,160.5,67.2,26.1,former,low,0,123,73,68,135.2,5.7,164.0,46.0,82.0,134.0,15.8,0,0,0,1,0,1.609,1,Moderate Risk
PAT-3510,60,male,173.0,97.9,32.7,never,high,0,120,83,80,73.7,4.4,186.0,58.0,112.0,148.0,15.8,0,0,0,0,0,-0.279,0,Low Risk
PAT-1907,63,female,160.2,52.4,20.4,former,low,0,133,88,64,96.8,5.2,173.0,57.0,101.0,88.0,11.9,1,0,0,0,0,2.49,1,Moderate Risk
PAT-2716,58,male,179.2,56.2,17.5,never,moderate,1,110,65,70,85.7,4.8,213.0,48.0,147.0,125.0,17.4,1,0,0,0,0,1.478,1,Moderate Risk
PAT-3714,58,female,172.0,94.1,31.8,never,moderate,0,120,87,81,91.8,4.7,175.0,48.0,110.0,135.0,13.5,0,0,0,0,0,1.081,0,Low Risk
PAT-1501,80,male,167.6,101.4,36.1,never,moderate,1,142,76,64,116.3,5.4,211.0,54.0,131.0,137.0,14.7,0,0,0,0,0,4.997,2,High Risk
PAT-1794,38,male,186.9,95.4,27.3,never,moderate,0,116,74,83,80.6,4.8,143.0,42.0,86.0,50.0,14.6,0,0,0,0,0,-1.946,0,Low Risk
PAT-1125,84,female,164.8,76.0,28.0,never,moderate,1,138,76,74,84.9,4.4,232.0,51.0,162.0,113.0,14.2,0,0,0,0,1,1.437,1,Moderate Risk
PAT-1231,56,female,160.1,72.3,28.2,never,low,0,117,84,88,113.8,5.0,192.0,39.0,135.0,115.0,12.9,0,0,0,0,0,2.556,1,Moderate Risk
PAT-3686,60,female,156.4,50.9,20.8,never,moderate,1,124,80,55,85.2,4.9,237.0,57.0,163.0,73.0,14.0,0,0,0,0,0,1.89,1,Moderate Risk
PAT-3514,51,male,176.0,88.0,28.4,never,high,1,125,75,83,97.6,5.2,195.0,58.0,120.0,84.0,14.4,0,0,0,0,0,1.802,1,Moderate Risk
PAT-3527,61,male,185.4,95.2,27.7,former,moderate,0,128,70,75,104.0,5.0,209.0,54.0,129.0,130.0,13.6,1,0,0,0,0,2.801,1,Moderate Risk
PAT-2211,43,female,146.7,56.6,26.3,never,high,0,131,78,54,91.2,4.9,202.0,57.0,113.0,119.0,13.4,0,0,1,0,0,-0.045,0,Low Risk
PAT-3739,65,female,158.9,66.9,26.5,never,high,0,106,62,69,88.5,4.8,213.0,51.0,142.0,74.0,13.6,0,0,0,0,0,0.044,0,Low Risk
PAT-1836,75,male,178.8,116.0,36.3,current,moderate,0,130,84,85,106.3,4.9,190.0,41.0,122.0,157.0,17.4,0,0,0,0,0,4.607,2,High Risk
PAT-2790,27,male,177.4,86.9,27.6,current,low,0,105,68,96,126.1,5.5,205.0,52.0,115.0,146.0,16.4,0,0,1,0,1,2.095,1,Moderate Risk
PAT-1487,38,female,161.8,69.9,26.7,current,high,1,127,86,78,106.2,4.9,191.0,50.0,104.0,169.0,11.9,0,0,0,0,0,3.565,1,Moderate Risk
PAT-3002,42,female,156.9,79.5,32.3,former,moderate,0,109,64,71,112.4,5.4,194.0,48.0,116.0,131.0,13.4,0,0,0,0,0,-0.352,0,Low Risk
PAT-1483,56,male,173.5,113.8,37.8,former,high,0,129,82,65,110.8,5.9,206.0,52.0,117.0,165.0,13.4,0,0,0,0,0,2.979,1,Moderate Risk
PAT-4047,48,male,180.1,68.8,21.2,never,moderate,0,111,76,70,83.9,4.5,191.0,49.0,131.0,45.0,16.0,0,0,0,0,0,-0.67,0,Low Risk
PAT-2427,38,female,157.2,61.8,25.0,former,low,0,108,80,77,77.7,4.1,155.0,55.0,83.0,97.0,13.8,0,1,1,0,0,1.604,1,Moderate Risk
PAT-3513,49,female,166.4,53.2,19.2,current,high,0,113,73,68,96.6,4.7,196.0,49.0,126.0,123.0,15.0,0,0,0,0,0,0.086,0,Low Risk
PAT-1304,53,female,164.7,68.6,25.3,never,high,0,125,78,84,86.3,4.8,151.0,70.0,82.0,46.0,11.8,0,0,1,0,0,-2.298,0,Low Risk
PAT-3725,53,male,185.8,85.6,24.8,current,low,1,131,78,67,84.5,4.5,192.0,42.0,117.0,142.0,14.9,0,0,0,1,0,3.805,2,High Risk
PAT-1790,59,female,172.3,71.5,24.1,never,low,0,122,80,74,105.4,5.5,231.0,45.0,157.0,126.0,15.2,0,0,0,0,0,2.192,1,Moderate Risk
PAT-3101,40,female,158.5,44.0,17.5,never,low,1,96,67,80,106.1,5.0,168.0,40.0,99.0,73.0,12.4,0,0,0,0,1,0.364,0,Low Risk
PAT-1281,62,male,167.5,80.0,28.5,never,moderate,0,114,76,69,117.5,5.4,178.0,41.0,115.0,98.0,14.4,0,0,0,0,0,1.283,1,Moderate Risk
PAT-1230,43,male,171.8,94.7,32.1,current,low,0,109,76,73,106.1,5.4,189.0,37.0,122.0,157.0,16.9,0,0,0,0,0,4.555,2,High Risk
PAT-3257,47,male,172.4,78.5,26.4,never,low,1,120,67,78,85.9,4.1,255.0,48.0,184.0,129.0,13.3,1,0,0,0,0,2.147,1,Moderate Risk
PAT-3207,58,female,164.9,57.4,21.1,former,high,0,112,75,69,165.8,6.4,194.0,54.0,125.0,87.0,11.6,0,0,1,0,0,2.619,1,Moderate Risk
PAT-3389,67,female,159.7,94.4,37.0,never,high,0,150,94,76,135.3,6.1,188.0,31.0,126.0,155.0,13.8,0,0,1,0,0,5.488,2,High Risk
PAT-1011,46,male,174.4,79.1,26.0,current,low,0,123,87,64,101.5,4.5,202.0,45.0,137.0,82.0,14.2,0,0,0,0,0,3.662,2,High Risk
PAT-3770,50,male,178.9,110.1,34.4,never,low,1,130,72,76,117.4,4.8,200.0,42.0,137.0,114.0,14.7,0,0,0,0,0,3.553,1,Moderate Risk
PAT-3232,25,female,155.3,43.9,18.2,never,low,0,112,71,72,113.1,5.6,132.0,49.0,53.0,119.0,12.5,0,0,1,0,0,1.016,0,Low Risk
PAT-3531,40,female,168.0,71.4,25.3,never,moderate,0,91,71,76,87.7,4.1,168.0,48.0,99.0,100.0,11.9,0,0,0,1,0,-2.205,0,Low Risk
PAT-3966,58,male,164.2,60.1,22.3,never,moderate,0,109,72,70,108.3,4.9,194.0,47.0,140.0,52.0,15.3,0,0,0,0,0,-0.405,0,Low Risk
PAT-2772,44,female,170.3,55.1,19.0,former,moderate,1,136,88,68,83.9,5.0,219.0,53.0,147.0,75.0,14.3,0,0,0,0,0,0.135,0,Low Risk
PAT-2386,71,male,176.7,77.4,24.8,never,low,0,128,82,81,100.5,4.8,202.0,50.0,141.0,87.0,17.0,0,0,1,0,1,0.92,0,Low Risk
PAT-2355,22,female,160.7,78.2,30.3,never,low,0,115,74,69,82.8,4.7,162.0,43.0,101.0,94.0,14.3,0,0,0,0,0,-1.097,0,Low Risk
PAT-3913,64,female,163.7,111.2,41.5,former,high,1,140,83,79,114.6,5.2,235.0,44.0,163.0,158.0,11.9,0,0,0,0,0,6.509,2,High Risk
PAT-2847,41,male,182.1,91.9,27.7,former,low,0,109,78,95,168.0,6.7,196.0,40.0,131.0,139.0,16.1,0,0,0,0,0,4.771,2,High Risk
PAT-1588,65,female,174.1,69.1,22.8,former,low,1,128,73,65,118.3,5.2,220.0,63.0,137.0,123.0,12.9,0,0,0,0,0,3.253,1,Moderate Risk
PAT-1591,46,male,182.0,103.0,31.1,current,moderate,1,131,93,82,96.0,4.3,181.0,31.0,122.0,151.0,16.8,0,0,0,0,0,4.316,2,High Risk
PAT-3850,45,male,184.6,61.7,18.1,never,low,0,108,66,87,187.0,7.1,160.0,60.0,91.0,97.0,16.2,0,0,0,0,0,2.366,1,Moderate Risk
PAT-4100,43,female,166.7,65.6,23.6,former,moderate,0,112,65,63,107.2,4.9,191.0,43.0,117.0,151.0,14.2,0,0,0,0,0,0.818,0,Low Risk
PAT-3037,46,male,170.9,55.8,19.1,current,high,0,126,84,58,94.7,4.8,210.0,52.0,133.0,126.0,14.8,0,0,1,0,0,1.443,1,Moderate Risk
PAT-1975,27,female,168.5,63.0,22.2,never,low,0,96,62,71,73.4,4.1,217.0,52.0,144.0,58.0,13.4,0,0,0,0,0,-1.566,0,Low Risk
PAT-1622,79,female,155.3,75.2,31.2,current,moderate,0,135,78,69,124.6,5.4,210.0,45.0,134.0,164.0,15.2,0,0,0,0,0,4.612,2,High Risk
PAT-1567,39,female,164.7,56.4,20.8,former,low,0,97,65,93,73.3,4.3,208.0,53.0,130.0,128.0,11.8,0,0,1,0,0,-0.845,0,Low Risk
PAT-2846,71,female,161.1,88.2,34.0,former,moderate,0,128,73,82,127.3,5.7,175.0,46.0,93.0,139.0,13.5,0,0,0,0,0,4.165,2,High Risk
PAT-2937,60,female,160.7,71.3,27.6,never,high,0,105,76,67,116.9,6.1,195.0,67.0,111.0,123.0,13.9,0,0,0,0,0,-0.036,0,Low Risk
PAT-1354,53,female,172.0,58.6,19.8,former,high,0,119,68,81,76.2,4.1,152.0,58.0,76.0,81.0,12.4,0,0,0,0,0,-1.938,0,Low Risk
PAT-1153,56,female,167.3,77.3,27.6,never,high,0,130,82,60,100.1,4.4,185.0,57.0,105.0,132.0,15.1,0,1,0,0,0,0.534,0,Low Risk
PAT-2169,65,male,170.3,75.4,26.0,current,moderate,0,111,68,71,128.8,5.5,238.0,41.0,179.0,108.0,14.9,0,0,0,0,0,4.749,2,High Risk
PAT-1806,56,male,173.4,52.6,17.5,never,low,0,114,74,76,103.4,5.3,220.0,51.0,142.0,86.0,16.0,0,0,0,0,0,1.864,1,Moderate Risk
PAT-3008,62,female,163.2,61.0,22.9,former,moderate,1,129,85,70,84.1,4.6,185.0,47.0,124.0,89.0,12.6,0,0,1,0,0,1.95,1,Moderate Risk
PAT-1141,71,female,162.3,72.4,27.5,never,low,0,110,71,79,93.3,5.1,180.0,51.0,115.0,63.0,14.4,0,0,1,0,0,1.177,0,Low Risk
PAT-3098,31,female,168.6,65.1,22.9,never,low,0,103,78,88,103.1,4.6,212.0,67.0,129.0,53.0,15.0,0,0,0,0,0,-0.5,0,Low Risk
PAT-3737,58,female,173.1,52.4,17.5,never,moderate,0,112,67,51,91.7,4.5,175.0,67.0,96.0,77.0,12.4,0,1,0,0,0,-0.896,0,Low Risk
PAT-2582,39,male,171.0,82.8,28.3,never,moderate,0,113,69,65,93.6,4.7,206.0,52.0,129.0,113.0,15.3,0,0,0,0,0,-2.144,0,Low Risk
PAT-3518,50,male,183.4,119.4,35.5,never,moderate,1,126,75,81,102.4,5.7,206.0,38.0,146.0,119.0,15.5,0,0,0,0,0,4.369,2,High Risk
PAT-2081,48,female,158.8,67.8,26.9,never,high,0,118,81,71,82.5,4.3,190.0,59.0,105.0,120.0,12.0,0,0,0,0,0,-0.597,0,Low Risk
PAT-1628,54,female,171.5,73.5,25.0,never,moderate,0,119,78,58,127.1,5.4,136.0,52.0,71.0,45.0,13.2,0,0,1,0,0,1.701,1,Moderate Risk
PAT-1454,46,female,154.0,85.9,36.2,never,moderate,0,109,78,61,124.0,5.2,163.0,41.0,91.0,155.0,14.5,0,0,0,0,0,1.176,0,Low Risk
PAT-3228,27,female,170.1,72.6,25.1,current,moderate,0,112,77,64,98.3,4.8,174.0,39.0,100.0,160.0,13.5,0,0,0,0,0,0.358,0,Low Risk
PAT-2562,22,female,174.4,76.3,25.1,current,high,0,110,70,71,67.7,4.4,172.0,50.0,102.0,114.0,14.2,0,0,0,0,0,-0.964,0,Low Risk
PAT-2145,53,female,164.4,67.6,25.0,former,moderate,0,96,77,65,116.6,5.2,172.0,46.0,106.0,125.0,11.9,0,0,1,0,0,1.159,0,Low Risk
PAT-4093,59,male,181.4,92.1,28.0,never,low,0,115,77,79,87.4,4.4,208.0,45.0,141.0,82.0,15.6,0,0,0,0,0,0.064,0,Low Risk
PAT-1601,40,female,170.1,81.0,28.0,never,moderate,0,107,70,67,116.6,5.5,227.0,61.0,131.0,143.0,14.4,0,0,1,0,0,2.067,1,Moderate Risk
PAT-3607,22,male,187.5,125.9,35.8,former,moderate,0,111,75,62,109.1,5.6,140.0,26.0,88.0,138.0,16.2,0,0,0,0,0,1.555,1,Moderate Risk
PAT-3313,60,male,176.6,114.1,36.6,never,moderate,0,130,72,67,106.7,5.3,176.0,52.0,110.0,91.0,15.8,0,0,0,0,1,1.468,1,Moderate Risk
PAT-1941,65,female,160.7,103.3,40.0,never,low,1,130,87,95,157.7,6.3,185.0,39.0,113.0,178.0,14.1,0,0,0,0,0,6.757,2,High Risk
PAT-1466,62,female,155.4,99.7,41.3,former,low,1,146,88,104,145.0,5.9,215.0,39.0,134.0,222.0,13.2,0,1,1,0,1,9.208,2,High Risk
PAT-3863,63,male,179.0,76.9,24.0,current,moderate,0,125,74,74,108.6,4.9,150.0,37.0,98.0,94.0,16.5,0,0,0,0,0,1.009,0,Low Risk
PAT-1942,62,male,175.2,133.2,43.4,former,moderate,1,143,96,89,119.7,5.2,195.0,38.0,131.0,131.0,16.8,0,0,0,0,1,4.575,2,High Risk
PAT-3009,66,female,156.5,62.9,25.7,former,low,0,148,89,72,122.5,5.5,203.0,50.0,139.0,89.0,14.8,0,0,0,0,0,3.881,2,High Risk
PAT-3593,54,female,169.4,80.6,28.1,current,moderate,0,128,85,69,117.1,6.0,156.0,47.0,81.0,167.0,13.8,0,0,0,0,1,4.371,2,High Risk
PAT-3868,60,female,156.2,47.3,19.4,never,high,1,113,68,70,159.9,5.7,208.0,58.0,128.0,139.0,12.9,0,0,0,0,0,3.979,2,High Risk
PAT-4019,61,male,171.5,119.7,40.7,never,low,1,137,89,83,249.5,8.4,202.0,33.0,131.0,204.0,12.7,0,1,0,0,0,11.622,2,High Risk
PAT-3907,37,female,170.4,69.7,24.0,never,moderate,1,101,62,73,74.1,4.9,152.0,46.0,96.0,45.0,13.7,0,0,0,0,0,-1.127,0,Low Risk
PAT-4015,68,female,176.1,77.5,25.0,former,low,1,109,69,94,113.4,5.7,201.0,56.0,132.0,104.0,12.1,0,0,0,0,0,3.758,2,High Risk
PAT-1327,64,female,156.4,55.3,22.6,never,moderate,0,133,76,63,101.2,4.7,153.0,54.0,95.0,59.0,13.4,0,0,0,0,0,-0.485,0,Low Risk
PAT-1422,50,male,176.3,57.5,18.5,never,moderate,0,95,72,64,110.3,5.3,153.0,51.0,95.0,66.0,13.3,0,0,0,0,0,0.007,0,Low Risk
PAT-1286,51,female,160.1,73.6,28.7,never,low,1,122,80,71,178.7,6.9,217.0,41.0,136.0,189.0,13.6,0,0,0,0,0,6.552,2,High Risk
PAT-3795,41,male,180.1,94.4,29.1,never,moderate,0,120,72,61,93.3,5.1,236.0,44.0,161.0,145.0,16.5,0,0,0,0,0,0.694,0,Low Risk
PAT-2459,62,male,178.5,112.5,35.3,never,low,1,135,86,84,122.0,5.5,225.0,54.0,153.0,121.0,13.9,1,0,0,0,0,5.935,2,High Risk
PAT-4139,49,female,164.4,47.3,17.5,former,low,0,90,62,70,103.8,5.1,182.0,58.0,102.0,120.0,12.7,0,0,0,0,0,-1.5,0,Low Risk
PAT-2661,51,female,160.1,76.6,29.9,never,low,0,119,80,73,96.2,4.4,132.0,53.0,61.0,77.0,13.8,0,0,1,0,0,0.16,0,Low Risk
PAT-3834,50,female,166.9,77.7,27.9,never,moderate,0,113,64,60,106.3,5.1,186.0,35.0,121.0,152.0,14.6,0,0,0,0,0,2.787,1,Moderate Risk
PAT-3935,74,male,179.9,74.8,23.1,current,moderate,0,141,92,84,104.4,4.8,171.0,28.0,126.0,106.0,14.4,0,0,0,0,0,4.646,2,High Risk
PAT-3733,41,male,178.3,81.7,25.7,current,low,0,134,88,81,91.2,5.0,142.0,36.0,73.0,145.0,16.2,0,0,0,0,0,2.91,1,Moderate Risk
PAT-4017,22,female,168.4,75.4,26.6,never,moderate,0,102,61,84,100.2,5.1,185.0,46.0,118.0,90.0,15.2,0,0,0,0,0,-1.095,0,Low Risk
PAT-2610,49,male,184.2,70.9,20.9,never,moderate,1,113,75,74,103.9,4.9,174.0,48.0,123.0,57.0,16.1,0,0,0,0,0,-0.541,0,Low Risk
PAT-1359,41,female,151.8,56.9,24.7,never,high,0,109,71,68,80.9,4.1,227.0,61.0,129.0,127.0,13.9,0,0,0,0,0,-1.026,0,Low Risk
PAT-1593,58,male,176.2,84.4,27.2,former,moderate,0,125,79,83,85.6,4.5,185.0,41.0,116.0,136.0,14.5,0,0,0,0,0,0.91,0,Low Risk
PAT-3297,73,female,166.5,95.9,34.6,former,low,1,153,87,89,104.2,5.1,252.0,61.0,159.0,106.0,14.7,0,1,1,0,0,6.273,2,High Risk
PAT-2682,40,female,164.7,83.8,30.9,never,moderate,0,118,87,68,117.3,5.5,213.0,49.0,136.0,102.0,13.7,0,0,1,0,0,1.794,1,Moderate Risk
PAT-1773,67,male,185.2,127.6,37.2,former,moderate,0,144,95,78,120.7,5.5,189.0,49.0,109.0,161.0,16.3,0,0,0,0,0,3.108,1,Moderate Risk
PAT-2415,66,female,159.8,51.8,20.3,never,moderate,1,127,83,65,67.5,4.1,209.0,56.0,122.0,116.0,12.5,0,0,1,0,0,0.543,0,Low Risk
PAT-1321,61,male,164.1,62.5,23.2,former,moderate,0,119,81,66,92.6,5.0,151.0,44.0,100.0,64.0,13.6,0,0,0,0,0,-0.783,0,Low Risk
PAT-2734,64,male,172.8,111.1,37.2,former,high,0,144,93,69,105.1,4.8,218.0,48.0,142.0,128.0,14.2,0,0,0,0,0,4.388,2,High Risk
PAT-1972,65,female,164.5,97.7,36.1,former,moderate,0,145,88,73,122.8,5.4,210.0,45.0,130.0,212.0,11.5,0,0,1,0,0,4.643,2,High Risk
PAT-3824,52,female,162.9,78.8,29.7,never,moderate,0,100,81,73,95.2,4.4,176.0,54.0,97.0,122.0,13.3,0,0,0,0,0,0.434,0,Low Risk
PAT-3362,32,female,165.6,61.2,22.3,never,low,1,131,77,71,78.4,4.4,174.0,50.0,101.0,81.0,13.2,0,1,0,0,0,2.314,1,Moderate Risk
PAT-3641,50,male,169.8,69.5,24.1,current,low,0,103,65,71,105.4,4.8,152.0,48.0,79.0,135.0,16.1,1,0,0,0,0,0.624,0,Low Risk
PAT-4079,50,female,155.9,95.3,39.2,never,moderate,0,119,82,73,95.1,4.7,280.0,40.0,192.0,180.0,13.4,0,0,0,0,1,3.392,1,Moderate Risk
PAT-1719,52,male,173.7,59.1,19.6,current,low,0,112,71,82,98.3,4.7,157.0,48.0,96.0,98.0,17.2,0,1,0,0,0,1.956,1,Moderate Risk
PAT-2497,70,male,173.2,83.1,27.7,former,low,1,140,80,76,91.4,4.8,208.0,40.0,153.0,102.0,13.1,0,0,0,0,0,3.308,1,Moderate Risk
PAT-2853,66,male,171.9,82.1,27.8,never,high,1,124,75,79,199.2,7.4,242.0,61.0,134.0,180.0,13.6,1,0,0,0,0,6.304,2,High Risk
PAT-3200,78,male,174.1,112.8,37.2,never,moderate,0,134,86,76,125.8,5.0,243.0,25.0,199.0,83.0,16.8,0,0,0,0,1,5.455,2,High Risk
PAT-2184,39,female,171.4,85.8,29.2,never,low,1,122,71,84,117.4,5.4,206.0,50.0,114.0,173.0,12.5,0,0,0,0,1,2.88,1,Moderate Risk
PAT-2733,49,male,174.2,103.8,34.2,current,high,0,141,89,91,109.4,5.3,167.0,52.0,93.0,155.0,15.7,0,0,0,0,0,4.022,2,High Risk
PAT-2633,67,male,185.9,122.0,35.3,never,high,1,120,80,75,114.9,5.8,214.0,45.0,152.0,81.0,15.4,0,0,0,0,0,3.11,1,Moderate Risk
PAT-3118,22,male,177.5,71.5,22.7,never,high,1,110,71,60,84.9,4.9,189.0,48.0,112.0,108.0,15.3,0,0,0,0,0,0.135,0,Low Risk
PAT-2892,47,male,173.4,85.7,28.5,never,low,0,125,93,72,78.6,5.0,174.0,39.0,108.0,159.0,16.1,0,0,0,1,1,1.535,1,Moderate Risk
PAT-2879,42,female,161.3,63.0,24.2,never,moderate,1,118,82,57,99.5,5.1,180.0,40.0,115.0,140.0,12.6,0,0,0,0,0,0.723,0,Low Risk
PAT-2059,48,female,159.7,55.9,21.9,never,high,0,110,75,77,121.2,5.5,174.0,53.0,98.0,110.0,12.3,0,0,0,0,0,-0.465,0,Low Risk
PAT-1386,58,male,168.1,111.3,39.4,former,low,1,121,77,85,128.0,5.2,203.0,37.0,143.0,123.0,16.0,0,0,0,0,1,4.848,2,High Risk
PAT-1572,58,male,186.1,84.2,24.3,current,low,1,135,87,87,106.1,5.5,162.0,44.0,100.0,100.0,16.1,0,1,0,0,0,4.83,2,High Risk
PAT-1670,70,male,175.8,78.2,25.3,never,moderate,0,134,72,71,102.3,4.8,241.0,54.0,160.0,130.0,15.6,0,0,0,0,0,1.324,1,Moderate Risk
PAT-1260,40,male,187.6,137.6,39.1,current,low,0,132,91,83,101.9,4.5,234.0,33.0,162.0,158.0,16.8,0,1,0,0,0,5.356,2,High Risk
PAT-2101,22,male,165.6,100.1,36.5,former,low,0,126,72,94,115.3,5.3,211.0,32.0,160.0,116.0,14.4,0,0,0,0,0,3.85,2,High Risk
PAT-3658,55,female,159.5,56.2,22.1,never,low,0,124,82,68,108.5,5.2,180.0,55.0,119.0,45.0,12.4,0,0,0,0,0,1.41,1,Moderate Risk
PAT-3178,81,female,159.4,78.0,30.7,never,low,1,148,84,84,112.0,4.7,181.0,41.0,117.0,97.0,13.5,0,0,0,0,0,4.681,2,High Risk
PAT-1687,48,male,179.5,72.8,22.6,former,moderate,0,110,72,83,89.5,5.0,190.0,51.0,110.0,108.0,14.1,0,0,0,1,0,0.81,0,Low Risk
PAT-4151,48,male,170.1,95.2,32.9,never,low,1,115,70,75,176.4,6.8,244.0,45.0,164.0,144.0,16.0,0,0,1,0,0,6.927,2,High Risk
PAT-2705,50,male,175.9,96.5,31.2,never,high,1,129,83,60,124.3,6.2,228.0,47.0,147.0,144.0,15.2,0,0,0,0,0,3.661,2,High Risk
PAT-1090,54,male,159.9,70.3,27.5,former,moderate,0,109,70,78,109.2,5.0,151.0,41.0,95.0,102.0,16.1,0,0,0,0,0,-1.356,0,Low Risk
PAT-3923,52,male,171.7,59.8,20.3,former,low,0,91,64,75,65.1,4.1,173.0,59.0,105.0,62.0,14.5,0,1,0,0,0,-0.957,0,Low Risk
PAT-1580,58,male,169.5,129.6,45.1,former,moderate,0,133,85,75,121.4,5.7,179.0,35.0,108.0,147.0,14.2,0,0,0,0,0,5.089,2,High Risk
PAT-3851,65,male,179.7,95.6,29.6,former,high,1,120,78,62,83.4,5.0,203.0,47.0,133.0,112.0,14.4,1,0,0,0,0,2.237,1,Moderate Risk
PAT-2865,30,male,180.7,115.9,35.5,current,low,1,138,88,79,111.4,5.1,232.0,38.0,156.0,166.0,16.3,0,0,0,1,0,5.898,2,High Risk
PAT-2922,38,female,159.7,94.6,37.1,former,moderate,0,118,82,75,112.4,5.4,201.0,49.0,109.0,210.0,13.3,0,0,0,0,0,0.282,0,Low Risk
PAT-1516,60,male,174.7,83.6,27.4,former,moderate,0,123,79,74,104.2,4.6,234.0,43.0,156.0,157.0,16.7,0,0,0,0,0,1.916,1,Moderate Risk
PAT-3592,52,female,170.1,101.3,35.0,former,moderate,0,127,68,65,107.2,4.8,232.0,43.0,146.0,158.0,14.0,0,0,0,0,0,2.341,1,Moderate Risk
PAT-1357,49,male,179.2,70.6,22.0,never,moderate,1,101,65,74,65.3,4.1,222.0,57.0,128.0,116.0,14.6,0,1,0,0,0,-0.483,0,Low Risk
PAT-2737,38,female,153.0,83.3,35.6,never,low,1,108,65,100,112.6,5.2,179.0,46.0,103.0,124.0,13.4,0,0,1,0,0,2.562,1,Moderate Risk
PAT-2301,67,female,146.6,79.9,37.2,never,low,0,123,79,94,119.4,5.0,211.0,52.0,135.0,168.0,12.8,0,0,0,0,0,4.918,2,High Risk
PAT-2256,76,male,189.4,102.6,28.6,former,low,1,128,76,69,117.3,5.5,232.0,34.0,169.0,103.0,15.6,0,0,0,0,0,5.641,2,High Risk
PAT-2313,61,female,158.1,89.2,35.7,current,low,1,134,93,74,117.6,4.9,146.0,38.0,75.0,181.0,13.5,0,0,0,0,0,6.479,2,High Risk
PAT-1548,58,male,171.8,70.0,23.7,never,low,1,112,90,61,138.8,5.7,247.0,54.0,163.0,105.0,17.0,0,0,1,0,0,5.446,2,High Risk
PAT-3285,59,female,154.3,79.8,33.5,former,moderate,0,137,86,62,106.8,5.6,178.0,51.0,111.0,135.0,13.7,0,0,0,0,0,2.135,1,Moderate Risk
PAT-2090,52,female,169.0,78.5,27.5,never,low,0,126,87,62,89.7,4.9,127.0,50.0,52.0,140.0,14.1,0,0,0,0,0,-0.452,0,Low Risk
PAT-1404,47,female,160.3,109.7,42.7,never,moderate,1,133,89,81,116.0,5.4,233.0,34.0,161.0,179.0,15.0,0,0,0,0,0,3.747,2,High Risk
PAT-1571,76,female,170.2,74.2,25.6,former,low,0,142,79,83,106.3,5.0,216.0,46.0,139.0,142.0,12.6,0,0,0,0,0,2.773,1,Moderate Risk
PAT-3040,43,male,169.3,120.7,42.1,never,moderate,0,123,84,68,96.2,5.0,203.0,44.0,119.0,161.0,14.1,0,0,0,0,0,2.475,1,Moderate Risk
PAT-2521,61,male,177.9,95.6,30.2,never,moderate,0,124,84,70,118.4,5.2,209.0,36.0,139.0,124.0,14.0,0,0,0,0,0,2.025,1,Moderate Risk
PAT-3024,22,male,181.0,66.2,20.2,never,low,0,113,75,49,80.6,4.4,183.0,59.0,111.0,86.0,12.2,0,0,0,0,0,-1.898,0,Low Risk
PAT-3701,68,female,168.4,77.1,27.2,never,moderate,0,134,86,77,85.6,4.6,206.0,57.0,112.0,139.0,12.9,0,0,0,0,0,0.928,0,Low Risk
PAT-1076,54,female,162.1,46.0,17.5,never,low,1,111,79,91,170.9,6.4,237.0,59.0,141.0,133.0,12.3,0,0,0,0,0,5.811,2,High Risk
PAT-2297,49,male,181.1,91.8,28.0,never,high,1,118,76,70,108.0,4.7,200.0,53.0,136.0,97.0,14.8,0,0,0,0,0,3.042,1,Moderate Risk
PAT-1391,60,female,165.2,104.8,38.4,former,moderate,1,128,85,72,133.9,5.2,236.0,30.0,163.0,206.0,14.4,1,0,0,0,0,7.861,2,High Risk
PAT-2650,61,male,188.1,112.5,31.8,current,high,0,123,78,80,94.8,5.3,199.0,33.0,133.0,127.0,15.7,0,0,0,0,0,3.217,1,Moderate Risk
PAT-1158,36,male,184.9,73.2,21.4,never,moderate,0,101,72,56,86.5,4.1,126.0,41.0,48.0,140.0,15.3,0,0,0,0,0,-3.533,0,Low Risk
PAT-2788,57,female,166.5,59.0,21.3,never,low,0,123,68,75,113.7,5.0,175.0,63.0,92.0,117.0,13.6,0,0,0,0,0,0.351,0,Low Risk
PAT-1332,54,female,171.0,134.5,46.0,never,high,1,155,92,83,127.0,5.4,233.0,60.0,139.0,159.0,12.0,0,1,0,0,1,6.511,2,High Risk
PAT-2966,50,male,174.5,91.7,30.1,never,moderate,0,144,88,62,93.6,4.8,207.0,46.0,126.0,111.0,16.1,1,0,0,0,0,3.776,2,High Risk
PAT-2085,59,male,169.7,76.6,26.6,former,low,1,106,73,73,113.3,5.2,170.0,55.0,98.0,128.0,15.9,0,0,0,0,0,2.179,1,Moderate Risk
PAT-1034,65,male,175.7,95.1,30.8,former,low,0,120,69,78,114.9,5.2,144.0,33.0,79.0,177.0,16.2,0,0,0,0,0,3.23,1,Moderate Risk
PAT-2499,61,male,179.9,86.7,26.8,current,high,1,111,69,79,114.0,5.3,266.0,54.0,178.0,134.0,16.9,0,0,0,0,0,5.349,2,High Risk
PAT-2308,68,female,170.6,98.7,33.9,never,low,0,113,81,75,127.2,5.1,221.0,55.0,151.0,64.0,12.9,0,0,0,0,0,3.537,1,Moderate Risk
PAT-3785,48,male,172.8,64.8,21.7,never,moderate,1,104,64,78,67.9,4.3,156.0,37.0,96.0,104.0,14.3,0,0,0,0,0,-0.766,0,Low Risk
PAT-2570,64,male,183.5,122.9,36.5,never,moderate,0,146,91,61,123.5,5.3,208.0,45.0,135.0,132.0,15.4,0,0,0,0,0,3.99,2,High Risk
PAT-2068,46,female,155.8,84.7,34.9,never,low,1,137,73,89,113.6,5.4,232.0,65.0,142.0,177.0,12.9,0,0,1,0,0,4.947,2,High Risk
PAT-3589,52,male,181.6,90.7,27.5,former,low,0,128,81,77,82.6,4.2,158.0,25.0,99.0,149.0,15.3,0,0,0,0,0,2.195,1,Moderate Risk
PAT-4183,48,female,164.0,78.5,29.2,current,low,0,121,81,79,101.7,4.7,203.0,50.0,132.0,77.0,12.9,0,0,0,0,0,2.229,1,Moderate Risk
PAT-3071,70,male,171.5,80.3,27.3,never,low,0,120,72,61,134.3,6.2,186.0,46.0,109.0,166.0,16.0,1,0,0,0,0,5.599,2,High Risk
PAT-3091,57,male,188.1,113.2,32.0,former,moderate,0,133,102,72,106.5,5.2,158.0,34.0,120.0,48.0,14.1,0,0,0,0,0,2.954,1,Moderate Risk
PAT-2821,54,male,161.2,90.9,35.0,former,high,0,134,76,70,106.5,5.3,196.0,44.0,132.0,87.0,15.1,0,1,0,0,0,3.176,1,Moderate Risk
PAT-3831,40,male,184.3,81.9,24.1,never,moderate,0,120,81,68,65.0,4.1,211.0,46.0,134.0,124.0,14.1,0,0,0,0,0,-2.357,0,Low Risk
PAT-3749,50,female,158.5,53.0,21.1,never,low,0,120,74,75,119.2,5.9,171.0,64.0,99.0,72.0,11.6,0,0,1,0,0,1.366,1,Moderate Risk
PAT-1664,43,female,171.8,88.0,29.8,current,low,0,128,75,82,118.2,5.7,156.0,48.0,105.0,45.0,13.7,0,0,0,0,0,2.021,1,Moderate Risk
PAT-2087,56,male,187.7,88.8,25.2,former,low,1,128,78,73,101.5,5.1,164.0,36.0,108.0,120.0,14.4,0,0,0,0,0,2.862,1,Moderate Risk
PAT-2760,76,male,160.3,86.6,33.7,never,low,1,162,93,87,144.8,6.5,247.0,48.0,170.0,112.0,15.0,0,0,0,0,0,6.989,2,High Risk
PAT-3881,23,male,183.3,58.8,17.5,never,moderate,0,94,76,69,243.5,8.8,136.0,32.0,94.0,73.0,15.9,0,0,0,0,0,4.513,2,High Risk
PAT-2580,56,female,154.1,88.6,37.3,never,moderate,0,119,84,79,112.0,5.2,219.0,46.0,142.0,125.0,11.2,0,0,0,0,0,1.164,0,Low Risk
PAT-3605,50,male,166.7,54.5,19.6,former,low,0,100,66,67,86.0,4.3,164.0,44.0,104.0,45.0,16.4,0,1,0,0,0,2.403,1,Moderate Risk
PAT-3237,40,male,166.3,75.2,27.2,never,low,0,120,85,80,102.6,5.4,201.0,49.0,123.0,86.0,17.6,0,0,0,0,0,1.929,1,Moderate Risk
PAT-1514,45,male,178.0,130.2,41.1,never,low,1,133,85,96,128.7,5.6,199.0,33.0,130.0,156.0,13.2,0,0,0,0,0,6.448,2,High Risk
PAT-3780,65,female,159.2,85.7,33.8,never,moderate,0,126,76,64,91.2,4.8,177.0,33.0,103.0,194.0,13.9,0,0,0,0,0,3.186,1,Moderate Risk
PAT-3643,44,female,156.3,59.6,24.4,never,low,0,123,76,73,89.6,5.0,204.0,59.0,128.0,105.0,14.3,0,1,0,0,0,-0.212,0,Low Risk
PAT-2148,75,male,175.9,125.3,40.5,former,moderate,1,141,88,71,95.1,5.3,216.0,37.0,167.0,115.0,15.8,0,0,0,0,0,5.035,2,High Risk
PAT-1833,42,male,180.1,120.7,37.2,never,moderate,0,141,81,86,127.1,5.5,198.0,41.0,121.0,141.0,14.8,0,0,0,0,0,2.281,1,Moderate Risk
PAT-2475,62,male,176.2,59.3,19.1,former,moderate,1,111,75,54,76.1,4.1,198.0,43.0,133.0,66.0,14.9,0,0,0,0,0,0.587,0,Low Risk
PAT-2486,33,male,181.7,75.6,22.9,former,high,0,94,66,66,103.2,5.2,152.0,37.0,103.0,69.0,14.4,0,0,0,0,0,-1.084,0,Low Risk
PAT-2031,30,male,179.6,61.9,19.2,never,moderate,0,110,68,71,195.9,7.8,184.0,47.0,98.0,187.0,13.7,0,0,0,1,0,4.005,2,High Risk
PAT-4153,48,male,166.4,72.3,26.1,never,moderate,1,116,77,75,172.7,6.8,159.0,33.0,121.0,45.0,14.8,0,0,0,0,0,5.245,2,High Risk
PAT-1183,60,female,160.0,69.4,27.1,never,moderate,1,123,88,76,88.1,4.8,177.0,53.0,102.0,120.0,13.4,0,0,0,0,0,0.955,0,Low Risk
PAT-2926,22,male,172.9,80.4,26.9,former,moderate,0,112,65,70,122.2,5.4,180.0,50.0,99.0,145.0,14.6,0,0,0,0,0,1.76,1,Moderate Risk
PAT-1788,52,male,183.5,109.8,32.6,never,low,0,130,78,81,101.3,5.0,208.0,31.0,147.0,174.0,15.8,0,0,0,0,0,4.611,2,High Risk
PAT-3169,60,male,179.3,100.9,31.4,current,moderate,0,125,85,68,110.3,5.3,200.0,49.0,118.0,125.0,14.9,0,0,0,0,1,1.785,1,Moderate Risk
PAT-2243,39,male,176.7,136.8,43.8,never,low,0,121,78,70,131.2,5.5,185.0,41.0,101.0,179.0,14.6,0,0,1,0,0,4.086,2,High Risk
PAT-1966,44,male,181.0,69.1,21.1,never,moderate,0,98,70,68,78.2,4.7,162.0,53.0,77.0,139.0,13.2,0,0,1,0,0,-2.325,0,Low Risk
PAT-3405,72,male,167.7,90.6,32.2,never,moderate,0,120,77,63,125.5,5.6,252.0,45.0,180.0,131.0,15.7,0,0,0,0,0,4.557,2,High Risk
PAT-4045,24,female,163.2,46.6,17.5,current,moderate,1,106,78,75,66.8,4.6,183.0,57.0,94.0,115.0,13.3,1,0,0,0,0,0.965,0,Low Risk
PAT-4002,47,female,166.4,84.7,30.6,never,moderate,1,102,62,85,89.6,4.8,186.0,49.0,107.0,129.0,14.7,0,0,0,0,1,0.705,0,Low Risk
PAT-4199,59,female,167.3,70.5,25.2,current,low,0,138,81,86,94.0,4.8,183.0,39.0,124.0,110.0,13.3,0,0,1,0,0,3.342,1,Moderate Risk
PAT-2720,60,female,158.2,56.6,22.6,former,moderate,0,128,71,84,116.1,4.8,185.0,60.0,97.0,137.0,13.1,0,0,0,0,1,1.583,1,Moderate Risk
PAT-3291,67,female,159.5,82.4,32.4,current,low,1,141,86,75,134.1,5.5,255.0,38.0,173.0,204.0,12.2,0,0,1,0,0,8.476,2,High Risk
PAT-1965,73,male,177.9,100.3,31.7,former,low,1,146,84,82,127.4,5.5,223.0,49.0,147.0,150.0,15.4,0,0,0,0,0,7.244,2,High Risk
PAT-1435,54,female,165.9,89.7,32.6,current,low,1,141,86,82,131.8,4.9,232.0,38.0,167.0,159.0,14.6,0,1,0,0,0,7.886,2,High Risk
PAT-1149,57,female,160.8,118.9,46.0,never,high,0,137,86,78,120.7,5.7,172.0,38.0,102.0,150.0,14.3,0,0,0,0,0,2.881,1,Moderate Risk
PAT-1612,57,male,185.7,96.2,27.9,never,low,0,123,78,70,94.3,4.8,168.0,58.0,84.0,131.0,16.8,0,0,0,0,0,0.638,0,Low Risk
PAT-1873,43,female,159.4,70.4,27.7,never,low,0,94,66,63,83.8,4.1,187.0,43.0,116.0,48.0,12.8,0,0,0,0,0,-1.523,0,Low Risk
PAT-3625,41,female,169.7,77.5,26.9,never,high,1,118,80,71,217.7,7.6,191.0,57.0,109.0,196.0,13.9,0,0,0,0,0,7.257,2,High Risk
PAT-2177,52,female,157.1,65.6,26.6,never,high,0,119,71,74,90.6,5.0,188.0,56.0,102.0,114.0,12.8,0,0,0,0,0,-0.498,0,Low Risk
PAT-3010,30,male,167.0,76.4,27.4,current,high,0,114,80,82,113.3,5.3,204.0,49.0,132.0,114.0,13.8,0,1,0,0,0,2.628,1,Moderate Risk
PAT-4030,22,male,175.3,53.8,17.5,current,moderate,1,104,70,70,83.4,4.2,209.0,48.0,144.0,90.0,15.7,0,1,0,0,1,-0.457,0,Low Risk
PAT-3029,46,male,170.3,71.9,24.8,former,low,0,133,88,81,93.8,5.3,217.0,59.0,123.0,198.0,15.1,0,0,1,0,0,4.299,2,High Risk
PAT-1341,56,female,156.4,63.6,26.0,never,low,0,115,82,64,93.2,4.4,182.0,58.0,100.0,107.0,12.7,0,0,0,0,0,0.285,0,Low Risk
PAT-3646,48,female,155.9,53.7,22.1,never,moderate,0,119,77,74,65.0,4.1,186.0,65.0,98.0,99.0,13.5,0,0,0,0,0,-4.613,0,Low Risk
PAT-2011,56,female,161.6,62.2,23.8,never,moderate,1,124,78,84,107.7,5.2,185.0,65.0,113.0,62.0,13.1,0,0,0,0,0,-0.581,0,Low Risk
PAT-2481,48,male,175.3,66.1,21.5,current,high,0,130,81,89,91.4,4.3,204.0,41.0,140.0,111.0,15.3,0,0,0,0,0,1.281,1,Moderate Risk
PAT-2690,61,female,165.8,91.3,33.2,never,high,0,155,94,60,129.2,5.7,197.0,55.0,116.0,164.0,13.2,0,0,0,0,0,4.667,2,High Risk
PAT-1676,37,female,170.5,65.4,22.5,never,low,0,100,63,66,65.0,4.1,166.0,53.0,88.0,102.0,12.0,0,0,0,0,0,-0.998,0,Low Risk
PAT-2064,48,male,184.4,83.0,24.4,former,low,0,121,79,77,162.7,6.2,186.0,51.0,104.0,110.0,15.3,0,0,0,0,0,6.127,2,High Risk
PAT-3833,49,male,173.8,122.6,40.6,former,moderate,0,140,92,72,169.9,6.3,219.0,47.0,139.0,159.0,17.7,0,0,0,0,1,7.023,2,High Risk
PAT-1439,52,female,165.9,53.9,19.6,never,moderate,0,102,66,68,84.2,4.5,168.0,61.0,87.0,66.0,12.7,0,0,0,0,0,-2.718,0,Low Risk
PAT-2143,55,female,154.4,79.4,33.3,former,moderate,0,123,75,71,107.7,5.5,236.0,58.0,151.0,151.0,13.2,0,0,0,1,0,3.422,1,Moderate Risk
PAT-2128,52,female,158.0,65.9,26.4,never,moderate,0,134,71,86,79.0,4.2,183.0,42.0,115.0,128.0,13.9,0,0,0,0,0,0.902,0,Low Risk
PAT-3350,68,female,164.7,77.0,28.4,never,low,0,115,76,78,112.8,5.5,180.0,47.0,111.0,137.0,12.9,0,0,0,0,0,2.604,1,Moderate Risk
PAT-1937,63,female,159.1,61.3,24.2,never,high,0,117,67,73,82.4,4.4,166.0,59.0,87.0,45.0,13.6,0,0,0,0,0,-1.355,0,Low Risk
PAT-2096,54,female,155.1,58.0,24.1,former,moderate,0,126,74,74,98.2,5.0,212.0,40.0,150.0,131.0,13.6,0,0,0,0,0,1.414,1,Moderate Risk
PAT-2333,74,male,167.9,55.0,19.5,never,high,0,119,76,75,87.1,5.0,184.0,45.0,127.0,93.0,13.6,0,0,0,0,0,1.41,1,Moderate Risk
PAT-3494,35,female,159.1,63.8,25.2,never,high,0,120,71,86,74.3,4.6,165.0,56.0,102.0,66.0,12.8,0,0,0,0,1,-1.705,0,Low Risk
PAT-1881,46,male,171.7,59.3,20.1,former,moderate,0,122,82,60,80.6,4.2,156.0,48.0,92.0,65.0,16.2,0,0,0,0,0,-0.633,0,Low Risk
PAT-1728,45,male,181.5,113.7,34.5,former,high,1,135,86,69,107.9,4.8,193.0,55.0,123.0,102.0,16.3,0,0,0,1,0,3.047,1,Moderate Risk
PAT-1050,58,female,160.8,45.2,17.5,never,low,0,103,80,78,120.0,4.9,176.0,62.0,100.0,79.0,15.1,0,0,1,0,0,-0.89,0,Low Risk
PAT-1197,55,male,178.8,87.9,27.5,former,low,0,109,74,75,93.0,4.1,171.0,41.0,110.0,100.0,13.2,0,0,0,0,0,2.363,1,Moderate Risk
PAT-2359,56,female,166.4,72.0,26.0,former,low,0,124,78,78,103.4,5.0,197.0,40.0,134.0,105.0,14.1,0,0,1,0,0,3.841,2,High Risk
PAT-4122,60,male,185.9,84.7,24.5,never,moderate,0,126,88,69,108.3,4.9,174.0,48.0,97.0,158.0,18.1,0,0,0,0,0,2.019,1,Moderate Risk
PAT-1678,66,female,163.6,80.8,30.2,former,high,0,123,73,80,114.2,4.7,173.0,56.0,94.0,106.0,12.3,0,0,0,0,0,1.267,1,Moderate Risk
PAT-2826,38,female,158.0,70.1,28.1,never,moderate,0,119,69,81,85.6,5.0,176.0,45.0,109.0,90.0,12.5,0,0,1,0,0,-1.158,0,Low Risk
PAT-1120,64,male,162.7,77.3,29.2,never,high,0,130,81,67,102.7,5.3,146.0,57.0,77.0,94.0,15.9,0,0,0,0,0,0.654,0,Low Risk
PAT-3779,60,male,181.2,73.9,22.5,former,moderate,1,108,77,77,114.9,5.2,192.0,48.0,116.0,100.0,14.3,0,0,0,0,0,3.954,2,High Risk
PAT-1982,39,female,172.7,80.8,27.1,never,moderate,0,123,77,71,71.2,4.4,199.0,69.0,106.0,75.0,13.3,0,0,0,0,0,-1.847,0,Low Risk
PAT-2454,61,male,172.6,92.9,31.2,never,moderate,0,137,106,63,106.4,5.3,228.0,49.0,137.0,217.0,15.0,0,0,0,0,0,2.919,1,Moderate Risk
PAT-2622,66,female,152.1,89.1,38.5,never,moderate,0,132,83,76,130.4,5.8,143.0,35.0,83.0,104.0,13.6,0,0,1,0,0,1.802,1,Moderate Risk
PAT-1223,30,male,191.6,87.0,23.7,never,low,0,104,67,62,96.1,4.3,165.0,38.0,83.0,176.0,15.7,0,0,1,0,0,-0.789,0,Low Risk
PAT-2787,42,male,176.7,69.0,22.1,never,moderate,0,116,68,70,101.0,4.6,198.0,52.0,124.0,114.0,16.2,0,0,0,0,0,-1.66,0,Low Risk
PAT-2985,60,male,168.2,92.5,32.7,never,moderate,0,107,74,89,126.4,5.4,204.0,50.0,129.0,159.0,13.9,0,0,1,0,0,4.04,2,High Risk
PAT-2646,50,male,183.4,107.3,31.9,never,low,0,117,86,75,109.4,5.4,217.0,43.0,146.0,131.0,15.4,0,0,0,0,0,1.748,1,Moderate Risk
PAT-3461,63,female,168.9,113.3,39.7,current,moderate,0,136,85,77,114.9,4.9,205.0,40.0,141.0,136.0,12.8,1,1,0,0,0,5.308,2,High Risk
PAT-2525,68,male,172.9,70.8,23.7,former,low,0,125,91,83,107.6,4.8,176.0,45.0,110.0,112.0,15.7,0,0,0,0,0,2.279,1,Moderate Risk
PAT-1365,47,male,178.2,101.0,31.8,never,low,0,131,85,80,112.2,5.0,162.0,46.0,95.0,92.0,16.4,1,0,1,0,0,4.055,2,High Risk
PAT-3735,46,female,161.2,80.8,31.1,current,moderate,0,122,74,72,103.7,5.3,200.0,38.0,124.0,180.0,13.9,0,0,1,0,0,3.726,2,High Risk
PAT-3007,42,female,161.4,66.7,25.6,former,moderate,1,119,76,69,74.5,4.4,187.0,47.0,115.0,153.0,15.9,0,0,0,0,0,2.049,1,Moderate Risk
PAT-2740,52,male,169.6,109.9,38.2,current,high,1,137,99,70,84.5,4.4,203.0,45.0,127.0,159.0,15.4,0,0,0,0,0,3.593,1,Moderate Risk
PAT-3609,71,male,187.6,131.3,37.3,never,low,0,126,84,71,94.2,4.9,181.0,48.0,111.0,140.0,14.7,0,0,0,1,0,2.954,1,Moderate Risk
PAT-1217,50,male,159.8,79.2,31.0,never,moderate,0,122,74,65,105.8,4.7,182.0,41.0,119.0,98.0,16.5,0,0,0,0,0,1.973,1,Moderate Risk
PAT-2239,76,female,169.3,72.5,25.3,never,moderate,1,121,68,63,91.7,4.1,214.0,45.0,150.0,76.0,14.0,0,0,0,0,0,1.768,1,Moderate Risk
PAT-3871,59,male,161.0,86.8,33.5,current,moderate,1,121,79,78,92.9,4.7,227.0,37.0,142.0,195.0,16.0,0,0,0,0,0,4.041,2,High Risk
PAT-2604,46,male,180.4,85.9,26.4,current,high,0,116,76,73,123.6,6.0,183.0,31.0,117.0,143.0,13.0,0,0,0,0,0,2.588,1,Moderate Risk
PAT-3225,71,female,171.8,94.7,32.1,former,high,0,141,95,69,108.1,5.1,208.0,41.0,133.0,127.0,13.0,0,0,0,0,0,3.735,2,High Risk
PAT-1994,39,female,164.3,109.9,40.7,never,moderate,1,128,89,67,98.9,5.2,147.0,48.0,67.0,131.0,14.8,0,1,0,0,0,3.014,1,Moderate Risk
PAT-3642,41,female,163.7,46.9,17.5,never,low,1,114,72,78,105.0,4.9,146.0,63.0,86.0,80.0,13.5,0,0,0,0,0,-0.013,0,Low Risk
PAT-2616,57,female,160.4,94.2,36.6,never,high,0,137,83,72,152.6,6.0,186.0,51.0,108.0,147.0,14.0,0,0,0,0,0,3.844,2,High Risk
PAT-3093,37,female,162.5,46.2,17.5,never,low,0,97,58,73,101.6,4.9,215.0,49.0,161.0,45.0,12.6,0,0,0,0,0,-0.886,0,Low Risk
PAT-2466,76,female,157.5,91.0,36.7,never,high,0,157,89,63,132.2,5.4,236.0,66.0,154.0,103.0,13.9,0,0,0,0,0,4.302,2,High Risk
PAT-3685,57,female,165.9,88.1,32.0,never,low,0,113,79,73,117.0,5.4,221.0,40.0,152.0,170.0,12.6,0,0,0,0,0,2.598,1,Moderate Risk
PAT-1268,47,male,187.1,127.1,36.3,never,high,0,128,90,69,91.9,4.9,212.0,54.0,140.0,106.0,16.0,0,0,0,0,0,2.853,1,Moderate Risk
PAT-1738,76,female,165.5,82.2,30.0,never,low,0,126,84,79,99.7,5.4,193.0,37.0,122.0,105.0,13.5,0,0,1,0,0,3.55,1,Moderate Risk
PAT-3449,43,female,166.9,60.4,21.7,never,low,0,110,70,72,76.3,4.8,194.0,53.0,122.0,118.0,13.8,0,0,1,0,0,-0.962,0,Low Risk
PAT-4178,67,female,167.0,98.2,35.2,never,low,0,133,81,58,113.7,5.4,196.0,57.0,110.0,181.0,13.7,0,0,0,0,0,3.075,1,Moderate Risk
PAT-1560,57,male,182.4,81.2,24.4,never,moderate,0,131,83,80,109.8,4.9,150.0,33.0,97.0,104.0,15.6,0,0,0,0,0,1.331,1,Moderate Risk
PAT-2662,23,male,180.0,67.4,20.8,current,low,0,102,71,81,119.1,5.3,155.0,32.0,93.0,147.0,17.0,0,0,0,0,0,1.556,1,Moderate Risk
PAT-1733,29,male,178.4,97.7,30.7,former,moderate,0,90,65,87,92.1,4.8,168.0,37.0,118.0,86.0,15.7,0,0,0,0,0,-1.681,0,Low Risk
PAT-3196,59,male,174.5,117.8,38.7,never,low,1,114,75,67,133.5,6.2,186.0,44.0,105.0,164.0,13.7,0,0,1,0,0,4.872,2,High Risk
PAT-2149,41,male,183.2,91.0,27.1,former,moderate,1,119,75,91,110.7,5.1,191.0,43.0,125.0,128.0,15.0,0,1,1,1,0,4.911,2,High Risk
PAT-3142,55,female,159.6,85.8,33.7,never,moderate,1,122,76,76,102.7,5.0,177.0,57.0,77.0,184.0,12.7,0,0,0,0,0,1.335,1,Moderate Risk
PAT-2765,41,male,178.1,74.2,23.4,never,moderate,0,104,72,67,66.4,4.1,214.0,44.0,142.0,148.0,14.7,0,0,0,0,1,0.993,0,Low Risk
PAT-1843,58,male,185.8,88.4,25.6,never,low,0,118,80,75,116.2,5.2,154.0,45.0,85.0,133.0,15.9,0,0,0,0,1,1.066,0,Low Risk
PAT-1484,42,female,167.3,49.0,17.5,never,moderate,0,108,87,67,66.7,4.1,176.0,56.0,100.0,45.0,10.8,0,0,1,0,0,-2.953,0,Low Risk
PAT-3122,53,male,174.1,85.5,28.2,never,low,1,121,83,80,107.0,5.1,181.0,46.0,114.0,129.0,15.9,0,0,0,0,0,1.862,1,Moderate Risk
PAT-3048,48,male,186.3,64.9,18.7,never,moderate,0,99,74,58,310.0,10.8,176.0,53.0,75.0,226.0,15.0,0,0,0,0,0,9.228,2,High Risk
PAT-3566,39,male,181.6,68.3,20.7,current,moderate,0,122,62,89,71.0,4.2,169.0,43.0,99.0,128.0,15.7,0,0,0,0,0,0.008,0,Low Risk
PAT-2423,41,female,156.2,84.2,34.5,never,low,0,127,88,67,123.6,5.5,171.0,49.0,90.0,138.0,12.3,0,0,0,0,0,3.45,1,Moderate Risk
PAT-3899,57,male,169.2,83.0,29.0,never,low,0,110,67,70,107.9,5.0,243.0,46.0,182.0,107.0,14.4,0,0,0,0,0,2.242,1,Moderate Risk
PAT-2942,57,male,181.3,105.8,32.2,current,high,0,138,93,74,107.3,5.1,200.0,57.0,111.0,138.0,16.0,0,0,0,0,0,5.236,2,High Risk
PAT-2050,44,male,190.9,137.0,37.6,never,moderate,0,139,84,79,84.9,4.8,215.0,56.0,129.0,135.0,13.4,0,0,0,0,0,0.437,0,Low Risk
PAT-1264,49,female,162.4,97.3,36.9,never,moderate,0,106,71,64,100.1,4.7,192.0,47.0,113.0,132.0,13.7,0,0,0,0,0,-1.482,0,Low Risk
PAT-1822,85,male,172.4,81.1,27.3,never,moderate,0,132,93,56,94.2,5.0,161.0,40.0,109.0,56.0,13.0,0,1,0,0,0,2.233,1,Moderate Risk
PAT-2623,44,male,184.5,100.8,29.6,never,low,0,117,91,76,101.4,4.8,199.0,52.0,124.0,81.0,13.3,0,0,0,0,0,2.106,1,Moderate Risk
PAT-2903,58,female,173.2,52.5,17.5,never,moderate,0,146,76,81,140.3,5.4,175.0,56.0,104.0,53.0,11.9,0,0,0,0,0,2.552,1,Moderate Risk
PAT-1267,33,male,178.8,95.3,29.8,current,high,1,128,81,77,80.1,4.2,215.0,64.0,114.0,170.0,12.1,0,0,0,0,0,1.209,1,Moderate Risk
PAT-1950,50,male,167.2,78.8,28.2,never,moderate,0,122,78,71,105.0,4.9,195.0,45.0,144.0,109.0,15.8,0,0,0,0,0,1.766,1,Moderate Risk
PAT-2894,52,female,158.7,82.4,32.7,never,low,0,125,75,84,84.8,4.2,231.0,47.0,161.0,132.0,14.0,0,0,1,0,1,1.851,1,Moderate Risk
PAT-2909,55,female,161.3,71.5,27.5,never,moderate,0,121,80,71,110.4,5.5,182.0,35.0,145.0,57.0,12.6,0,0,1,0,0,1.246,1,Moderate Risk
PAT-4008,68,female,160.0,57.3,22.4,current,moderate,0,136,73,82,74.5,4.4,174.0,43.0,108.0,91.0,14.7,0,0,0,0,1,0.258,0,Low Risk
PAT-2045,65,male,174.6,98.8,32.4,never,moderate,0,110,71,86,126.9,5.4,202.0,32.0,144.0,113.0,16.4,0,0,0,0,0,1.739,1,Moderate Risk
PAT-1525,28,male,169.4,64.9,22.6,never,moderate,1,102,66,78,83.7,4.8,164.0,41.0,112.0,76.0,14.7,1,0,0,0,0,-0.042,0,Low Risk
PAT-1151,58,male,171.1,67.0,22.9,never,high,0,106,65,79,82.2,4.2,171.0,62.0,94.0,122.0,15.5,0,0,0,0,1,-3.748,0,Low Risk
PAT-2391,44,male,175.0,68.6,22.4,never,high,0,104,67,70,110.6,5.2,185.0,61.0,115.0,61.0,11.9,0,0,0,0,0,-1.665,0,Low Risk
PAT-3407,65,male,175.9,56.3,18.2,former,high,0,105,74,74,98.4,4.9,154.0,59.0,90.0,52.0,14.8,0,1,0,0,0,-2.596,0,Low Risk
PAT-1087,58,male,188.7,101.1,28.4,former,low,0,113,70,95,116.1,6.0,190.0,61.0,115.0,110.0,16.4,0,0,0,0,0,1.754,1,Moderate Risk
PAT-1804,47,female,161.1,45.4,17.5,never,high,1,109,69,87,86.6,4.9,139.0,50.0,92.0,45.0,13.3,0,0,1,1,0,1.769,1,Moderate Risk
PAT-2969,69,male,182.3,123.3,37.1,former,high,0,159,83,80,102.7,4.7,189.0,37.0,135.0,115.0,13.3,0,0,0,1,1,4.229,2,High Risk
PAT-2079,65,female,170.8,70.6,24.2,never,moderate,0,127,82,81,106.6,5.2,196.0,46.0,134.0,87.0,13.2,0,0,1,0,0,1.338,1,Moderate Risk
PAT-4031,44,female,154.3,46.9,19.7,never,moderate,1,123,70,59,100.2,4.9,213.0,47.0,148.0,83.0,12.0,0,0,0,1,0,2.068,1,Moderate Risk
PAT-1535,54,female,165.5,114.2,41.7,never,high,0,143,85,64,102.5,4.7,237.0,55.0,137.0,202.0,12.7,0,1,0,0,0,4.522,2,High Risk
PAT-3157,49,male,169.7,97.3,33.8,never,moderate,0,118,63,77,88.9,4.3,201.0,35.0,133.0,131.0,14.8,0,0,0,0,0,0.269,0,Low Risk
PAT-3223,50,female,161.9,46.1,17.6,former,moderate,1,111,74,72,99.1,4.7,191.0,49.0,130.0,69.0,13.8,0,0,0,0,0,0.914,0,Low Risk
PAT-2172,54,male,171.6,83.3,28.3,never,low,1,129,70,79,122.7,5.1,197.0,29.0,160.0,58.0,13.4,0,0,0,0,0,3.065,1,Moderate Risk
PAT-3623,73,male,174.8,65.4,21.4,current,moderate,0,128,80,71,96.8,5.0,141.0,37.0,80.0,122.0,17.9,0,0,1,0,0,3.469,1,Moderate Risk
PAT-1699,50,female,165.4,71.9,26.3,never,low,0,111,68,77,118.2,5.2,158.0,49.0,87.0,93.0,13.9,0,0,0,0,0,1.586,1,Moderate Risk
PAT-2882,36,male,183.0,75.4,22.5,current,moderate,0,103,72,86,65.0,4.1,149.0,48.0,88.0,99.0,16.3,0,0,1,0,0,-2.214,0,Low Risk
PAT-3639,59,male,182.7,79.8,23.9,former,high,1,134,88,72,113.6,5.4,234.0,68.0,129.0,157.0,15.1,1,0,0,0,0,4.432,2,High Risk
PAT-1065,72,male,171.2,75.3,25.7,never,low,0,113,83,77,119.5,5.2,167.0,44.0,98.0,103.0,15.1,0,0,0,0,0,1.746,1,Moderate Risk
PAT-2732,53,female,160.8,72.1,27.9,never,low,1,104,68,87,117.2,5.1,231.0,57.0,144.0,126.0,13.8,0,0,1,0,0,2.538,1,Moderate Risk
PAT-2092,63,female,157.9,60.3,24.2,never,high,0,115,69,61,92.2,5.2,170.0,51.0,92.0,96.0,13.7,0,0,0,0,0,-1.393,0,Low Risk
PAT-3939,48,male,167.8,94.6,33.6,former,moderate,1,106,63,75,90.9,4.7,225.0,42.0,148.0,186.0,13.7,0,0,0,0,0,1.328,1,Moderate Risk
PAT-2311,64,male,168.1,98.1,34.7,former,low,0,120,76,65,110.6,5.4,187.0,42.0,118.0,108.0,15.0,0,0,0,0,0,3.431,1,Moderate Risk
PAT-3554,41,female,170.7,71.4,24.5,current,low,0,124,71,82,112.9,5.4,187.0,49.0,118.0,84.0,13.2,0,0,0,0,0,3.411,1,Moderate Risk
PAT-3757,42,male,171.8,100.1,33.9,current,moderate,0,128,90,88,103.7,5.2,171.0,22.0,106.0,193.0,12.6,0,1,0,0,0,4.924,2,High Risk
PAT-2288,38,female,163.0,52.3,19.7,never,moderate,0,130,85,69,100.1,5.5,196.0,58.0,111.0,123.0,14.6,0,0,0,0,0,-0.028,0,Low Risk
PAT-3533,40,male,180.7,81.0,24.8,current,low,0,110,73,78,86.8,5.1,173.0,35.0,124.0,106.0,14.5,0,0,0,0,1,1.988,1,Moderate Risk
PAT-3399,54,female,157.8,64.7,26.0,never,low,0,120,78,83,115.6,5.5,224.0,36.0,157.0,153.0,12.6,0,0,0,0,0,2.321,1,Moderate Risk
PAT-2546,39,male,178.7,96.8,30.3,never,moderate,1,123,78,81,83.0,4.5,198.0,44.0,109.0,180.0,14.3,0,0,0,0,0,1.362,1,Moderate Risk
PAT-2237,45,male,171.3,51.4,17.5,never,high,1,106,67,62,177.4,6.5,172.0,54.0,101.0,122.0,15.8,1,0,1,0,0,5.72,2,High Risk
PAT-4132,29,female,169.1,72.1,25.2,never,moderate,0,95,59,72,93.0,4.6,152.0,69.0,48.0,177.0,12.4,0,0,0,0,0,-3.22,0,Low Risk
PAT-1955,69,male,171.3,112.7,38.4,never,moderate,1,128,81,70,141.4,5.8,224.0,54.0,145.0,111.0,14.9,0,0,0,0,0,4.0,2,High Risk
PAT-4059,47,male,166.4,48.5,17.5,never,moderate,0,106,55,74,83.2,4.4,192.0,55.0,123.0,82.0,13.3,0,0,0,0,0,-2.192,0,Low Risk
PAT-3653,67,male,177.7,67.3,21.3,former,low,1,117,87,91,125.1,5.4,219.0,43.0,148.0,161.0,16.4,0,0,1,0,1,5.048,2,High Risk
PAT-2229,84,male,183.6,83.3,24.7,never,high,0,140,82,68,80.1,4.3,170.0,60.0,99.0,61.0,17.9,0,0,0,0,0,-0.581,0,Low Risk
PAT-3144,50,female,155.9,58.3,24.0,never,high,0,94,68,77,94.9,4.5,182.0,60.0,112.0,106.0,12.7,0,0,0,0,0,-1.467,0,Low Risk
PAT-3445,57,male,182.1,143.9,43.4,current,moderate,0,148,92,68,105.2,5.3,197.0,37.0,102.0,238.0,15.2,0,0,0,0,0,5.23,2,High Risk
PAT-4071,77,male,173.9,134.0,44.3,never,moderate,0,153,73,85,122.0,5.6,217.0,42.0,158.0,148.0,15.9,0,0,0,0,0,3.561,1,Moderate Risk
PAT-1891,60,male,177.3,62.6,19.9,never,high,0,120,78,74,80.2,4.2,208.0,52.0,123.0,152.0,14.5,0,0,0,0,0,-1.014,0,Low Risk
PAT-1015,45,male,176.3,101.0,32.5,former,low,0,116,71,72,88.9,4.1,171.0,37.0,110.0,122.0,15.1,0,0,0,0,0,-1.218,0,Low Risk
PAT-1778,52,male,168.8,94.6,33.2,former,moderate,0,121,93,67,89.8,4.3,235.0,42.0,167.0,121.0,14.1,0,1,1,0,0,2.255,1,Moderate Risk
PAT-1210,61,male,180.7,92.1,28.2,current,low,1,131,78,88,92.8,4.6,193.0,58.0,117.0,126.0,15.6,0,0,0,0,1,4.095,2,High Risk
PAT-2203,61,male,175.8,68.9,22.3,current,high,1,121,73,91,90.7,4.6,196.0,54.0,121.0,83.0,15.7,0,0,1,0,0,1.858,1,Moderate Risk
PAT-1181,41,female,155.6,102.2,42.2,never,high,1,140,86,83,131.6,6.1,227.0,40.0,142.0,229.0,14.1,0,0,1,0,0,5.489,2,High Risk
PAT-3478,34,male,176.8,111.0,35.5,former,moderate,0,127,79,76,107.8,5.6,231.0,54.0,141.0,187.0,14.9,1,0,0,1,0,3.875,2,High Risk
PAT-1431,24,male,173.4,64.3,21.4,former,low,0,102,55,73,72.5,4.2,123.0,26.0,76.0,94.0,14.3,0,0,0,0,0,-2.286,0,Low Risk
PAT-2224,50,male,173.0,86.5,28.9,current,moderate,0,133,87,78,149.9,6.1,211.0,49.0,141.0,99.0,15.5,0,0,0,0,0,5.043,2,High Risk
PAT-3247,34,male,181.1,62.0,18.9,never,low,0,121,62,76,110.5,4.9,172.0,36.0,117.0,111.0,16.4,0,0,0,0,0,1.424,1,Moderate Risk
PAT-2786,49,female,160.5,59.0,22.9,never,low,1,106,78,59,111.1,4.8,160.0,59.0,90.0,79.0,14.2,0,0,1,0,0,1.929,1,Moderate Risk
PAT-3572,49,male,171.6,75.7,25.7,never,moderate,1,125,76,72,108.5,4.9,215.0,53.0,137.0,141.0,15.6,1,0,0,0,0,2.205,1,Moderate Risk
PAT-1576,56,male,179.5,148.2,46.0,never,high,1,131,85,84,101.6,5.0,155.0,38.0,100.0,122.0,15.7,0,0,0,0,0,3.412,1,Moderate Risk
PAT-1589,41,female,168.9,61.9,21.7,never,low,1,120,80,71,111.4,5.6,195.0,56.0,122.0,107.0,14.1,0,0,0,0,0,0.92,0,Low Risk
PAT-2900,63,male,177.1,79.4,25.3,former,moderate,0,120,76,79,97.3,5.1,205.0,36.0,138.0,154.0,13.8,0,0,0,1,0,3.53,1,Moderate Risk
PAT-3694,58,male,175.0,53.6,17.5,never,low,0,100,64,67,98.3,4.7,140.0,41.0,88.0,47.0,15.7,0,0,0,0,0,-0.849,0,Low Risk
PAT-1227,38,male,165.2,71.5,26.2,never,low,0,118,76,68,104.8,5.0,194.0,48.0,140.0,67.0,14.6,0,0,1,0,0,2.185,1,Moderate Risk
PAT-3761,42,male,165.1,74.4,27.3,never,low,0,122,77,84,73.1,4.6,211.0,56.0,136.0,109.0,15.7,0,0,0,0,0,-0.226,0,Low Risk
PAT-1540,65,female,167.7,85.2,30.3,never,moderate,0,120,83,62,97.1,4.9,157.0,38.0,88.0,117.0,13.1,0,1,0,0,0,2.966,1,Moderate Risk
PAT-1155,43,male,177.5,102.7,32.6,never,moderate,1,123,79,71,106.5,5.2,185.0,40.0,130.0,93.0,15.5,1,0,0,0,0,4.203,2,High Risk
PAT-4006,60,female,163.8,100.3,37.4,never,moderate,1,131,76,61,104.2,5.0,262.0,46.0,168.0,188.0,13.1,0,1,0,0,0,5.571,2,High Risk
PAT-2014,77,female,158.8,70.4,27.9,never,moderate,0,150,87,70,118.0,6.0,306.0,68.0,212.0,170.0,11.6,1,0,0,0,0,4.137,2,High Risk
PAT-3815,64,male,165.9,72.9,26.5,former,moderate,0,120,79,86,118.4,5.1,249.0,48.0,171.0,130.0,15.4,0,0,0,0,0,3.684,2,High Risk
PAT-2584,59,male,171.4,110.2,37.5,never,moderate,1,116,79,86,132.1,6.2,291.0,44.0,206.0,196.0,15.5,0,0,0,0,0,6.007,2,High Risk
PAT-4130,52,male,173.6,73.8,24.5,never,low,1,122,71,75,110.0,5.1,145.0,46.0,82.0,102.0,15.5,0,0,0,0,0,1.306,1,Moderate Risk
PAT-3356,48,male,171.7,105.5,35.8,former,moderate,0,131,87,84,102.7,5.1,175.0,35.0,123.0,57.0,16.5,0,0,0,0,0,3.513,1,Moderate Risk
PAT-1195,58,female,166.2,93.1,33.7,never,high,0,133,94,59,123.1,5.1,184.0,57.0,86.0,158.0,13.0,0,0,0,0,0,2.326,1,Moderate Risk
PAT-3485,65,male,184.7,133.0,39.0,never,moderate,1,124,86,80,106.0,5.4,186.0,48.0,123.0,127.0,15.0,0,0,0,0,0,2.257,1,Moderate Risk
PAT-2304,61,female,170.9,80.6,27.6,never,moderate,0,130,80,84,249.8,9.0,223.0,45.0,143.0,184.0,12.9,1,0,0,0,0,11.325,2,High Risk
PAT-2455,28,male,174.3,119.4,39.3,never,high,0,116,83,68,95.2,4.6,181.0,54.0,109.0,132.0,15.0,0,0,0,0,0,-0.254,0,Low Risk
PAT-1178,49,male,179.2,92.5,28.8,former,moderate,1,128,73,83,92.0,4.8,170.0,39.0,114.0,136.0,17.2,0,0,1,0,0,1.624,1,Moderate Risk
PAT-1649,63,female,163.6,64.2,24.0,never,high,0,120,79,92,165.8,6.3,126.0,56.0,62.0,62.0,13.2,0,1,0,0,0,3.001,1,Moderate Risk
PAT-1624,75,male,169.5,73.3,25.5,former,moderate,0,127,77,72,109.7,5.0,275.0,54.0,192.0,87.0,15.7,0,0,0,0,0,4.184,2,High Risk
PAT-3768,46,female,170.1,64.8,22.4,never,low,1,103,71,69,113.6,5.4,185.0,42.0,120.0,98.0,12.4,0,0,0,0,0,2.769,1,Moderate Risk
PAT-3487,52,female,156.5,52.7,21.5,never,low,0,115,63,81,100.0,5.0,201.0,50.0,131.0,111.0,10.9,0,0,0,0,0,0.643,0,Low Risk
PAT-3893,56,male,170.6,96.3,33.1,current,high,0,120,81,90,108.9,5.7,206.0,50.0,120.0,176.0,14.2,0,0,1,0,0,3.631,1,Moderate Risk
PAT-3296,59,male,175.2,93.9,30.6,never,high,0,135,92,67,100.0,5.1,217.0,53.0,137.0,143.0,16.7,0,0,0,0,0,1.336,1,Moderate Risk
PAT-1211,69,female,158.1,53.5,21.4,former,low,0,115,63,74,108.2,5.4,198.0,46.0,134.0,109.0,13.4,0,0,1,0,0,2.093,1,Moderate Risk
PAT-3466,42,female,154.4,67.0,28.1,never,moderate,0,109,68,62,106.4,5.6,149.0,37.0,103.0,92.0,13.4,0,0,0,0,0,-0.421,0,Low Risk
PAT-3552,79,male,170.7,60.3,20.7,never,moderate,0,115,70,63,96.1,5.2,186.0,47.0,96.0,153.0,16.2,0,0,0,0,0,-0.168,0,Low Risk
PAT-3176,30,male,167.6,49.2,17.5,never,moderate,0,98,67,69,74.3,4.5,173.0,46.0,114.0,45.0,14.7,0,0,0,0,0,-3.812,0,Low Risk
PAT-1943,52,female,175.3,119.5,38.9,never,low,0,120,77,68,111.2,5.4,231.0,51.0,147.0,164.0,11.3,0,0,0,0,0,3.207,1,Moderate Risk
PAT-2759,71,male,188.1,97.7,27.6,never,low,0,115,70,71,112.5,4.7,178.0,46.0,110.0,110.0,14.5,0,0,0,0,0,0.745,0,Low Risk
PAT-3199,60,male,176.0,71.2,23.0,former,low,0,117,77,72,111.6,5.1,248.0,44.0,172.0,177.0,16.3,0,1,0,0,0,4.104,2,High Risk
PAT-3687,32,male,174.8,65.1,21.3,former,high,0,131,83,69,110.6,5.1,142.0,51.0,73.0,124.0,15.7,0,0,0,0,0,-0.675,0,Low Risk
PAT-1192,56,female,172.2,79.2,26.7,never,low,1,114,77,76,96.5,4.8,226.0,50.0,154.0,120.0,14.3,0,0,0,0,0,3.172,1,Moderate Risk
PAT-3547,45,male,175.4,53.8,17.5,never,low,0,104,62,72,101.2,4.9,146.0,54.0,87.0,61.0,15.1,0,0,0,0,0,-0.312,0,Low Risk
PAT-2569,46,male,168.6,87.3,30.7,current,low,1,121,76,89,112.3,5.4,181.0,42.0,118.0,91.0,15.2,0,0,0,0,0,4.368,2,High Risk
PAT-1159,62,male,169.1,50.0,17.5,former,high,0,122,72,82,109.1,5.4,232.0,61.0,161.0,100.0,14.2,0,0,0,0,1,0.803,0,Low Risk
PAT-3549,82,female,162.2,73.4,27.9,never,high,0,125,66,79,146.2,6.1,235.0,56.0,162.0,101.0,14.0,1,0,1,0,0,6.827,2,High Risk
PAT-2534,46,male,178.4,74.5,23.4,former,moderate,0,90,61,85,75.0,4.1,133.0,43.0,67.0,86.0,12.4,0,1,0,0,0,-2.284,0,Low Risk
PAT-1997,62,female,167.8,72.4,25.7,never,low,1,123,72,71,107.1,5.0,190.0,42.0,127.0,129.0,11.4,0,0,0,0,0,4.294,2,High Risk
PAT-1103,42,male,174.1,98.2,32.4,never,low,1,117,69,74,103.1,4.7,185.0,22.0,128.0,184.0,14.2,1,1,1,0,0,7.244,2,High Risk
PAT-2411,61,male,180.4,72.6,22.3,never,high,0,131,86,74,103.5,5.0,162.0,57.0,102.0,56.0,17.6,0,0,1,0,0,0.964,0,Low Risk
PAT-2702,62,male,175.9,117.0,37.8,never,low,0,137,84,86,128.6,5.7,211.0,47.0,128.0,135.0,14.1,0,0,0,0,0,3.943,2,High Risk
PAT-1749,33,female,170.6,60.8,20.9,never,low,1,90,64,79,104.3,5.0,211.0,63.0,130.0,101.0,14.6,0,0,0,0,1,-0.293,0,Low Risk
PAT-1473,72,female,167.9,99.5,35.3,current,moderate,0,126,85,78,110.9,5.5,172.0,45.0,115.0,107.0,13.6,0,0,0,0,0,3.3,1,Moderate Risk
PAT-1874,53,male,174.5,63.6,20.9,former,moderate,1,123,71,59,81.7,4.1,271.0,55.0,180.0,174.0,16.4,0,0,0,0,0,3.385,1,Moderate Risk
PAT-3357,55,male,170.4,72.9,25.1,never,low,0,109,69,70,109.5,5.4,177.0,40.0,136.0,45.0,15.3,0,0,0,0,0,0.079,0,Low Risk
PAT-1709,77,female,158.9,70.4,27.9,never,low,0,134,78,76,142.9,6.0,241.0,54.0,156.0,148.0,13.4,0,0,0,0,0,5.324,2,High Risk
PAT-3321,64,male,166.2,54.7,19.8,never,moderate,0,129,80,63,100.7,4.9,149.0,58.0,72.0,71.0,14.9,0,0,0,0,0,-1.388,0,Low Risk
PAT-2127,42,male,170.0,77.2,26.7,never,high,0,115,67,83,95.9,4.7,151.0,45.0,84.0,116.0,14.0,0,0,0,0,0,-2.017,0,Low Risk
PAT-1747,42,female,164.4,47.3,17.5,never,moderate,0,120,81,84,75.2,4.5,185.0,46.0,119.0,85.0,13.8,0,0,0,0,0,-1.883,0,Low Risk
PAT-4140,65,female,154.8,71.9,30.0,former,high,0,127,81,76,100.9,4.7,195.0,48.0,110.0,181.0,12.1,0,0,0,0,0,1.82,1,Moderate Risk
PAT-3220,48,male,160.5,87.8,34.1,never,high,0,123,85,69,109.3,4.9,186.0,57.0,104.0,85.0,15.5,0,0,0,0,0,-0.092,0,Low Risk
PAT-2332,50,male,167.1,48.9,17.5,never,low,1,90,70,60,93.8,5.0,152.0,45.0,97.0,45.0,14.2,0,1,0,1,0,1.428,1,Moderate Risk
PAT-3289,73,male,180.0,124.4,38.4,never,moderate,1,130,81,80,106.8,5.5,210.0,45.0,129.0,203.0,15.8,1,0,0,0,0,5.95,2,High Risk
PAT-3113,39,male,168.0,57.3,20.3,current,moderate,0,103,61,66,93.0,4.9,136.0,36.0,96.0,64.0,16.4,0,0,1,0,0,-1.112,0,Low Risk
PAT-2962,60,female,155.0,54.8,22.8,former,moderate,1,129,75,68,92.0,4.3,237.0,42.0,163.0,155.0,14.4,0,0,1,0,0,4.485,2,High Risk
PAT-3555,60,male,183.4,92.5,27.5,current,low,1,128,79,88,121.0,5.5,161.0,31.0,96.0,130.0,18.0,0,0,0,0,0,4.214,2,High Risk
PAT-3755,47,female,163.0,60.6,22.8,never,high,1,108,79,78,116.2,4.9,183.0,60.0,91.0,122.0,13.3,0,0,1,0,0,-0.57,0,Low Risk
PAT-1203,68,female,171.3,96.2,32.8,never,low,1,139,82,88,131.3,5.9,176.0,47.0,101.0,132.0,12.5,0,0,1,0,0,6.634,2,High Risk
PAT-2202,55,female,158.5,71.1,28.3,never,moderate,0,128,79,56,101.6,4.3,169.0,63.0,78.0,78.0,14.6,1,0,0,0,0,0.859,0,Low Risk
PAT-1962,56,female,156.3,51.5,21.1,never,low,0,123,77,86,84.8,4.9,202.0,43.0,142.0,108.0,15.4,1,0,1,0,0,2.733,1,Moderate Risk
PAT-2844,55,male,165.3,70.5,25.8,never,low,0,124,78,76,171.8,6.5,203.0,47.0,125.0,149.0,15.8,0,0,0,0,0,6.096,2,High Risk
PAT-3759,62,male,172.0,53.8,18.2,never,low,1,101,60,82,96.8,4.9,237.0,61.0,145.0,156.0,14.1,1,0,1,0,0,2.932,1,Moderate Risk
PAT-3295,60,male,179.0,115.0,35.9,former,moderate,0,126,75,84,131.1,5.9,173.0,45.0,93.0,200.0,15.9,0,0,0,0,0,2.704,1,Moderate Risk
PAT-3067,51,female,166.2,111.6,40.4,never,high,0,145,97,76,130.8,5.7,205.0,44.0,138.0,125.0,15.3,0,0,0,0,0,3.253,1,Moderate Risk
PAT-3366,45,male,172.3,104.2,35.1,never,high,0,119,80,63,97.4,4.8,215.0,41.0,125.0,160.0,16.2,0,0,0,0,0,1.14,0,Low Risk
PAT-2339,55,female,154.9,52.1,21.7,current,moderate,1,128,75,80,96.8,4.7,221.0,47.0,136.0,147.0,13.6,0,0,1,0,0,2.744,1,Moderate Risk
PAT-3258,22,female,167.0,53.5,19.2,never,moderate,1,96,64,72,85.2,4.7,206.0,48.0,133.0,115.0,12.6,0,0,0,0,0,-2.202,0,Low Risk
PAT-1051,48,male,175.4,113.8,37.0,never,low,0,134,85,81,289.9,9.8,201.0,38.0,142.0,136.0,14.2,0,0,1,0,0,11.266,2,High Risk
PAT-1526,30,male,185.3,103.4,30.1,never,high,0,113,80,55,66.4,4.1,159.0,50.0,82.0,103.0,15.8,0,0,0,0,0,-3.944,0,Low Risk
PAT-3158,71,male,195.8,112.7,29.4,never,high,0,121,86,68,124.4,5.5,166.0,55.0,84.0,161.0,15.2,0,0,0,0,0,3.657,2,High Risk
PAT-1906,34,male,178.6,127.9,40.1,former,moderate,1,124,71,72,115.6,5.6,156.0,26.0,115.0,115.0,15.8,0,1,0,0,0,3.43,1,Moderate Risk
PAT-1352,65,male,182.1,145.2,43.8,never,moderate,0,132,88,73,125.9,5.4,195.0,51.0,113.0,142.0,15.5,0,0,0,0,0,4.558,2,High Risk
PAT-1430,36,male,176.4,95.2,30.6,former,moderate,1,109,72,86,81.7,4.3,212.0,34.0,143.0,156.0,17.7,1,0,0,0,0,4.013,2,High Risk
PAT-1620,42,male,180.8,80.4,24.6,never,low,0,106,73,77,181.5,6.5,214.0,49.0,139.0,125.0,15.2,0,0,0,0,0,4.882,2,High Risk
PAT-1926,45,male,170.0,91.3,31.6,never,low,0,135,81,68,100.9,5.4,177.0,56.0,92.0,124.0,16.3,0,0,0,0,0,0.775,0,Low Risk
PAT-3960,41,male,177.5,89.5,28.4,never,high,0,128,82,62,76.4,4.4,208.0,51.0,127.0,121.0,15.8,0,0,0,0,0,-0.312,0,Low Risk
PAT-2094,63,male,179.1,138.3,43.1,former,high,0,141,85,88,124.4,5.9,231.0,42.0,147.0,191.0,17.3,0,1,0,0,0,5.781,2,High Risk
PAT-2182,66,female,160.6,74.0,28.7,current,low,1,126,82,91,113.4,5.4,243.0,54.0,152.0,134.0,15.1,0,0,0,0,0,5.436,2,High Risk
PAT-2198,56,male,183.5,80.1,23.8,former,moderate,0,120,71,60,99.7,4.5,218.0,49.0,137.0,121.0,16.9,0,0,1,0,0,0.947,0,Low Risk
PAT-3740,59,female,171.8,56.1,19.0,never,moderate,0,108,68,65,86.1,4.9,213.0,59.0,132.0,122.0,14.3,0,0,1,0,0,-0.786,0,Low Risk
PAT-2647,67,male,172.1,55.7,18.8,current,high,0,135,94,70,90.4,4.7,212.0,51.0,131.0,152.0,15.1,1,0,0,0,1,4.184,2,High Risk
PAT-3021,57,male,179.6,61.9,19.2,never,moderate,0,110,66,74,93.2,4.1,160.0,52.0,84.0,121.0,13.7,0,0,1,0,0,-0.275,0,Low Risk
PAT-1743,53,male,176.9,85.1,27.2,former,moderate,1,108,67,70,107.7,5.4,251.0,49.0,178.0,156.0,14.6,0,0,0,0,0,2.286,1,Moderate Risk
PAT-3886,46,male,194.1,124.0,32.9,never,moderate,0,118,82,67,100.9,5.0,209.0,42.0,146.0,128.0,14.9,0,0,0,0,0,2.139,1,Moderate Risk
PAT-3594,65,male,169.7,107.4,37.3,never,low,0,127,70,77,127.1,4.9,245.0,37.0,154.0,165.0,14.7,0,0,1,0,0,3.268,1,Moderate Risk
PAT-3598,70,female,162.8,79.2,29.9,never,moderate,1,143,75,79,87.4,4.6,181.0,55.0,101.0,97.0,14.0,0,0,0,0,1,0.203,0,Low Risk
PAT-2799,53,female,153.9,63.0,26.6,never,high,0,129,67,72,83.9,4.2,235.0,70.0,141.0,66.0,12.9,0,0,1,0,0,0.123,0,Low Risk
PAT-1476,61,female,161.7,54.4,20.8,current,low,0,132,83,71,113.0,5.7,135.0,36.0,84.0,66.0,15.1,0,0,0,0,0,2.507,1,Moderate Risk
PAT-1270,73,female,152.7,81.1,34.8,former,high,0,133,93,70,229.6,8.5,195.0,41.0,110.0,194.0,13.4,0,0,0,0,0,8.502,2,High Risk
PAT-2263,40,female,169.7,67.4,23.4,never,low,1,103,72,68,88.6,4.6,182.0,28.0,134.0,123.0,14.2,0,0,1,0,0,1.02,0,Low Risk
PAT-4104,43,male,178.7,119.4,37.4,never,moderate,0,106,63,71,103.4,5.2,186.0,31.0,123.0,178.0,14.4,0,0,0,0,0,1.285,1,Moderate Risk
PAT-3436,51,female,172.3,86.1,29.0,former,high,0,135,76,76,89.0,4.8,179.0,52.0,112.0,73.0,13.0,0,1,0,0,0,1.828,1,Moderate Risk
PAT-2257,59,male,184.1,66.8,19.7,never,low,1,114,67,64,107.8,4.9,193.0,55.0,104.0,156.0,15.4,0,0,1,0,0,3.261,1,Moderate Risk
PAT-1372,73,female,163.1,54.8,20.6,never,low,1,111,78,78,105.6,4.6,174.0,50.0,117.0,45.0,15.0,0,0,0,0,0,0.625,0,Low Risk
PAT-1605,79,male,175.9,87.9,28.4,current,low,0,149,85,93,143.1,5.3,226.0,56.0,131.0,166.0,16.9,1,1,1,0,0,9.456,2,High Risk
PAT-3788,47,male,166.4,77.5,28.0,former,moderate,0,111,73,64,103.7,4.9,190.0,31.0,126.0,175.0,15.6,0,0,0,0,0,1.663,1,Moderate Risk
PAT-2028,62,male,169.0,82.0,28.7,never,moderate,0,142,99,67,111.4,5.1,171.0,43.0,97.0,151.0,14.1,0,1,0,0,0,3.54,1,Moderate Risk
PAT-3085,36,male,171.2,91.7,31.3,never,moderate,0,116,87,82,110.4,4.5,178.0,49.0,89.0,202.0,15.1,0,0,0,0,0,2.116,1,Moderate Risk
PAT-3860,46,male,176.1,59.2,19.1,former,low,0,123,63,74,85.6,4.4,150.0,59.0,73.0,139.0,14.1,0,0,0,0,0,-0.975,0,Low Risk
PAT-1638,35,female,160.4,69.7,27.1,never,moderate,0,135,85,81,76.9,4.7,207.0,58.0,124.0,101.0,14.5,1,0,1,0,0,1.978,1,Moderate Risk
PAT-2426,82,male,176.2,118.6,38.2,never,moderate,0,152,88,85,109.9,5.6,222.0,47.0,162.0,124.0,14.7,0,0,0,0,0,4.785,2,High Risk
PAT-1959,59,male,181.4,102.0,31.0,former,moderate,1,127,79,80,110.2,5.2,206.0,48.0,114.0,150.0,16.3,1,0,0,0,0,5.678,2,High Risk
PAT-3451,41,male,181.1,77.4,23.6,never,moderate,0,105,64,81,101.7,5.1,158.0,56.0,83.0,76.0,15.1,0,0,1,0,0,-0.036,0,Low Risk
PAT-1739,67,male,169.0,66.8,23.4,current,low,1,120,65,86,161.7,6.4,168.0,40.0,86.0,190.0,14.7,1,0,0,0,0,9.764,2,High Risk
PAT-2204,54,female,178.0,123.3,38.9,never,moderate,1,134,92,79,107.6,4.6,170.0,43.0,104.0,160.0,13.2,0,0,0,0,0,1.879,1,Moderate Risk
PAT-1213,62,male,178.8,74.2,23.2,former,low,0,125,82,75,100.4,5.1,200.0,42.0,128.0,131.0,13.0,1,1,0,0,0,6.155,2,High Risk
PAT-1607,36,female,176.0,97.9,31.6,current,low,1,115,76,83,116.0,5.0,224.0,39.0,141.0,207.0,13.6,0,0,0,0,1,4.496,2,High Risk
PAT-3565,47,female,165.0,50.9,18.7,never,high,0,102,71,74,65.0,4.3,176.0,56.0,94.0,86.0,12.6,0,0,0,0,0,-2.503,0,Low Risk
PAT-3130,59,female,171.7,103.5,35.1,former,moderate,0,111,75,64,95.3,4.2,192.0,43.0,120.0,149.0,13.6,1,0,0,0,0,2.556,1,Moderate Risk
PAT-2158,67,female,168.5,98.8,34.8,never,low,0,122,88,71,101.6,5.6,188.0,43.0,138.0,72.0,13.9,0,0,0,0,0,3.478,1,Moderate Risk
PAT-1353,51,male,172.5,63.7,21.4,never,moderate,1,100,62,80,71.9,4.6,162.0,45.0,86.0,148.0,15.4,0,0,0,0,0,0.411,0,Low Risk
PAT-2745,56,female,164.5,73.6,27.2,never,low,1,130,84,80,134.1,5.9,234.0,50.0,143.0,196.0,14.9,0,0,0,1,0,5.876,2,High Risk
PAT-1229,63,male,181.8,115.7,35.0,former,low,0,128,77,88,112.7,4.9,212.0,40.0,155.0,107.0,14.9,0,0,0,0,0,3.48,1,Moderate Risk
PAT-1870,51,female,164.2,55.8,20.7,never,low,0,141,76,75,103.0,5.2,178.0,46.0,120.0,49.0,13.1,0,0,1,0,0,2.12,1,Moderate Risk
PAT-2274,70,male,180.1,58.7,18.1,never,low,0,116,77,80,93.7,5.0,222.0,59.0,145.0,110.0,15.5,0,0,1,0,0,1.925,1,Moderate Risk
PAT-4175,42,female,155.1,59.4,24.7,current,moderate,1,111,76,73,80.2,4.4,184.0,44.0,111.0,116.0,13.9,0,0,0,0,1,2.01,1,Moderate Risk
PAT-1348,43,male,177.3,139.9,44.5,former,low,1,129,85,85,103.5,4.8,180.0,34.0,122.0,137.0,13.9,0,0,0,0,0,3.494,1,Moderate Risk
PAT-1544,22,male,185.9,108.9,31.5,never,low,0,122,88,83,127.8,5.3,189.0,40.0,120.0,160.0,17.7,0,1,0,0,1,4.861,2,High Risk
PAT-2869,47,female,168.5,89.7,31.6,never,moderate,1,114,83,65,114.7,4.5,220.0,48.0,137.0,162.0,12.1,0,0,0,0,0,1.947,1,Moderate Risk
PAT-2492,45,female,169.9,69.0,23.9,current,moderate,0,112,74,71,99.0,4.8,184.0,50.0,106.0,131.0,12.9,0,0,0,0,1,1.228,1,Moderate Risk
PAT-3302,48,male,190.8,112.5,30.9,never,high,0,114,75,80,83.4,4.4,196.0,43.0,137.0,104.0,12.4,0,0,0,0,0,0.588,0,Low Risk
PAT-2142,51,female,165.9,69.6,25.3,never,high,0,96,69,90,102.1,5.1,173.0,54.0,104.0,87.0,14.5,1,0,0,0,0,0.935,0,Low Risk
PAT-3744,22,male,170.7,56.5,19.4,former,moderate,0,99,61,73,88.5,4.7,138.0,47.0,71.0,79.0,16.3,0,0,0,0,0,-1.568,0,Low Risk
PAT-3056,46,female,174.0,69.3,22.9,never,moderate,1,101,60,77,91.5,4.8,195.0,54.0,124.0,99.0,14.3,0,0,1,0,0,0.356,0,Low Risk
PAT-2447,61,female,155.5,89.2,36.9,never,low,1,134,87,83,84.2,4.5,188.0,46.0,110.0,110.0,15.0,0,1,1,0,0,3.368,1,Moderate Risk
PAT-2223,59,female,155.2,87.7,36.4,never,moderate,0,128,79,84,126.7,5.9,202.0,44.0,111.0,189.0,13.2,0,0,0,0,0,2.995,1,Moderate Risk
PAT-1052,44,female,166.2,54.4,19.7,never,moderate,0,115,72,55,86.1,5.0,119.0,28.0,84.0,71.0,14.1,0,0,0,0,0,-2.287,0,Low Risk
PAT-2365,51,male,184.7,59.7,17.5,never,high,1,117,61,94,83.1,4.7,180.0,59.0,110.0,106.0,15.8,0,0,0,0,0,1.066,0,Low Risk
PAT-3616,43,male,177.1,55.2,17.6,never,moderate,1,92,72,60,110.6,4.9,201.0,44.0,142.0,64.0,15.6,0,0,0,0,0,0.747,0,Low Risk
PAT-3713,33,male,172.3,79.9,26.9,former,low,1,111,65,75,123.3,5.4,127.0,34.0,73.0,132.0,12.4,0,0,0,0,0,2.653,1,Moderate Risk
PAT-3718,45,female,168.9,109.5,38.4,never,low,0,112,72,71,124.2,5.3,185.0,47.0,112.0,133.0,11.5,0,0,0,0,0,2.57,1,Moderate Risk
PAT-1441,53,female,167.5,67.6,24.1,never,high,0,116,76,48,96.7,4.6,146.0,51.0,71.0,144.0,13.5,1,0,0,0,0,1.351,1,Moderate Risk
PAT-2822,50,female,160.5,67.7,26.3,former,low,0,123,81,69,104.6,5.0,243.0,57.0,153.0,161.0,13.4,0,0,0,0,0,2.141,1,Moderate Risk
PAT-1189,32,male,173.3,69.1,23.0,never,low,0,106,69,73,103.9,5.6,160.0,45.0,102.0,91.0,14.4,0,0,0,0,1,1.939,1,Moderate Risk
PAT-3153,56,female,165.5,67.4,24.6,never,low,0,107,82,56,82.9,4.4,182.0,49.0,100.0,153.0,14.1,0,0,0,0,0,-0.038,0,Low Risk
PAT-3612,50,male,176.4,54.5,17.5,former,moderate,1,104,73,63,85.4,4.7,213.0,56.0,143.0,95.0,14.2,1,0,0,0,0,0.89,0,Low Risk
PAT-1025,55,female,174.1,95.5,31.5,never,low,0,126,67,82,112.9,5.1,207.0,45.0,135.0,108.0,12.2,0,0,1,0,0,5.554,2,High Risk
PAT-1910,49,female,152.9,55.2,23.6,former,moderate,0,129,71,77,65.0,4.3,184.0,52.0,119.0,65.0,13.1,0,0,1,0,0,-1.882,0,Low Risk
PAT-1656,53,female,160.1,78.9,30.8,never,moderate,1,139,85,76,108.0,4.7,161.0,43.0,86.0,150.0,13.1,0,0,0,0,1,2.379,1,Moderate Risk
PAT-2780,33,female,171.3,113.0,38.5,never,low,1,114,92,68,116.7,5.4,198.0,43.0,116.0,191.0,12.5,0,0,0,0,0,5.063,2,High Risk
PAT-1233,44,male,165.5,59.2,21.6,never,low,0,114,80,77,107.1,5.4,150.0,43.0,111.0,45.0,17.2,0,0,1,0,0,3.0,1,Moderate Risk
PAT-2552,41,male,177.3,83.6,26.6,never,moderate,0,112,73,57,86.2,4.9,195.0,49.0,120.0,124.0,13.4,0,0,0,0,0,-1.828,0,Low Risk
PAT-3548,67,female,182.7,73.8,22.1,never,moderate,0,106,67,58,101.0,4.8,184.0,54.0,103.0,109.0,13.4,0,0,0,0,0,-0.32,0,Low Risk
PAT-2986,63,female,153.9,52.6,22.2,never,low,1,116,76,64,90.0,4.6,221.0,58.0,156.0,93.0,14.4,0,0,1,0,0,1.096,0,Low Risk
PAT-2536,60,male,183.4,118.7,35.3,current,low,0,133,83,80,95.9,4.5,182.0,36.0,119.0,151.0,16.0,0,0,1,0,1,4.012,2,High Risk
PAT-2168,61,male,177.3,55.0,17.5,never,moderate,1,127,82,66,65.9,4.1,211.0,56.0,133.0,76.0,15.5,0,0,0,0,0,-0.329,0,Low Risk
PAT-2213,66,male,168.5,117.0,41.2,former,moderate,0,148,87,88,111.8,5.0,211.0,47.0,132.0,175.0,16.0,1,0,0,0,0,4.901,2,High Risk
PAT-2913,60,female,159.4,62.3,24.5,current,low,0,127,63,90,96.8,4.5,173.0,53.0,111.0,92.0,15.2,0,0,0,0,0,0.923,0,Low Risk
PAT-2967,51,female,164.5,63.3,23.4,current,moderate,0,137,82,61,82.3,4.1,174.0,47.0,126.0,45.0,14.1,0,0,0,0,1,1.214,1,Moderate Risk
PAT-1554,58,female,165.5,69.0,25.2,never,moderate,0,129,83,75,132.6,5.4,137.0,32.0,88.0,94.0,16.0,0,0,0,0,0,1.115,0,Low Risk
PAT-2132,76,male,193.7,78.4,20.9,never,moderate,0,138,86,69,109.1,4.7,210.0,44.0,151.0,80.0,16.1,0,0,0,0,0,0.559,0,Low Risk
PAT-1463,56,female,163.9,94.6,35.2,never,low,0,112,79,76,110.4,5.8,184.0,46.0,129.0,62.0,15.1,0,0,0,0,0,1.484,1,Moderate Risk
PAT-2856,72,male,171.5,75.6,25.7,former,moderate,0,123,78,60,89.0,4.5,280.0,59.0,183.0,138.0,12.9,1,0,1,0,0,4.022,2,High Risk
PAT-2860,51,male,160.9,69.6,26.9,never,high,0,120,81,61,249.6,8.0,232.0,54.0,139.0,202.0,16.0,0,0,0,0,0,6.926,2,High Risk
PAT-4026,56,female,167.7,96.7,34.4,former,high,0,125,85,80,107.4,5.0,200.0,49.0,130.0,91.0,13.9,0,0,0,0,1,1.795,1,Moderate Risk
PAT-3764,57,male,173.7,74.2,24.6,never,moderate,0,114,74,77,72.8,4.5,198.0,46.0,128.0,110.0,14.7,0,0,0,0,0,-1.128,0,Low Risk
PAT-2012,82,female,167.1,83.8,30.0,never,moderate,1,119,71,75,139.8,5.5,206.0,45.0,119.0,175.0,14.1,0,0,0,0,0,4.829,2,High Risk
PAT-1682,46,female,166.4,96.4,34.8,never,moderate,0,105,78,71,113.5,5.1,228.0,57.0,148.0,130.0,12.6,0,0,0,0,0,1.355,1,Moderate Risk
PAT-3977,41,female,161.3,60.1,23.1,never,low,0,99,67,59,99.6,4.7,212.0,56.0,122.0,134.0,11.1,0,0,0,0,0,0.171,0,Low Risk
PAT-2491,85,female,158.5,89.9,35.8,never,low,0,155,90,74,136.6,6.0,214.0,51.0,126.0,216.0,13.4,0,0,1,0,0,7.835,2,High Risk
PAT-2697,44,female,158.9,57.3,22.7,current,low,0,113,71,80,96.6,5.0,131.0,54.0,57.0,110.0,13.1,0,0,0,0,0,-0.001,0,Low Risk
PAT-3696,68,female,165.9,57.8,21.0,never,high,1,120,66,75,93.9,4.5,218.0,61.0,133.0,199.0,12.5,0,0,0,0,0,2.143,1,Moderate Risk
PAT-2478,41,male,181.2,93.2,28.4,never,low,0,104,64,69,103.0,4.6,219.0,41.0,138.0,187.0,16.4,0,0,0,0,0,1.945,1,Moderate Risk
PAT-2891,53,male,171.5,74.4,25.3,former,moderate,1,123,83,68,124.1,5.3,157.0,35.0,92.0,126.0,15.0,0,1,0,0,1,4.141,2,High Risk
PAT-2529,37,male,171.6,75.4,25.6,never,low,0,108,72,80,112.9,5.6,184.0,48.0,122.0,92.0,15.7,0,1,0,0,0,1.881,1,Moderate Risk
PAT-2881,76,male,168.6,84.1,29.6,never,low,0,129,77,68,96.3,5.5,155.0,46.0,106.0,45.0,15.4,0,0,0,0,0,2.627,1,Moderate Risk
PAT-1436,76,male,170.6,109.1,37.5,former,low,0,142,87,89,117.9,5.5,219.0,36.0,157.0,135.0,17.4,0,0,1,0,0,7.226,2,High Risk
PAT-2522,50,female,172.7,107.7,36.1,never,moderate,0,110,74,62,108.9,4.9,225.0,42.0,161.0,81.0,15.1,0,0,0,0,0,1.832,1,Moderate Risk
PAT-3747,37,male,168.3,84.4,29.8,current,low,1,131,80,76,85.2,4.8,172.0,48.0,96.0,119.0,13.7,0,0,0,0,0,2.38,1,Moderate Risk
PAT-2034,46,male,182.3,58.2,17.5,former,low,0,113,64,67,109.8,4.8,187.0,45.0,117.0,110.0,13.9,0,0,1,0,0,2.384,1,Moderate Risk
PAT-3435,48,female,166.2,55.0,19.9,never,high,0,107,72,53,84.2,4.1,182.0,57.0,100.0,131.0,15.7,0,0,0,0,0,-1.868,0,Low Risk
PAT-1220,85,female,161.8,81.4,31.1,former,low,0,129,81,78,122.5,5.7,226.0,57.0,136.0,161.0,12.4,0,0,0,0,0,4.861,2,High Risk
PAT-2663,44,female,161.4,49.5,19.0,never,high,0,103,56,72,83.3,4.1,216.0,83.0,118.0,122.0,13.4,0,0,0,0,0,-3.189,0,Low Risk
PAT-3844,56,female,163.4,68.1,25.5,never,low,0,136,74,81,106.0,5.1,152.0,54.0,72.0,83.0,13.1,0,0,0,0,0,0.519,0,Low Risk
PAT-1371,60,female,165.4,64.8,23.7,never,moderate,1,108,68,69,89.3,4.1,227.0,40.0,167.0,120.0,13.7,0,0,0,0,1,1.609,1,Moderate Risk
PAT-1578,32,female,157.4,70.6,28.5,current,low,0,110,81,70,116.6,5.1,176.0,42.0,110.0,128.0,12.7,0,0,0,0,1,1.884,1,Moderate Risk
PAT-2955,72,female,164.7,89.2,32.9,former,low,0,128,86,76,92.2,4.4,208.0,56.0,142.0,71.0,14.6,0,0,1,0,0,2.576,1,Moderate Risk
PAT-2867,69,female,167.8,115.4,41.0,never,low,1,138,88,78,111.8,5.2,183.0,53.0,75.0,222.0,14.9,0,0,0,0,0,3.817,2,High Risk
PAT-2139,63,male,187.9,92.9,26.3,never,moderate,0,101,64,66,121.4,5.1,213.0,38.0,149.0,144.0,16.7,0,0,0,0,0,1.927,1,Moderate Risk
PAT-3396,40,female,157.9,74.0,29.7,current,moderate,0,132,71,62,202.1,7.0,205.0,52.0,132.0,138.0,11.3,0,0,0,0,0,6.612,2,High Risk
PAT-2159,48,male,169.7,86.4,30.0,never,moderate,0,101,62,76,102.2,5.3,247.0,53.0,144.0,183.0,12.6,0,0,0,0,0,-0.516,0,Low Risk
PAT-2053,57,male,171.6,103.4,35.1,current,low,0,114,83,72,104.0,4.5,206.0,46.0,126.0,143.0,15.0,0,0,0,0,0,3.474,1,Moderate Risk
PAT-2738,66,female,157.9,51.1,20.5,never,moderate,0,113,67,62,102.2,4.6,195.0,55.0,127.0,107.0,14.1,0,0,1,0,0,-1.065,0,Low Risk
PAT-3190,31,female,166.1,81.7,29.6,never,moderate,0,119,83,71,89.9,4.7,224.0,46.0,143.0,157.0,14.3,0,0,0,0,0,0.026,0,Low Risk
PAT-3689,62,female,156.5,66.9,27.3,current,low,0,148,85,84,116.2,5.2,180.0,42.0,108.0,153.0,13.1,0,0,1,0,0,5.396,2,High Risk
PAT-1092,43,male,194.9,95.3,25.1,never,low,0,107,65,81,97.3,5.1,143.0,39.0,85.0,89.0,16.8,0,0,1,0,0,1.602,1,Moderate Risk
PAT-3789,56,female,167.5,84.2,30.0,never,high,0,136,83,61,126.3,6.2,199.0,54.0,110.0,136.0,14.8,0,0,0,0,0,2.914,1,Moderate Risk
PAT-2374,74,male,172.7,74.0,24.8,former,high,0,135,74,68,94.2,4.1,230.0,49.0,146.0,126.0,15.2,1,0,0,0,0,2.576,1,Moderate Risk
PAT-1382,23,male,177.6,63.7,20.2,never,low,0,106,70,62,195.2,6.6,204.0,47.0,144.0,120.0,15.5,0,0,1,0,0,4.098,2,High Risk
PAT-1005,50,male,188.1,77.5,21.9,never,moderate,0,108,72,88,89.4,4.9,212.0,56.0,126.0,128.0,15.5,0,0,1,0,0,0.393,0,Low Risk
PAT-3343,46,female,156.6,79.5,32.4,current,high,0,136,90,68,105.1,5.2,178.0,37.0,107.0,158.0,13.3,0,1,0,0,0,3.845,2,High Risk
PAT-1094,48,female,165.1,101.7,37.3,never,low,0,112,72,71,118.1,5.0,183.0,43.0,120.0,136.0,13.0,0,0,0,0,0,1.778,1,Moderate Risk
PAT-2890,61,male,169.7,64.2,22.3,current,moderate,0,130,67,81,87.4,4.8,170.0,42.0,100.0,88.0,13.8,0,0,0,0,0,2.335,1,Moderate Risk
PAT-2405,42,male,170.1,89.7,31.0,former,moderate,1,118,80,95,114.7,5.2,181.0,46.0,110.0,131.0,14.1,0,0,0,0,0,2.843,1,Moderate Risk
PAT-3812,77,female,160.0,71.7,28.0,current,low,0,139,81,77,132.7,5.8,204.0,43.0,146.0,116.0,12.9,0,0,0,1,0,4.914,2,High Risk
PAT-3457,56,female,161.5,52.2,20.0,current,low,0,133,82,82,102.1,5.2,175.0,22.0,122.0,172.0,14.6,0,1,0,0,0,4.767,2,High Risk
PAT-3901,47,male,181.1,124.3,37.9,never,moderate,1,118,83,80,112.3,5.2,188.0,43.0,134.0,56.0,13.0,0,0,0,0,0,2.043,1,Moderate Risk
PAT-2004,63,male,180.0,104.3,32.2,former,high,0,146,78,85,251.3,8.4,251.0,56.0,152.0,168.0,15.2,0,0,1,0,0,10.517,2,High Risk
PAT-2335,48,female,169.0,110.8,38.8,never,low,1,117,78,57,134.2,5.6,212.0,46.0,146.0,116.0,13.3,0,0,0,0,0,3.716,2,High Risk
PAT-3025,56,male,175.0,53.6,17.5,never,moderate,1,105,59,61,115.0,5.2,166.0,37.0,106.0,83.0,13.4,0,0,0,0,0,0.637,0,Low Risk
PAT-2785,33,female,166.7,86.4,31.1,never,moderate,1,127,80,66,93.0,4.1,180.0,47.0,107.0,127.0,14.0,0,0,0,1,0,1.371,1,Moderate Risk
PAT-3394,52,female,162.2,66.8,25.4,never,low,0,105,64,72,137.6,6.0,160.0,47.0,90.0,132.0,13.6,0,0,0,0,0,2.731,1,Moderate Risk
PAT-3455,74,female,152.2,70.0,30.2,never,moderate,1,139,87,85,110.5,5.0,178.0,52.0,104.0,133.0,14.4,0,0,0,0,0,2.706,1,Moderate Risk
PAT-1746,56,male,174.8,87.4,28.6,current,low,0,146,105,91,97.0,4.8,186.0,38.0,135.0,130.0,14.0,0,0,0,0,0,4.883,2,High Risk
PAT-3304,81,female,157.5,95.0,38.3,never,low,0,130,83,90,104.2,5.0,193.0,43.0,136.0,122.0,14.3,0,0,0,0,0,3.261,1,Moderate Risk
PAT-3161,56,male,178.3,89.7,28.2,never,moderate,0,109,75,78,122.0,5.4,166.0,38.0,100.0,181.0,14.8,0,0,0,0,0,2.249,1,Moderate Risk
PAT-3706,55,female,162.0,45.9,17.5,never,moderate,0,108,75,66,83.3,4.2,201.0,58.0,119.0,146.0,13.4,0,0,0,0,0,-1.982,0,Low Risk
PAT-1138,64,female,152.5,71.9,30.9,former,low,0,140,86,80,127.7,5.5,210.0,47.0,132.0,147.0,13.2,0,0,0,0,1,2.887,1,Moderate Risk
PAT-2688,57,male,170.6,90.5,31.1,never,moderate,1,118,69,82,68.1,4.5,213.0,58.0,132.0,133.0,16.5,0,0,0,0,0,0.347,0,Low Risk
PAT-1655,54,male,174.7,98.3,32.2,former,moderate,0,141,73,72,94.9,4.2,185.0,52.0,104.0,127.0,16.8,0,0,0,0,0,0.533,0,Low Risk
PAT-2417,57,female,162.1,74.6,28.4,current,moderate,0,121,78,86,126.0,5.3,207.0,48.0,124.0,180.0,14.2,0,0,0,0,0,2.358,1,Moderate Risk
PAT-1569,48,female,170.8,58.3,20.0,never,high,1,120,78,69,140.1,6.2,204.0,56.0,117.0,164.0,13.8,0,0,0,0,0,2.977,1,Moderate Risk
PAT-2746,67,male,167.7,92.2,32.8,current,moderate,0,144,86,76,110.5,4.9,145.0,30.0,96.0,92.0,16.5,0,0,0,0,1,4.851,2,High Risk
PAT-1784,61,female,161.5,54.3,20.8,former,low,0,127,74,73,210.9,7.6,212.0,54.0,117.0,184.0,12.0,0,0,0,0,0,8.466,2,High Risk
PAT-2791,55,male,170.6,69.6,23.9,never,moderate,0,128,93,69,96.5,4.3,156.0,41.0,87.0,114.0,13.0,0,0,0,0,0,0.44,0,Low Risk
PAT-3145,74,male,177.0,94.9,30.3,never,moderate,0,128,80,84,110.2,5.6,230.0,44.0,168.0,101.0,14.2,0,0,0,0,0,1.774,1,Moderate Risk
PAT-3808,66,female,171.6,86.0,29.2,current,low,1,126,89,79,108.0,5.0,221.0,40.0,155.0,125.0,15.0,0,1,0,0,0,6.543,2,High Risk
PAT-1815,32,female,169.9,92.4,32.0,never,moderate,0,112,75,72,75.9,4.3,189.0,47.0,114.0,120.0,14.9,0,0,0,0,0,-1.846,0,Low Risk
PAT-2002,54,male,188.2,76.2,21.5,current,moderate,1,119,72,73,103.2,4.5,159.0,51.0,107.0,45.0,14.9,0,0,0,0,0,2.74,1,Moderate Risk
PAT-1758,41,male,163.2,84.7,31.8,never,moderate,0,111,78,80,132.4,5.7,164.0,41.0,107.0,94.0,13.6,0,0,1,0,0,2.415,1,Moderate Risk
PAT-2298,57,male,173.8,71.0,23.5,never,low,0,123,76,72,104.7,4.9,174.0,48.0,118.0,52.0,15.7,0,0,1,0,0,0.781,0,Low Risk
PAT-3483,42,male,176.6,58.3,18.7,never,moderate,1,91,59,64,71.3,4.6,193.0,56.0,133.0,67.0,13.7,0,0,0,0,0,-1.942,0,Low Risk
PAT-4043,56,male,186.2,106.4,30.7,former,high,0,137,75,62,108.7,5.0,194.0,59.0,100.0,171.0,13.0,0,0,0,0,0,1.955,1,Moderate Risk
PAT-4109,27,female,165.9,60.3,21.9,never,low,0,104,60,81,89.9,5.2,202.0,54.0,113.0,180.0,12.1,0,0,1,0,0,0.962,0,Low Risk
PAT-2220,36,male,186.1,71.0,20.5,never,high,0,104,78,63,106.8,4.8,161.0,45.0,97.0,64.0,12.0,1,0,0,0,0,-0.234,0,Low Risk
PAT-2608,58,female,164.4,59.2,21.9,former,high,0,122,78,82,91.5,4.8,202.0,58.0,129.0,106.0,13.4,0,1,0,0,0,1.824,1,Moderate Risk
PAT-1826,75,female,154.2,77.5,32.6,never,moderate,1,128,77,64,121.7,5.5,168.0,47.0,94.0,148.0,14.9,0,0,1,0,0,3.333,1,Moderate Risk
PAT-2015,56,male,169.8,115.3,40.0,never,low,0,134,88,79,125.1,5.6,193.0,47.0,108.0,213.0,13.0,0,0,0,0,0,3.93,2,High Risk
PAT-2957,85,male,174.0,113.5,37.5,current,high,0,160,86,72,125.5,5.8,197.0,32.0,129.0,180.0,17.7,0,1,0,0,1,8.724,2,High Risk
PAT-3212,65,male,178.2,127.7,40.2,never,moderate,0,160,94,81,122.3,5.4,175.0,46.0,112.0,131.0,14.2,1,0,0,1,0,5.413,2,High Risk
PAT-2384,63,female,174.4,95.8,31.5,never,moderate,0,120,83,77,124.4,5.3,205.0,58.0,140.0,64.0,14.4,0,0,0,0,0,0.021,0,Low Risk
PAT-1121,40,female,171.1,89.9,30.7,never,moderate,1,133,77,67,95.3,4.6,199.0,48.0,132.0,153.0,12.8,0,0,0,0,0,1.042,0,Low Risk
PAT-1131,54,female,162.6,80.1,30.3,current,low,0,122,83,88,112.1,4.9,217.0,52.0,142.0,75.0,13.8,0,0,0,0,0,2.339,1,Moderate Risk
PAT-3965,49,female,161.0,94.4,36.4,never,moderate,1,119,79,79,113.3,5.3,221.0,51.0,147.0,137.0,12.9,0,0,0,0,0,4.528,2,High Risk
PAT-3022,72,male,177.5,111.2,35.3,never,low,0,126,82,90,123.1,5.8,217.0,48.0,122.0,189.0,15.8,0,1,0,0,0,5.574,2,High Risk
PAT-1945,38,female,165.8,57.5,20.9,never,low,1,108,74,68,90.8,4.6,158.0,51.0,85.0,85.0,14.3,0,0,0,0,0,-1.854,0,Low Risk
